id,manifest,num,book_name,册序
1077727,https://www.digital.archives.go.jp/api/iiif/1077727/manifest.json,301-0050,祕傳證治要訣,1
1084119,https://www.digital.archives.go.jp/api/iiif/1084119/manifest.json,303-0132,傷寒論,1
1076457,https://www.digital.archives.go.jp/api/iiif/1076457/manifest.json,304-0319,本草備要,1
1084156,https://www.digital.archives.go.jp/api/iiif/1084156/manifest.json,303-0219,上清紫庭追癆仙方,1
1084172,https://www.digital.archives.go.jp/api/iiif/1084172/manifest.json,303-0277,新刊演山省翁活幼口議,1
1076840,https://www.digital.archives.go.jp/api/iiif/1076840/manifest.json,305-0078,瑞竹堂經驗方,1
631607,https://www.digital.archives.go.jp/api/iiif/631607/manifest.json,049-0011,引痘略,1
4491906,https://www.digital.archives.go.jp/api/iiif/4491906/manifest.json,049-0011,引痘略,2
4917107,https://www.digital.archives.go.jp/api/iiif/4917107/manifest.json,303-0243,廣嗣五種備要,2
4917174,https://www.digital.archives.go.jp/api/iiif/4917174/manifest.json,303-0258,女科切要,1
4917385,https://www.digital.archives.go.jp/api/iiif/4917385/manifest.json,304-0027,推拿廣意,1
4917386,https://www.digital.archives.go.jp/api/iiif/4917386/manifest.json,304-0027,推拿廣意,2
4917516,https://www.digital.archives.go.jp/api/iiif/4917516/manifest.json,304-0111,疹科約囊,2
4918621,https://www.digital.archives.go.jp/api/iiif/4918621/manifest.json,305-0040,重刻太平惠民和劑局方,2
4916878,https://www.digital.archives.go.jp/api/iiif/4916878/manifest.json,303-0171,傷寒辨證,1
4916923,https://www.digital.archives.go.jp/api/iiif/4916923/manifest.json,303-0194,傷寒纉論,4
4917523,https://www.digital.archives.go.jp/api/iiif/4917523/manifest.json,304-0115,痘疹會通,2
4917927,https://www.digital.archives.go.jp/api/iiif/4917927/manifest.json,304-0285,紹興校定證類備急本草畫圖,2
4917929,https://www.digital.archives.go.jp/api/iiif/4917929/manifest.json,304-0285,紹興校定證類備急本草畫圖,4
4914861,https://www.digital.archives.go.jp/api/iiif/4914861/manifest.json,301-0109,新刊萬病回春,1
4914862,https://www.digital.archives.go.jp/api/iiif/4914862/manifest.json,301-0109,新刊萬病回春,2
4914863,https://www.digital.archives.go.jp/api/iiif/4914863/manifest.json,301-0109,新刊萬病回春,3
4914864,https://www.digital.archives.go.jp/api/iiif/4914864/manifest.json,301-0109,新刊萬病回春,4
4448184,https://www.digital.archives.go.jp/api/iiif/4448184/manifest.json,301-0149,簡明醫要,1
4448187,https://www.digital.archives.go.jp/api/iiif/4448187/manifest.json,301-0149,簡明醫要,2
4448189,https://www.digital.archives.go.jp/api/iiif/4448189/manifest.json,301-0149,簡明醫要,3
4428962,https://www.digital.archives.go.jp/api/iiif/4428962/manifest.json,301-0149,簡明醫要,4
4429929,https://www.digital.archives.go.jp/api/iiif/4429929/manifest.json,301-0149,簡明醫要,5
4917780,https://www.digital.archives.go.jp/api/iiif/4917780/manifest.json,304-0220,新刊醫林狀元壽世保元,5
4915515,https://www.digital.archives.go.jp/api/iiif/4915515/manifest.json,302-0093,醫學啓蒙彙編,5
4916580,https://www.digital.archives.go.jp/api/iiif/4916580/manifest.json,303-0025,增補醫方一盤珠全集,1
4916626,https://www.digital.archives.go.jp/api/iiif/4916626/manifest.json,303-0043,醫經原旨,6
4916718,https://www.digital.archives.go.jp/api/iiif/4916718/manifest.json,303-0105,脈訣彙辨,1
4916719,https://www.digital.archives.go.jp/api/iiif/4916719/manifest.json,303-0105,脈訣彙辨,2
4916722,https://www.digital.archives.go.jp/api/iiif/4916722/manifest.json,303-0105,脈訣彙辨,5
4916723,https://www.digital.archives.go.jp/api/iiif/4916723/manifest.json,303-0105,脈訣彙辨,6
4917027,https://www.digital.archives.go.jp/api/iiif/4917027/manifest.json,303-0215,尚論張仲景傷寒論重編三百九十七法,1
4917364,https://www.digital.archives.go.jp/api/iiif/4917364/manifest.json,304-0016,鼎鍥幼幼集成,2
4917539,https://www.digital.archives.go.jp/api/iiif/4917539/manifest.json,304-0119,痘證寶筏,4
4917540,https://www.digital.archives.go.jp/api/iiif/4917540/manifest.json,304-0119,痘證寶筏,5
585221,https://www.digital.archives.go.jp/api/iiif/585221/manifest.json,049-0008,痧痘集解,1
5418817,https://www.digital.archives.go.jp/api/iiif/5418817/manifest.json,304-0325,紹興校定經史證類備急本草,1
5418818,https://www.digital.archives.go.jp/api/iiif/5418818/manifest.json,304-0325,紹興校定經史證類備急本草,2
5418819,https://www.digital.archives.go.jp/api/iiif/5418819/manifest.json,304-0325,紹興校定經史證類備急本草,3
5418820,https://www.digital.archives.go.jp/api/iiif/5418820/manifest.json,304-0325,紹興校定經史證類備急本草,4
5418821,https://www.digital.archives.go.jp/api/iiif/5418821/manifest.json,304-0325,紹興校定經史證類備急本草,5
5418822,https://www.digital.archives.go.jp/api/iiif/5418822/manifest.json,304-0325,紹興校定經史證類備急本草,6
5418823,https://www.digital.archives.go.jp/api/iiif/5418823/manifest.json,304-0325,紹興校定經史證類備急本草,7
4915214,https://www.digital.archives.go.jp/api/iiif/4915214/manifest.json,302-0070,證治彙補,5
4915216,https://www.digital.archives.go.jp/api/iiif/4915216/manifest.json,302-0070,證治彙補,7
4915603,https://www.digital.archives.go.jp/api/iiif/4915603/manifest.json,302-0116,古今名醫彙粹,8
4915608,https://www.digital.archives.go.jp/api/iiif/4915608/manifest.json,302-0119,醫門法律,2
4916935,https://www.digital.archives.go.jp/api/iiif/4916935/manifest.json,303-0198,傷寒論本義,1
4916936,https://www.digital.archives.go.jp/api/iiif/4916936/manifest.json,303-0198,傷寒論本義,2
4918183,https://www.digital.archives.go.jp/api/iiif/4918183/manifest.json,304-0309,本草綱目拾遺,4
4918189,https://www.digital.archives.go.jp/api/iiif/4918189/manifest.json,304-0310,本草綱目拾遺,2
4918193,https://www.digital.archives.go.jp/api/iiif/4918193/manifest.json,304-0310,本草綱目拾遺,6
4918829,https://www.digital.archives.go.jp/api/iiif/4918829/manifest.json,305-0127,重刻增補簡便驗方,2
4918830,https://www.digital.archives.go.jp/api/iiif/4918830/manifest.json,305-0127,重刻增補簡便驗方,3
4918831,https://www.digital.archives.go.jp/api/iiif/4918831/manifest.json,305-0127,重刻增補簡便驗方,4
4918832,https://www.digital.archives.go.jp/api/iiif/4918832/manifest.json,305-0127,重刻增補簡便驗方,5
4918833,https://www.digital.archives.go.jp/api/iiif/4918833/manifest.json,305-0127,重刻增補簡便驗方,6
4915120,https://www.digital.archives.go.jp/api/iiif/4915120/manifest.json,302-0055,醫燈續焰,1
4915122,https://www.digital.archives.go.jp/api/iiif/4915122/manifest.json,302-0055,醫燈續焰,3
4915571,https://www.digital.archives.go.jp/api/iiif/4915571/manifest.json,302-0111,臨證指南醫案,5
4915576,https://www.digital.archives.go.jp/api/iiif/4915576/manifest.json,302-0111,臨證指南醫案,10
578295,https://www.digital.archives.go.jp/api/iiif/578295/manifest.json,303-0216,喩嘉言先生傷寒尚論篇全書,8
578300,https://www.digital.archives.go.jp/api/iiif/578300/manifest.json,303-0216,喩嘉言先生傷寒尚論篇全書,9
578383,https://www.digital.archives.go.jp/api/iiif/578383/manifest.json,303-0216,喩嘉言先生傷寒尚論篇全書,10
4917097,https://www.digital.archives.go.jp/api/iiif/4917097/manifest.json,303-0240,新編婦人良方補遺大全,2
4917105,https://www.digital.archives.go.jp/api/iiif/4917105/manifest.json,303-0240,新編婦人良方補遺大全,10
4917792,https://www.digital.archives.go.jp/api/iiif/4917792/manifest.json,304-0222,新刊醫林狀元壽世保元,2
4917795,https://www.digital.archives.go.jp/api/iiif/4917795/manifest.json,304-0222,新刊醫林狀元壽世保元,5
4917907,https://www.digital.archives.go.jp/api/iiif/4917907/manifest.json,304-0276,針灸大成,6
4917913,https://www.digital.archives.go.jp/api/iiif/4917913/manifest.json,304-0277,針灸大成,2
4917914,https://www.digital.archives.go.jp/api/iiif/4917914/manifest.json,304-0277,針灸大成,3
4917920,https://www.digital.archives.go.jp/api/iiif/4917920/manifest.json,304-0277,針灸大成,9
4918264,https://www.digital.archives.go.jp/api/iiif/4918264/manifest.json,304-0321,本草類方,7
4918268,https://www.digital.archives.go.jp/api/iiif/4918268/manifest.json,304-0322,本草類方,1
4918277,https://www.digital.archives.go.jp/api/iiif/4918277/manifest.json,304-0322,本草類方,10
4918802,https://www.digital.archives.go.jp/api/iiif/4918802/manifest.json,305-0107,經驗濟世良方,9
4220609,https://www.digital.archives.go.jp/api/iiif/4220609/manifest.json,300-0217,醫壘元戎,3
4220610,https://www.digital.archives.go.jp/api/iiif/4220610/manifest.json,300-0217,醫壘元戎,4
4220611,https://www.digital.archives.go.jp/api/iiif/4220611/manifest.json,300-0217,醫壘元戎,5
4220612,https://www.digital.archives.go.jp/api/iiif/4220612/manifest.json,300-0217,醫壘元戎,6
4220613,https://www.digital.archives.go.jp/api/iiif/4220613/manifest.json,300-0217,醫壘元戎,7
4220614,https://www.digital.archives.go.jp/api/iiif/4220614/manifest.json,300-0217,醫壘元戎,8
4220615,https://www.digital.archives.go.jp/api/iiif/4220615/manifest.json,300-0217,醫壘元戎,9
4220616,https://www.digital.archives.go.jp/api/iiif/4220616/manifest.json,300-0217,醫壘元戎,10
4220617,https://www.digital.archives.go.jp/api/iiif/4220617/manifest.json,300-0217,醫壘元戎,11
4220618,https://www.digital.archives.go.jp/api/iiif/4220618/manifest.json,300-0217,醫壘元戎,12
4770285,https://www.digital.archives.go.jp/api/iiif/4770285/manifest.json,301-0105,雲林醫聖普渡慈航,1
4770288,https://www.digital.archives.go.jp/api/iiif/4770288/manifest.json,301-0105,雲林醫聖普渡慈航,2
4770290,https://www.digital.archives.go.jp/api/iiif/4770290/manifest.json,301-0105,雲林醫聖普渡慈航,3
4770291,https://www.digital.archives.go.jp/api/iiif/4770291/manifest.json,301-0105,雲林醫聖普渡慈航,4
4770293,https://www.digital.archives.go.jp/api/iiif/4770293/manifest.json,301-0105,雲林醫聖普渡慈航,5
4770295,https://www.digital.archives.go.jp/api/iiif/4770295/manifest.json,301-0105,雲林醫聖普渡慈航,6
4770297,https://www.digital.archives.go.jp/api/iiif/4770297/manifest.json,301-0105,雲林醫聖普渡慈航,7
4770298,https://www.digital.archives.go.jp/api/iiif/4770298/manifest.json,301-0105,雲林醫聖普渡慈航,8
4770301,https://www.digital.archives.go.jp/api/iiif/4770301/manifest.json,301-0105,雲林醫聖普渡慈航,9
4770304,https://www.digital.archives.go.jp/api/iiif/4770304/manifest.json,301-0105,雲林醫聖普渡慈航,10
4770305,https://www.digital.archives.go.jp/api/iiif/4770305/manifest.json,301-0105,雲林醫聖普渡慈航,11
4770308,https://www.digital.archives.go.jp/api/iiif/4770308/manifest.json,301-0105,雲林醫聖普渡慈航,12
4770318,https://www.digital.archives.go.jp/api/iiif/4770318/manifest.json,301-0120,醫宗粹言,1
4770320,https://www.digital.archives.go.jp/api/iiif/4770320/manifest.json,301-0120,醫宗粹言,2
4770323,https://www.digital.archives.go.jp/api/iiif/4770323/manifest.json,301-0120,醫宗粹言,3
4770325,https://www.digital.archives.go.jp/api/iiif/4770325/manifest.json,301-0120,醫宗粹言,4
4770327,https://www.digital.archives.go.jp/api/iiif/4770327/manifest.json,301-0120,醫宗粹言,5
4770328,https://www.digital.archives.go.jp/api/iiif/4770328/manifest.json,301-0120,醫宗粹言,6
4770330,https://www.digital.archives.go.jp/api/iiif/4770330/manifest.json,301-0120,醫宗粹言,7
4770332,https://www.digital.archives.go.jp/api/iiif/4770332/manifest.json,301-0120,醫宗粹言,8
4770335,https://www.digital.archives.go.jp/api/iiif/4770335/manifest.json,301-0120,醫宗粹言,9
4770337,https://www.digital.archives.go.jp/api/iiif/4770337/manifest.json,301-0120,醫宗粹言,10
4770342,https://www.digital.archives.go.jp/api/iiif/4770342/manifest.json,301-0120,醫宗粹言,11
4770338,https://www.digital.archives.go.jp/api/iiif/4770338/manifest.json,301-0120,醫宗粹言,12
4914939,https://www.digital.archives.go.jp/api/iiif/4914939/manifest.json,301-0121,醫宗粹言,1
4914940,https://www.digital.archives.go.jp/api/iiif/4914940/manifest.json,301-0121,醫宗粹言,2
4914941,https://www.digital.archives.go.jp/api/iiif/4914941/manifest.json,301-0121,醫宗粹言,3
4914942,https://www.digital.archives.go.jp/api/iiif/4914942/manifest.json,301-0121,醫宗粹言,4
4914943,https://www.digital.archives.go.jp/api/iiif/4914943/manifest.json,301-0121,醫宗粹言,5
4914944,https://www.digital.archives.go.jp/api/iiif/4914944/manifest.json,301-0121,醫宗粹言,6
4914945,https://www.digital.archives.go.jp/api/iiif/4914945/manifest.json,301-0121,醫宗粹言,7
4914946,https://www.digital.archives.go.jp/api/iiif/4914946/manifest.json,301-0121,醫宗粹言,8
4914947,https://www.digital.archives.go.jp/api/iiif/4914947/manifest.json,301-0121,醫宗粹言,9
4914948,https://www.digital.archives.go.jp/api/iiif/4914948/manifest.json,301-0121,醫宗粹言,10
4914949,https://www.digital.archives.go.jp/api/iiif/4914949/manifest.json,301-0121,醫宗粹言,11
4914950,https://www.digital.archives.go.jp/api/iiif/4914950/manifest.json,301-0121,醫宗粹言,12
4915188,https://www.digital.archives.go.jp/api/iiif/4915188/manifest.json,302-0065,醫級,1
4915189,https://www.digital.archives.go.jp/api/iiif/4915189/manifest.json,302-0065,醫級,2
4915190,https://www.digital.archives.go.jp/api/iiif/4915190/manifest.json,302-0065,醫級,3
4915191,https://www.digital.archives.go.jp/api/iiif/4915191/manifest.json,302-0065,醫級,4
4915192,https://www.digital.archives.go.jp/api/iiif/4915192/manifest.json,302-0065,醫級,5
4915193,https://www.digital.archives.go.jp/api/iiif/4915193/manifest.json,302-0065,醫級,6
4915194,https://www.digital.archives.go.jp/api/iiif/4915194/manifest.json,302-0065,醫級,7
4915195,https://www.digital.archives.go.jp/api/iiif/4915195/manifest.json,302-0065,醫級,8
4915196,https://www.digital.archives.go.jp/api/iiif/4915196/manifest.json,302-0065,醫級,9
4915197,https://www.digital.archives.go.jp/api/iiif/4915197/manifest.json,302-0065,醫級,10
4915198,https://www.digital.archives.go.jp/api/iiif/4915198/manifest.json,302-0065,醫級,11
4915199,https://www.digital.archives.go.jp/api/iiif/4915199/manifest.json,302-0065,醫級,12
4431897,https://www.digital.archives.go.jp/api/iiif/4431897/manifest.json,304-0025,鼎鍥幼幼集成,8
4431899,https://www.digital.archives.go.jp/api/iiif/4431899/manifest.json,304-0025,鼎鍥幼幼集成,9
4432863,https://www.digital.archives.go.jp/api/iiif/4432863/manifest.json,304-0025,鼎鍥幼幼集成,10
4432865,https://www.digital.archives.go.jp/api/iiif/4432865/manifest.json,304-0025,鼎鍥幼幼集成,11
4432867,https://www.digital.archives.go.jp/api/iiif/4432867/manifest.json,304-0025,鼎鍥幼幼集成,12
4918505,https://www.digital.archives.go.jp/api/iiif/4918505/manifest.json,305-0021,千金翼方,1
4918506,https://www.digital.archives.go.jp/api/iiif/4918506/manifest.json,305-0021,千金翼方,2
4918507,https://www.digital.archives.go.jp/api/iiif/4918507/manifest.json,305-0021,千金翼方,3
4918508,https://www.digital.archives.go.jp/api/iiif/4918508/manifest.json,305-0021,千金翼方,4
4918509,https://www.digital.archives.go.jp/api/iiif/4918509/manifest.json,305-0021,千金翼方,5
4918510,https://www.digital.archives.go.jp/api/iiif/4918510/manifest.json,305-0021,千金翼方,6
4918511,https://www.digital.archives.go.jp/api/iiif/4918511/manifest.json,305-0021,千金翼方,7
4918512,https://www.digital.archives.go.jp/api/iiif/4918512/manifest.json,305-0021,千金翼方,8
4918513,https://www.digital.archives.go.jp/api/iiif/4918513/manifest.json,305-0021,千金翼方,9
4918514,https://www.digital.archives.go.jp/api/iiif/4918514/manifest.json,305-0021,千金翼方,10
4918515,https://www.digital.archives.go.jp/api/iiif/4918515/manifest.json,305-0021,千金翼方,11
4918516,https://www.digital.archives.go.jp/api/iiif/4918516/manifest.json,305-0021,千金翼方,12
4918551,https://www.digital.archives.go.jp/api/iiif/4918551/manifest.json,305-0026,易簡方論,1
4918552,https://www.digital.archives.go.jp/api/iiif/4918552/manifest.json,305-0026,易簡方論,2
4918553,https://www.digital.archives.go.jp/api/iiif/4918553/manifest.json,305-0026,易簡方論,3
4918554,https://www.digital.archives.go.jp/api/iiif/4918554/manifest.json,305-0026,易簡方論,4
4918555,https://www.digital.archives.go.jp/api/iiif/4918555/manifest.json,305-0026,易簡方論,5
4918556,https://www.digital.archives.go.jp/api/iiif/4918556/manifest.json,305-0026,易簡方論,6
4918557,https://www.digital.archives.go.jp/api/iiif/4918557/manifest.json,305-0026,易簡方論,7
4918558,https://www.digital.archives.go.jp/api/iiif/4918558/manifest.json,305-0026,易簡方論,8
4918559,https://www.digital.archives.go.jp/api/iiif/4918559/manifest.json,305-0026,易簡方論,9
4918560,https://www.digital.archives.go.jp/api/iiif/4918560/manifest.json,305-0026,易簡方論,10
4918561,https://www.digital.archives.go.jp/api/iiif/4918561/manifest.json,305-0026,易簡方論,11
4918562,https://www.digital.archives.go.jp/api/iiif/4918562/manifest.json,305-0026,易簡方論,12
4918598,https://www.digital.archives.go.jp/api/iiif/4918598/manifest.json,305-0036,增廣太平惠民和劑局方,1
4918599,https://www.digital.archives.go.jp/api/iiif/4918599/manifest.json,305-0036,增廣太平惠民和劑局方,2
4918600,https://www.digital.archives.go.jp/api/iiif/4918600/manifest.json,305-0036,增廣太平惠民和劑局方,3
4918601,https://www.digital.archives.go.jp/api/iiif/4918601/manifest.json,305-0036,增廣太平惠民和劑局方,4
4918602,https://www.digital.archives.go.jp/api/iiif/4918602/manifest.json,305-0036,增廣太平惠民和劑局方,5
4918603,https://www.digital.archives.go.jp/api/iiif/4918603/manifest.json,305-0036,增廣太平惠民和劑局方,6
4918604,https://www.digital.archives.go.jp/api/iiif/4918604/manifest.json,305-0036,增廣太平惠民和劑局方,7
4918605,https://www.digital.archives.go.jp/api/iiif/4918605/manifest.json,305-0036,增廣太平惠民和劑局方,8
4918606,https://www.digital.archives.go.jp/api/iiif/4918606/manifest.json,305-0036,增廣太平惠民和劑局方,9
4918607,https://www.digital.archives.go.jp/api/iiif/4918607/manifest.json,305-0036,增廣太平惠民和劑局方,10
4918608,https://www.digital.archives.go.jp/api/iiif/4918608/manifest.json,305-0036,增廣太平惠民和劑局方,11
4918609,https://www.digital.archives.go.jp/api/iiif/4918609/manifest.json,305-0036,增廣太平惠民和劑局方,12
4772139,https://www.digital.archives.go.jp/api/iiif/4772139/manifest.json,305-0122,萬氏家抄濟世良方,1
4772140,https://www.digital.archives.go.jp/api/iiif/4772140/manifest.json,305-0122,萬氏家抄濟世良方,2
4772141,https://www.digital.archives.go.jp/api/iiif/4772141/manifest.json,305-0122,萬氏家抄濟世良方,3
4772142,https://www.digital.archives.go.jp/api/iiif/4772142/manifest.json,305-0122,萬氏家抄濟世良方,4
4772143,https://www.digital.archives.go.jp/api/iiif/4772143/manifest.json,305-0122,萬氏家抄濟世良方,5
4772144,https://www.digital.archives.go.jp/api/iiif/4772144/manifest.json,305-0122,萬氏家抄濟世良方,6
4772145,https://www.digital.archives.go.jp/api/iiif/4772145/manifest.json,305-0122,萬氏家抄濟世良方,7
4772146,https://www.digital.archives.go.jp/api/iiif/4772146/manifest.json,305-0122,萬氏家抄濟世良方,8
4772147,https://www.digital.archives.go.jp/api/iiif/4772147/manifest.json,305-0122,萬氏家抄濟世良方,9
4772148,https://www.digital.archives.go.jp/api/iiif/4772148/manifest.json,305-0122,萬氏家抄濟世良方,10
4772149,https://www.digital.archives.go.jp/api/iiif/4772149/manifest.json,305-0122,萬氏家抄濟世良方,11
4772150,https://www.digital.archives.go.jp/api/iiif/4772150/manifest.json,305-0122,萬氏家抄濟世良方,12
4919015,https://www.digital.archives.go.jp/api/iiif/4919015/manifest.json,305-0195,急救危症簡便驗方,1
4919016,https://www.digital.archives.go.jp/api/iiif/4919016/manifest.json,305-0195,急救危症簡便驗方,2
4919017,https://www.digital.archives.go.jp/api/iiif/4919017/manifest.json,305-0195,急救危症簡便驗方,3
4919018,https://www.digital.archives.go.jp/api/iiif/4919018/manifest.json,305-0195,急救危症簡便驗方,4
4919019,https://www.digital.archives.go.jp/api/iiif/4919019/manifest.json,305-0195,急救危症簡便驗方,5
4919020,https://www.digital.archives.go.jp/api/iiif/4919020/manifest.json,305-0195,急救危症簡便驗方,6
4919021,https://www.digital.archives.go.jp/api/iiif/4919021/manifest.json,305-0195,急救危症簡便驗方,7
4919022,https://www.digital.archives.go.jp/api/iiif/4919022/manifest.json,305-0195,急救危症簡便驗方,8
4919023,https://www.digital.archives.go.jp/api/iiif/4919023/manifest.json,305-0195,急救危症簡便驗方,9
4919024,https://www.digital.archives.go.jp/api/iiif/4919024/manifest.json,305-0195,急救危症簡便驗方,10
4919025,https://www.digital.archives.go.jp/api/iiif/4919025/manifest.json,305-0195,急救危症簡便驗方,11
4919026,https://www.digital.archives.go.jp/api/iiif/4919026/manifest.json,305-0195,急救危症簡便驗方,12
3532277,https://www.digital.archives.go.jp/api/iiif/3532277/manifest.json,259-0001,醫林撮要,4
3532278,https://www.digital.archives.go.jp/api/iiif/3532278/manifest.json,259-0001,醫林撮要,5
3532279,https://www.digital.archives.go.jp/api/iiif/3532279/manifest.json,259-0001,醫林撮要,6
3532280,https://www.digital.archives.go.jp/api/iiif/3532280/manifest.json,259-0001,醫林撮要,7
3532281,https://www.digital.archives.go.jp/api/iiif/3532281/manifest.json,259-0001,醫林撮要,8
3532282,https://www.digital.archives.go.jp/api/iiif/3532282/manifest.json,259-0001,醫林撮要,9
3532324,https://www.digital.archives.go.jp/api/iiif/3532324/manifest.json,259-0001,醫林撮要,10
3532325,https://www.digital.archives.go.jp/api/iiif/3532325/manifest.json,259-0001,醫林撮要,11
3532326,https://www.digital.archives.go.jp/api/iiif/3532326/manifest.json,259-0001,醫林撮要,12
3532327,https://www.digital.archives.go.jp/api/iiif/3532327/manifest.json,259-0001,醫林撮要,13
4228764,https://www.digital.archives.go.jp/api/iiif/4228764/manifest.json,300-0155,補註釋文黃帝內經素問,1
4228766,https://www.digital.archives.go.jp/api/iiif/4228766/manifest.json,300-0155,補註釋文黃帝內經素問,2
4228767,https://www.digital.archives.go.jp/api/iiif/4228767/manifest.json,300-0155,補註釋文黃帝內經素問,3
4228768,https://www.digital.archives.go.jp/api/iiif/4228768/manifest.json,300-0155,補註釋文黃帝內經素問,4
4228769,https://www.digital.archives.go.jp/api/iiif/4228769/manifest.json,300-0155,補註釋文黃帝內經素問,5
4228770,https://www.digital.archives.go.jp/api/iiif/4228770/manifest.json,300-0155,補註釋文黃帝內經素問,6
4228771,https://www.digital.archives.go.jp/api/iiif/4228771/manifest.json,300-0155,補註釋文黃帝內經素問,7
4228772,https://www.digital.archives.go.jp/api/iiif/4228772/manifest.json,300-0155,補註釋文黃帝內經素問,8
4228773,https://www.digital.archives.go.jp/api/iiif/4228773/manifest.json,300-0155,補註釋文黃帝內經素問,9
4228775,https://www.digital.archives.go.jp/api/iiif/4228775/manifest.json,300-0155,補註釋文黃帝內經素問,10
4228776,https://www.digital.archives.go.jp/api/iiif/4228776/manifest.json,300-0155,補註釋文黃帝內經素問,11
4228778,https://www.digital.archives.go.jp/api/iiif/4228778/manifest.json,300-0155,補註釋文黃帝內經素問,12
4115500,https://www.digital.archives.go.jp/api/iiif/4115500/manifest.json,300-0155,補註釋文黃帝內經素問,13
4918585,https://www.digital.archives.go.jp/api/iiif/4918585/manifest.json,305-0035,活人事證方,1
4918586,https://www.digital.archives.go.jp/api/iiif/4918586/manifest.json,305-0035,活人事證方,2
4918587,https://www.digital.archives.go.jp/api/iiif/4918587/manifest.json,305-0035,活人事證方,3
4918588,https://www.digital.archives.go.jp/api/iiif/4918588/manifest.json,305-0035,活人事證方,4
4918589,https://www.digital.archives.go.jp/api/iiif/4918589/manifest.json,305-0035,活人事證方,5
4918590,https://www.digital.archives.go.jp/api/iiif/4918590/manifest.json,305-0035,活人事證方,6
4918591,https://www.digital.archives.go.jp/api/iiif/4918591/manifest.json,305-0035,活人事證方,7
4918592,https://www.digital.archives.go.jp/api/iiif/4918592/manifest.json,305-0035,活人事證方,8
4918593,https://www.digital.archives.go.jp/api/iiif/4918593/manifest.json,305-0035,活人事證方,9
4918594,https://www.digital.archives.go.jp/api/iiif/4918594/manifest.json,305-0035,活人事證方,10
4918595,https://www.digital.archives.go.jp/api/iiif/4918595/manifest.json,305-0035,活人事證方,11
4918596,https://www.digital.archives.go.jp/api/iiif/4918596/manifest.json,305-0035,活人事證方,12
4918597,https://www.digital.archives.go.jp/api/iiif/4918597/manifest.json,305-0035,活人事證方,13
4914906,https://www.digital.archives.go.jp/api/iiif/4914906/manifest.json,301-0116,醫宗粹言,1
4914907,https://www.digital.archives.go.jp/api/iiif/4914907/manifest.json,301-0116,醫宗粹言,2
4914908,https://www.digital.archives.go.jp/api/iiif/4914908/manifest.json,301-0116,醫宗粹言,3
4914909,https://www.digital.archives.go.jp/api/iiif/4914909/manifest.json,301-0116,醫宗粹言,4
4914910,https://www.digital.archives.go.jp/api/iiif/4914910/manifest.json,301-0116,醫宗粹言,5
4914911,https://www.digital.archives.go.jp/api/iiif/4914911/manifest.json,301-0116,醫宗粹言,6
4914912,https://www.digital.archives.go.jp/api/iiif/4914912/manifest.json,301-0116,醫宗粹言,7
4914913,https://www.digital.archives.go.jp/api/iiif/4914913/manifest.json,301-0116,醫宗粹言,8
4914914,https://www.digital.archives.go.jp/api/iiif/4914914/manifest.json,301-0116,醫宗粹言,9
4914915,https://www.digital.archives.go.jp/api/iiif/4914915/manifest.json,301-0116,醫宗粹言,10
4914916,https://www.digital.archives.go.jp/api/iiif/4914916/manifest.json,301-0116,醫宗粹言,11
4914917,https://www.digital.archives.go.jp/api/iiif/4914917/manifest.json,301-0116,醫宗粹言,12
4914918,https://www.digital.archives.go.jp/api/iiif/4914918/manifest.json,301-0116,醫宗粹言,13
4914919,https://www.digital.archives.go.jp/api/iiif/4914919/manifest.json,301-0116,醫宗粹言,14
4773394,https://www.digital.archives.go.jp/api/iiif/4773394/manifest.json,302-0037,新刻聶久吾先生醫學彙函,1
4773395,https://www.digital.archives.go.jp/api/iiif/4773395/manifest.json,302-0037,新刻聶久吾先生醫學彙函,2
4773396,https://www.digital.archives.go.jp/api/iiif/4773396/manifest.json,302-0037,新刻聶久吾先生醫學彙函,3
4773397,https://www.digital.archives.go.jp/api/iiif/4773397/manifest.json,302-0037,新刻聶久吾先生醫學彙函,4
4773398,https://www.digital.archives.go.jp/api/iiif/4773398/manifest.json,302-0037,新刻聶久吾先生醫學彙函,5
4773399,https://www.digital.archives.go.jp/api/iiif/4773399/manifest.json,302-0037,新刻聶久吾先生醫學彙函,6
4773400,https://www.digital.archives.go.jp/api/iiif/4773400/manifest.json,302-0037,新刻聶久吾先生醫學彙函,7
4773401,https://www.digital.archives.go.jp/api/iiif/4773401/manifest.json,302-0037,新刻聶久吾先生醫學彙函,8
4773402,https://www.digital.archives.go.jp/api/iiif/4773402/manifest.json,302-0037,新刻聶久吾先生醫學彙函,9
4773403,https://www.digital.archives.go.jp/api/iiif/4773403/manifest.json,302-0037,新刻聶久吾先生醫學彙函,10
4773404,https://www.digital.archives.go.jp/api/iiif/4773404/manifest.json,302-0037,新刻聶久吾先生醫學彙函,11
4773405,https://www.digital.archives.go.jp/api/iiif/4773405/manifest.json,302-0037,新刻聶久吾先生醫學彙函,12
4773406,https://www.digital.archives.go.jp/api/iiif/4773406/manifest.json,302-0037,新刻聶久吾先生醫學彙函,13
4773407,https://www.digital.archives.go.jp/api/iiif/4773407/manifest.json,302-0037,新刻聶久吾先生醫學彙函,14
4774957,https://www.digital.archives.go.jp/api/iiif/4774957/manifest.json,302-0042,新刻聶久吾先生醫學彙函,1
4774958,https://www.digital.archives.go.jp/api/iiif/4774958/manifest.json,302-0042,新刻聶久吾先生醫學彙函,2
4774959,https://www.digital.archives.go.jp/api/iiif/4774959/manifest.json,302-0042,新刻聶久吾先生醫學彙函,3
4774960,https://www.digital.archives.go.jp/api/iiif/4774960/manifest.json,302-0042,新刻聶久吾先生醫學彙函,4
4774961,https://www.digital.archives.go.jp/api/iiif/4774961/manifest.json,302-0042,新刻聶久吾先生醫學彙函,5
4774962,https://www.digital.archives.go.jp/api/iiif/4774962/manifest.json,302-0042,新刻聶久吾先生醫學彙函,6
4774963,https://www.digital.archives.go.jp/api/iiif/4774963/manifest.json,302-0042,新刻聶久吾先生醫學彙函,7
4774964,https://www.digital.archives.go.jp/api/iiif/4774964/manifest.json,302-0042,新刻聶久吾先生醫學彙函,8
4774965,https://www.digital.archives.go.jp/api/iiif/4774965/manifest.json,302-0042,新刻聶久吾先生醫學彙函,9
4774966,https://www.digital.archives.go.jp/api/iiif/4774966/manifest.json,302-0042,新刻聶久吾先生醫學彙函,10
4774967,https://www.digital.archives.go.jp/api/iiif/4774967/manifest.json,302-0042,新刻聶久吾先生醫學彙函,11
4774968,https://www.digital.archives.go.jp/api/iiif/4774968/manifest.json,302-0042,新刻聶久吾先生醫學彙函,12
4774969,https://www.digital.archives.go.jp/api/iiif/4774969/manifest.json,302-0042,新刻聶久吾先生醫學彙函,13
4774970,https://www.digital.archives.go.jp/api/iiif/4774970/manifest.json,302-0042,新刻聶久吾先生醫學彙函,14
4915640,https://www.digital.archives.go.jp/api/iiif/4915640/manifest.json,302-0124,雜病源流犀燭,1
4915641,https://www.digital.archives.go.jp/api/iiif/4915641/manifest.json,302-0124,雜病源流犀燭,2
4915642,https://www.digital.archives.go.jp/api/iiif/4915642/manifest.json,302-0124,雜病源流犀燭,3
4915643,https://www.digital.archives.go.jp/api/iiif/4915643/manifest.json,302-0124,雜病源流犀燭,4
4915644,https://www.digital.archives.go.jp/api/iiif/4915644/manifest.json,302-0124,雜病源流犀燭,5
4915645,https://www.digital.archives.go.jp/api/iiif/4915645/manifest.json,302-0124,雜病源流犀燭,6
4915646,https://www.digital.archives.go.jp/api/iiif/4915646/manifest.json,302-0124,雜病源流犀燭,7
4915647,https://www.digital.archives.go.jp/api/iiif/4915647/manifest.json,302-0124,雜病源流犀燭,8
4915648,https://www.digital.archives.go.jp/api/iiif/4915648/manifest.json,302-0124,雜病源流犀燭,9
4915649,https://www.digital.archives.go.jp/api/iiif/4915649/manifest.json,302-0124,雜病源流犀燭,10
4915650,https://www.digital.archives.go.jp/api/iiif/4915650/manifest.json,302-0124,雜病源流犀燭,11
4915651,https://www.digital.archives.go.jp/api/iiif/4915651/manifest.json,302-0124,雜病源流犀燭,12
4915652,https://www.digital.archives.go.jp/api/iiif/4915652/manifest.json,302-0124,雜病源流犀燭,13
4915653,https://www.digital.archives.go.jp/api/iiif/4915653/manifest.json,302-0124,雜病源流犀燭,14
4770554,https://www.digital.archives.go.jp/api/iiif/4770554/manifest.json,303-0018,重刊巢氏諸病源候總論,6
4770556,https://www.digital.archives.go.jp/api/iiif/4770556/manifest.json,303-0018,重刊巢氏諸病源候總論,7
4770558,https://www.digital.archives.go.jp/api/iiif/4770558/manifest.json,303-0018,重刊巢氏諸病源候總論,8
4770561,https://www.digital.archives.go.jp/api/iiif/4770561/manifest.json,303-0018,重刊巢氏諸病源候總論,9
4770563,https://www.digital.archives.go.jp/api/iiif/4770563/manifest.json,303-0018,重刊巢氏諸病源候總論,10
4770565,https://www.digital.archives.go.jp/api/iiif/4770565/manifest.json,303-0018,重刊巢氏諸病源候總論,11
4770568,https://www.digital.archives.go.jp/api/iiif/4770568/manifest.json,303-0018,重刊巢氏諸病源候總論,12
4770570,https://www.digital.archives.go.jp/api/iiif/4770570/manifest.json,303-0018,重刊巢氏諸病源候總論,13
4770573,https://www.digital.archives.go.jp/api/iiif/4770573/manifest.json,303-0018,重刊巢氏諸病源候總論,14
4774035,https://www.digital.archives.go.jp/api/iiif/4774035/manifest.json,304-0268,神農本草經疎,1
4774036,https://www.digital.archives.go.jp/api/iiif/4774036/manifest.json,304-0268,神農本草經疎,2
4774037,https://www.digital.archives.go.jp/api/iiif/4774037/manifest.json,304-0268,神農本草經疎,3
4774038,https://www.digital.archives.go.jp/api/iiif/4774038/manifest.json,304-0268,神農本草經疎,4
4774039,https://www.digital.archives.go.jp/api/iiif/4774039/manifest.json,304-0268,神農本草經疎,5
4774040,https://www.digital.archives.go.jp/api/iiif/4774040/manifest.json,304-0268,神農本草經疎,6
4774041,https://www.digital.archives.go.jp/api/iiif/4774041/manifest.json,304-0268,神農本草經疎,7
4774042,https://www.digital.archives.go.jp/api/iiif/4774042/manifest.json,304-0268,神農本草經疎,8
4774043,https://www.digital.archives.go.jp/api/iiif/4774043/manifest.json,304-0268,神農本草經疎,9
4774044,https://www.digital.archives.go.jp/api/iiif/4774044/manifest.json,304-0268,神農本草經疎,10
4774045,https://www.digital.archives.go.jp/api/iiif/4774045/manifest.json,304-0268,神農本草經疎,11
4774046,https://www.digital.archives.go.jp/api/iiif/4774046/manifest.json,304-0268,神農本草經疎,12
4774047,https://www.digital.archives.go.jp/api/iiif/4774047/manifest.json,304-0268,神農本草經疎,13
4774048,https://www.digital.archives.go.jp/api/iiif/4774048/manifest.json,304-0268,神農本草經疎,14
4916586,https://www.digital.archives.go.jp/api/iiif/4916586/manifest.json,303-0033,沈朗仲先生病機彙論,1
4916587,https://www.digital.archives.go.jp/api/iiif/4916587/manifest.json,303-0033,沈朗仲先生病機彙論,2
4916588,https://www.digital.archives.go.jp/api/iiif/4916588/manifest.json,303-0033,沈朗仲先生病機彙論,3
4916589,https://www.digital.archives.go.jp/api/iiif/4916589/manifest.json,303-0033,沈朗仲先生病機彙論,4
4916590,https://www.digital.archives.go.jp/api/iiif/4916590/manifest.json,303-0033,沈朗仲先生病機彙論,5
4916591,https://www.digital.archives.go.jp/api/iiif/4916591/manifest.json,303-0033,沈朗仲先生病機彙論,6
4916592,https://www.digital.archives.go.jp/api/iiif/4916592/manifest.json,303-0033,沈朗仲先生病機彙論,7
4916593,https://www.digital.archives.go.jp/api/iiif/4916593/manifest.json,303-0033,沈朗仲先生病機彙論,8
4916594,https://www.digital.archives.go.jp/api/iiif/4916594/manifest.json,303-0033,沈朗仲先生病機彙論,9
4916595,https://www.digital.archives.go.jp/api/iiif/4916595/manifest.json,303-0033,沈朗仲先生病機彙論,10
4916596,https://www.digital.archives.go.jp/api/iiif/4916596/manifest.json,303-0033,沈朗仲先生病機彙論,11
4916597,https://www.digital.archives.go.jp/api/iiif/4916597/manifest.json,303-0033,沈朗仲先生病機彙論,12
4916598,https://www.digital.archives.go.jp/api/iiif/4916598/manifest.json,303-0033,沈朗仲先生病機彙論,13
4916599,https://www.digital.archives.go.jp/api/iiif/4916599/manifest.json,303-0033,沈朗仲先生病機彙論,14
4916638,https://www.digital.archives.go.jp/api/iiif/4916638/manifest.json,303-0061,沈朗仲先生病機彙論,1
4916639,https://www.digital.archives.go.jp/api/iiif/4916639/manifest.json,303-0061,沈朗仲先生病機彙論,2
4916640,https://www.digital.archives.go.jp/api/iiif/4916640/manifest.json,303-0061,沈朗仲先生病機彙論,3
4916641,https://www.digital.archives.go.jp/api/iiif/4916641/manifest.json,303-0061,沈朗仲先生病機彙論,4
4916642,https://www.digital.archives.go.jp/api/iiif/4916642/manifest.json,303-0061,沈朗仲先生病機彙論,5
4916643,https://www.digital.archives.go.jp/api/iiif/4916643/manifest.json,303-0061,沈朗仲先生病機彙論,6
4916644,https://www.digital.archives.go.jp/api/iiif/4916644/manifest.json,303-0061,沈朗仲先生病機彙論,7
4916645,https://www.digital.archives.go.jp/api/iiif/4916645/manifest.json,303-0061,沈朗仲先生病機彙論,8
4916646,https://www.digital.archives.go.jp/api/iiif/4916646/manifest.json,303-0061,沈朗仲先生病機彙論,9
4916647,https://www.digital.archives.go.jp/api/iiif/4916647/manifest.json,303-0061,沈朗仲先生病機彙論,10
4916648,https://www.digital.archives.go.jp/api/iiif/4916648/manifest.json,303-0061,沈朗仲先生病機彙論,11
4916649,https://www.digital.archives.go.jp/api/iiif/4916649/manifest.json,303-0061,沈朗仲先生病機彙論,12
4916650,https://www.digital.archives.go.jp/api/iiif/4916650/manifest.json,303-0061,沈朗仲先生病機彙論,13
4916651,https://www.digital.archives.go.jp/api/iiif/4916651/manifest.json,303-0061,沈朗仲先生病機彙論,14
4916991,https://www.digital.archives.go.jp/api/iiif/4916991/manifest.json,303-0208,傷寒輯要,1
4916992,https://www.digital.archives.go.jp/api/iiif/4916992/manifest.json,303-0208,傷寒輯要,2
4916993,https://www.digital.archives.go.jp/api/iiif/4916993/manifest.json,303-0208,傷寒輯要,3
4916994,https://www.digital.archives.go.jp/api/iiif/4916994/manifest.json,303-0208,傷寒輯要,4
4916995,https://www.digital.archives.go.jp/api/iiif/4916995/manifest.json,303-0208,傷寒輯要,5
4916996,https://www.digital.archives.go.jp/api/iiif/4916996/manifest.json,303-0208,傷寒輯要,6
4916997,https://www.digital.archives.go.jp/api/iiif/4916997/manifest.json,303-0208,傷寒輯要,7
4916998,https://www.digital.archives.go.jp/api/iiif/4916998/manifest.json,303-0208,傷寒輯要,8
4916999,https://www.digital.archives.go.jp/api/iiif/4916999/manifest.json,303-0208,傷寒輯要,9
4917000,https://www.digital.archives.go.jp/api/iiif/4917000/manifest.json,303-0208,傷寒輯要,10
4917001,https://www.digital.archives.go.jp/api/iiif/4917001/manifest.json,303-0208,傷寒輯要,11
4917002,https://www.digital.archives.go.jp/api/iiif/4917002/manifest.json,303-0208,傷寒輯要,12
4917003,https://www.digital.archives.go.jp/api/iiif/4917003/manifest.json,303-0208,傷寒輯要,13
4917004,https://www.digital.archives.go.jp/api/iiif/4917004/manifest.json,303-0208,傷寒輯要,14
4917005,https://www.digital.archives.go.jp/api/iiif/4917005/manifest.json,303-0208,傷寒輯要,15
4433549,https://www.digital.archives.go.jp/api/iiif/4433549/manifest.json,043-0007,神農本草經疎,3
4434487,https://www.digital.archives.go.jp/api/iiif/4434487/manifest.json,043-0007,神農本草經疎,4
4434488,https://www.digital.archives.go.jp/api/iiif/4434488/manifest.json,043-0007,神農本草經疎,5
4434489,https://www.digital.archives.go.jp/api/iiif/4434489/manifest.json,043-0007,神農本草經疎,6
4434491,https://www.digital.archives.go.jp/api/iiif/4434491/manifest.json,043-0007,神農本草經疎,7
4434492,https://www.digital.archives.go.jp/api/iiif/4434492/manifest.json,043-0007,神農本草經疎,8
4434493,https://www.digital.archives.go.jp/api/iiif/4434493/manifest.json,043-0007,神農本草經疎,9
4434494,https://www.digital.archives.go.jp/api/iiif/4434494/manifest.json,043-0007,神農本草經疎,10
4415751,https://www.digital.archives.go.jp/api/iiif/4415751/manifest.json,043-0007,神農本草經疎,11
4434495,https://www.digital.archives.go.jp/api/iiif/4434495/manifest.json,043-0007,神農本草經疎,12
4434497,https://www.digital.archives.go.jp/api/iiif/4434497/manifest.json,043-0007,神農本草經疎,13
4434500,https://www.digital.archives.go.jp/api/iiif/4434500/manifest.json,043-0007,神農本草經疎,15
4434501,https://www.digital.archives.go.jp/api/iiif/4434501/manifest.json,043-0007,神農本草經疎,16
4424881,https://www.digital.archives.go.jp/api/iiif/4424881/manifest.json,050-0005,新刊內外科正宗,1
4424883,https://www.digital.archives.go.jp/api/iiif/4424883/manifest.json,050-0005,新刊內外科正宗,3
4424884,https://www.digital.archives.go.jp/api/iiif/4424884/manifest.json,050-0005,新刊內外科正宗,4
4424885,https://www.digital.archives.go.jp/api/iiif/4424885/manifest.json,050-0005,新刊內外科正宗,5
4425811,https://www.digital.archives.go.jp/api/iiif/4425811/manifest.json,050-0005,新刊內外科正宗,6
4430431,https://www.digital.archives.go.jp/api/iiif/4430431/manifest.json,050-0005,新刊內外科正宗,7
4425813,https://www.digital.archives.go.jp/api/iiif/4425813/manifest.json,050-0005,新刊內外科正宗,8
4425815,https://www.digital.archives.go.jp/api/iiif/4425815/manifest.json,050-0005,新刊內外科正宗,9
4425816,https://www.digital.archives.go.jp/api/iiif/4425816/manifest.json,050-0005,新刊內外科正宗,10
4425817,https://www.digital.archives.go.jp/api/iiif/4425817/manifest.json,050-0005,新刊內外科正宗,11
4425819,https://www.digital.archives.go.jp/api/iiif/4425819/manifest.json,050-0005,新刊內外科正宗,12
4431362,https://www.digital.archives.go.jp/api/iiif/4431362/manifest.json,050-0005,新刊內外科正宗,13
4431365,https://www.digital.archives.go.jp/api/iiif/4431365/manifest.json,050-0005,新刊內外科正宗,14
4431367,https://www.digital.archives.go.jp/api/iiif/4431367/manifest.json,050-0005,新刊內外科正宗,15
4431370,https://www.digital.archives.go.jp/api/iiif/4431370/manifest.json,050-0005,新刊內外科正宗,16
4770245,https://www.digital.archives.go.jp/api/iiif/4770245/manifest.json,301-0103,雲林醫聖普渡慈航,1
4770248,https://www.digital.archives.go.jp/api/iiif/4770248/manifest.json,301-0103,雲林醫聖普渡慈航,2
4770250,https://www.digital.archives.go.jp/api/iiif/4770250/manifest.json,301-0103,雲林醫聖普渡慈航,3
4770253,https://www.digital.archives.go.jp/api/iiif/4770253/manifest.json,301-0103,雲林醫聖普渡慈航,4
4770255,https://www.digital.archives.go.jp/api/iiif/4770255/manifest.json,301-0103,雲林醫聖普渡慈航,5
4770258,https://www.digital.archives.go.jp/api/iiif/4770258/manifest.json,301-0103,雲林醫聖普渡慈航,6
4770260,https://www.digital.archives.go.jp/api/iiif/4770260/manifest.json,301-0103,雲林醫聖普渡慈航,7
4770263,https://www.digital.archives.go.jp/api/iiif/4770263/manifest.json,301-0103,雲林醫聖普渡慈航,8
4770265,https://www.digital.archives.go.jp/api/iiif/4770265/manifest.json,301-0103,雲林醫聖普渡慈航,9
4770268,https://www.digital.archives.go.jp/api/iiif/4770268/manifest.json,301-0103,雲林醫聖普渡慈航,10
4770270,https://www.digital.archives.go.jp/api/iiif/4770270/manifest.json,301-0103,雲林醫聖普渡慈航,11
4770273,https://www.digital.archives.go.jp/api/iiif/4770273/manifest.json,301-0103,雲林醫聖普渡慈航,12
4770274,https://www.digital.archives.go.jp/api/iiif/4770274/manifest.json,301-0103,雲林醫聖普渡慈航,13
4770276,https://www.digital.archives.go.jp/api/iiif/4770276/manifest.json,301-0103,雲林醫聖普渡慈航,14
4770278,https://www.digital.archives.go.jp/api/iiif/4770278/manifest.json,301-0103,雲林醫聖普渡慈航,15
4770279,https://www.digital.archives.go.jp/api/iiif/4770279/manifest.json,301-0103,雲林醫聖普渡慈航,16
3636610,https://www.digital.archives.go.jp/api/iiif/3636610/manifest.json,301-0107,王宇泰先生訂補古今醫鑑,2
3669212,https://www.digital.archives.go.jp/api/iiif/3669212/manifest.json,301-0107,王宇泰先生訂補古今醫鑑,3
3669213,https://www.digital.archives.go.jp/api/iiif/3669213/manifest.json,301-0107,王宇泰先生訂補古今醫鑑,4
3669214,https://www.digital.archives.go.jp/api/iiif/3669214/manifest.json,301-0107,王宇泰先生訂補古今醫鑑,5
3669215,https://www.digital.archives.go.jp/api/iiif/3669215/manifest.json,301-0107,王宇泰先生訂補古今醫鑑,6
3669216,https://www.digital.archives.go.jp/api/iiif/3669216/manifest.json,301-0107,王宇泰先生訂補古今醫鑑,7
3669233,https://www.digital.archives.go.jp/api/iiif/3669233/manifest.json,301-0107,王宇泰先生訂補古今醫鑑,8
3669234,https://www.digital.archives.go.jp/api/iiif/3669234/manifest.json,301-0107,王宇泰先生訂補古今醫鑑,9
3669235,https://www.digital.archives.go.jp/api/iiif/3669235/manifest.json,301-0107,王宇泰先生訂補古今醫鑑,10
3669236,https://www.digital.archives.go.jp/api/iiif/3669236/manifest.json,301-0107,王宇泰先生訂補古今醫鑑,11
3669237,https://www.digital.archives.go.jp/api/iiif/3669237/manifest.json,301-0107,王宇泰先生訂補古今醫鑑,12
3669238,https://www.digital.archives.go.jp/api/iiif/3669238/manifest.json,301-0107,王宇泰先生訂補古今醫鑑,13
3669239,https://www.digital.archives.go.jp/api/iiif/3669239/manifest.json,301-0107,王宇泰先生訂補古今醫鑑,14
3669260,https://www.digital.archives.go.jp/api/iiif/3669260/manifest.json,301-0107,王宇泰先生訂補古今醫鑑,15
3669261,https://www.digital.archives.go.jp/api/iiif/3669261/manifest.json,301-0107,王宇泰先生訂補古今醫鑑,16
4770422,https://www.digital.archives.go.jp/api/iiif/4770422/manifest.json,302-0010,醫彀,1
4770423,https://www.digital.archives.go.jp/api/iiif/4770423/manifest.json,302-0010,醫彀,2
4770424,https://www.digital.archives.go.jp/api/iiif/4770424/manifest.json,302-0010,醫彀,3
4770425,https://www.digital.archives.go.jp/api/iiif/4770425/manifest.json,302-0010,醫彀,4
4770426,https://www.digital.archives.go.jp/api/iiif/4770426/manifest.json,302-0010,醫彀,5
4770427,https://www.digital.archives.go.jp/api/iiif/4770427/manifest.json,302-0010,醫彀,6
4770428,https://www.digital.archives.go.jp/api/iiif/4770428/manifest.json,302-0010,醫彀,7
4770429,https://www.digital.archives.go.jp/api/iiif/4770429/manifest.json,302-0010,醫彀,8
4770430,https://www.digital.archives.go.jp/api/iiif/4770430/manifest.json,302-0010,醫彀,9
4770431,https://www.digital.archives.go.jp/api/iiif/4770431/manifest.json,302-0010,醫彀,10
4770432,https://www.digital.archives.go.jp/api/iiif/4770432/manifest.json,302-0010,醫彀,11
4770433,https://www.digital.archives.go.jp/api/iiif/4770433/manifest.json,302-0010,醫彀,12
4770434,https://www.digital.archives.go.jp/api/iiif/4770434/manifest.json,302-0010,醫彀,13
4770435,https://www.digital.archives.go.jp/api/iiif/4770435/manifest.json,302-0010,醫彀,14
4770436,https://www.digital.archives.go.jp/api/iiif/4770436/manifest.json,302-0010,醫彀,15
4770437,https://www.digital.archives.go.jp/api/iiif/4770437/manifest.json,302-0010,醫彀,16
4915099,https://www.digital.archives.go.jp/api/iiif/4915099/manifest.json,302-0034,新刻醫匯,1
4915100,https://www.digital.archives.go.jp/api/iiif/4915100/manifest.json,302-0034,新刻醫匯,2
4915101,https://www.digital.archives.go.jp/api/iiif/4915101/manifest.json,302-0034,新刻醫匯,3
4915102,https://www.digital.archives.go.jp/api/iiif/4915102/manifest.json,302-0034,新刻醫匯,4
4915103,https://www.digital.archives.go.jp/api/iiif/4915103/manifest.json,302-0034,新刻醫匯,5
4915104,https://www.digital.archives.go.jp/api/iiif/4915104/manifest.json,302-0034,新刻醫匯,6
4915105,https://www.digital.archives.go.jp/api/iiif/4915105/manifest.json,302-0034,新刻醫匯,7
4915106,https://www.digital.archives.go.jp/api/iiif/4915106/manifest.json,302-0034,新刻醫匯,8
4915107,https://www.digital.archives.go.jp/api/iiif/4915107/manifest.json,302-0034,新刻醫匯,9
4915108,https://www.digital.archives.go.jp/api/iiif/4915108/manifest.json,302-0034,新刻醫匯,10
4915109,https://www.digital.archives.go.jp/api/iiif/4915109/manifest.json,302-0034,新刻醫匯,11
4915110,https://www.digital.archives.go.jp/api/iiif/4915110/manifest.json,302-0034,新刻醫匯,12
4915111,https://www.digital.archives.go.jp/api/iiif/4915111/manifest.json,302-0034,新刻醫匯,13
4915112,https://www.digital.archives.go.jp/api/iiif/4915112/manifest.json,302-0034,新刻醫匯,14
4915113,https://www.digital.archives.go.jp/api/iiif/4915113/manifest.json,302-0034,新刻醫匯,15
4915114,https://www.digital.archives.go.jp/api/iiif/4915114/manifest.json,302-0034,新刻醫匯,16
4915236,https://www.digital.archives.go.jp/api/iiif/4915236/manifest.json,302-0072,張氏醫通,1
4915237,https://www.digital.archives.go.jp/api/iiif/4915237/manifest.json,302-0072,張氏醫通,2
4915238,https://www.digital.archives.go.jp/api/iiif/4915238/manifest.json,302-0072,張氏醫通,3
4915239,https://www.digital.archives.go.jp/api/iiif/4915239/manifest.json,302-0072,張氏醫通,4
4915240,https://www.digital.archives.go.jp/api/iiif/4915240/manifest.json,302-0072,張氏醫通,5
4915241,https://www.digital.archives.go.jp/api/iiif/4915241/manifest.json,302-0072,張氏醫通,6
4915242,https://www.digital.archives.go.jp/api/iiif/4915242/manifest.json,302-0072,張氏醫通,7
4915243,https://www.digital.archives.go.jp/api/iiif/4915243/manifest.json,302-0072,張氏醫通,8
4915244,https://www.digital.archives.go.jp/api/iiif/4915244/manifest.json,302-0072,張氏醫通,9
4915245,https://www.digital.archives.go.jp/api/iiif/4915245/manifest.json,302-0072,張氏醫通,10
4915246,https://www.digital.archives.go.jp/api/iiif/4915246/manifest.json,302-0072,張氏醫通,11
4915247,https://www.digital.archives.go.jp/api/iiif/4915247/manifest.json,302-0072,張氏醫通,12
4915248,https://www.digital.archives.go.jp/api/iiif/4915248/manifest.json,302-0072,張氏醫通,13
4915249,https://www.digital.archives.go.jp/api/iiif/4915249/manifest.json,302-0072,張氏醫通,14
4915250,https://www.digital.archives.go.jp/api/iiif/4915250/manifest.json,302-0072,張氏醫通,15
4915251,https://www.digital.archives.go.jp/api/iiif/4915251/manifest.json,302-0072,張氏醫通,16
4915486,https://www.digital.archives.go.jp/api/iiif/4915486/manifest.json,302-0090,名醫彙粹,1
4915487,https://www.digital.archives.go.jp/api/iiif/4915487/manifest.json,302-0090,名醫彙粹,2
4915488,https://www.digital.archives.go.jp/api/iiif/4915488/manifest.json,302-0090,名醫彙粹,3
4915489,https://www.digital.archives.go.jp/api/iiif/4915489/manifest.json,302-0090,名醫彙粹,4
4915490,https://www.digital.archives.go.jp/api/iiif/4915490/manifest.json,302-0090,名醫彙粹,5
4915491,https://www.digital.archives.go.jp/api/iiif/4915491/manifest.json,302-0090,名醫彙粹,6
4915492,https://www.digital.archives.go.jp/api/iiif/4915492/manifest.json,302-0090,名醫彙粹,7
4915493,https://www.digital.archives.go.jp/api/iiif/4915493/manifest.json,302-0090,名醫彙粹,8
4915494,https://www.digital.archives.go.jp/api/iiif/4915494/manifest.json,302-0090,名醫彙粹,9
4915495,https://www.digital.archives.go.jp/api/iiif/4915495/manifest.json,302-0090,名醫彙粹,10
4915496,https://www.digital.archives.go.jp/api/iiif/4915496/manifest.json,302-0090,名醫彙粹,11
4915497,https://www.digital.archives.go.jp/api/iiif/4915497/manifest.json,302-0090,名醫彙粹,12
4915498,https://www.digital.archives.go.jp/api/iiif/4915498/manifest.json,302-0090,名醫彙粹,13
4915499,https://www.digital.archives.go.jp/api/iiif/4915499/manifest.json,302-0090,名醫彙粹,14
4915500,https://www.digital.archives.go.jp/api/iiif/4915500/manifest.json,302-0090,名醫彙粹,15
4915501,https://www.digital.archives.go.jp/api/iiif/4915501/manifest.json,302-0090,名醫彙粹,16
594676,https://www.digital.archives.go.jp/api/iiif/594676/manifest.json,302-0101,醫學四要,1
594670,https://www.digital.archives.go.jp/api/iiif/594670/manifest.json,302-0101,醫學四要,2
594675,https://www.digital.archives.go.jp/api/iiif/594675/manifest.json,302-0101,醫學四要,3
594678,https://www.digital.archives.go.jp/api/iiif/594678/manifest.json,302-0101,醫學四要,4
594671,https://www.digital.archives.go.jp/api/iiif/594671/manifest.json,302-0101,醫學四要,5
594677,https://www.digital.archives.go.jp/api/iiif/594677/manifest.json,302-0101,醫學四要,6
594680,https://www.digital.archives.go.jp/api/iiif/594680/manifest.json,302-0101,醫學四要,7
594679,https://www.digital.archives.go.jp/api/iiif/594679/manifest.json,302-0101,醫學四要,8
594682,https://www.digital.archives.go.jp/api/iiif/594682/manifest.json,302-0101,醫學四要,9
594672,https://www.digital.archives.go.jp/api/iiif/594672/manifest.json,302-0101,醫學四要,10
594681,https://www.digital.archives.go.jp/api/iiif/594681/manifest.json,302-0101,醫學四要,11
594674,https://www.digital.archives.go.jp/api/iiif/594674/manifest.json,302-0101,醫學四要,12
594673,https://www.digital.archives.go.jp/api/iiif/594673/manifest.json,302-0101,醫學四要,13
594789,https://www.digital.archives.go.jp/api/iiif/594789/manifest.json,302-0101,醫學四要,14
594790,https://www.digital.archives.go.jp/api/iiif/594790/manifest.json,302-0101,醫學四要,15
594791,https://www.digital.archives.go.jp/api/iiif/594791/manifest.json,302-0101,醫學四要,16
4917342,https://www.digital.archives.go.jp/api/iiif/4917342/manifest.json,304-0003,大醫院真傳全幼心鑑,1
4918232,https://www.digital.archives.go.jp/api/iiif/4918232/manifest.json,304-0312,本草彙言,1
4918233,https://www.digital.archives.go.jp/api/iiif/4918233/manifest.json,304-0312,本草彙言,2
4918234,https://www.digital.archives.go.jp/api/iiif/4918234/manifest.json,304-0312,本草彙言,3
4918235,https://www.digital.archives.go.jp/api/iiif/4918235/manifest.json,304-0312,本草彙言,4
4918236,https://www.digital.archives.go.jp/api/iiif/4918236/manifest.json,304-0312,本草彙言,5
4918237,https://www.digital.archives.go.jp/api/iiif/4918237/manifest.json,304-0312,本草彙言,6
4918238,https://www.digital.archives.go.jp/api/iiif/4918238/manifest.json,304-0312,本草彙言,7
4918239,https://www.digital.archives.go.jp/api/iiif/4918239/manifest.json,304-0312,本草彙言,8
4918240,https://www.digital.archives.go.jp/api/iiif/4918240/manifest.json,304-0312,本草彙言,9
4918241,https://www.digital.archives.go.jp/api/iiif/4918241/manifest.json,304-0312,本草彙言,10
4918242,https://www.digital.archives.go.jp/api/iiif/4918242/manifest.json,304-0312,本草彙言,11
4918243,https://www.digital.archives.go.jp/api/iiif/4918243/manifest.json,304-0312,本草彙言,12
4918244,https://www.digital.archives.go.jp/api/iiif/4918244/manifest.json,304-0312,本草彙言,13
4918245,https://www.digital.archives.go.jp/api/iiif/4918245/manifest.json,304-0312,本草彙言,14
4918246,https://www.digital.archives.go.jp/api/iiif/4918246/manifest.json,304-0312,本草彙言,15
4918247,https://www.digital.archives.go.jp/api/iiif/4918247/manifest.json,304-0312,本草彙言,16
4918517,https://www.digital.archives.go.jp/api/iiif/4918517/manifest.json,305-0022,千金翼方,1
4918518,https://www.digital.archives.go.jp/api/iiif/4918518/manifest.json,305-0022,千金翼方,2
4918519,https://www.digital.archives.go.jp/api/iiif/4918519/manifest.json,305-0022,千金翼方,3
4918520,https://www.digital.archives.go.jp/api/iiif/4918520/manifest.json,305-0022,千金翼方,4
4918521,https://www.digital.archives.go.jp/api/iiif/4918521/manifest.json,305-0022,千金翼方,5
4918522,https://www.digital.archives.go.jp/api/iiif/4918522/manifest.json,305-0022,千金翼方,6
4918523,https://www.digital.archives.go.jp/api/iiif/4918523/manifest.json,305-0022,千金翼方,7
4918524,https://www.digital.archives.go.jp/api/iiif/4918524/manifest.json,305-0022,千金翼方,8
4918525,https://www.digital.archives.go.jp/api/iiif/4918525/manifest.json,305-0022,千金翼方,9
4918526,https://www.digital.archives.go.jp/api/iiif/4918526/manifest.json,305-0022,千金翼方,10
4918527,https://www.digital.archives.go.jp/api/iiif/4918527/manifest.json,305-0022,千金翼方,11
4918528,https://www.digital.archives.go.jp/api/iiif/4918528/manifest.json,305-0022,千金翼方,12
4918529,https://www.digital.archives.go.jp/api/iiif/4918529/manifest.json,305-0022,千金翼方,13
4918530,https://www.digital.archives.go.jp/api/iiif/4918530/manifest.json,305-0022,千金翼方,14
4918531,https://www.digital.archives.go.jp/api/iiif/4918531/manifest.json,305-0022,千金翼方,15
4918532,https://www.digital.archives.go.jp/api/iiif/4918532/manifest.json,305-0022,千金翼方,16
4918533,https://www.digital.archives.go.jp/api/iiif/4918533/manifest.json,305-0023,千金翼方,1
4918534,https://www.digital.archives.go.jp/api/iiif/4918534/manifest.json,305-0023,千金翼方,2
4918535,https://www.digital.archives.go.jp/api/iiif/4918535/manifest.json,305-0023,千金翼方,3
4918536,https://www.digital.archives.go.jp/api/iiif/4918536/manifest.json,305-0023,千金翼方,4
4918537,https://www.digital.archives.go.jp/api/iiif/4918537/manifest.json,305-0023,千金翼方,5
4918538,https://www.digital.archives.go.jp/api/iiif/4918538/manifest.json,305-0023,千金翼方,6
4918539,https://www.digital.archives.go.jp/api/iiif/4918539/manifest.json,305-0023,千金翼方,7
4918540,https://www.digital.archives.go.jp/api/iiif/4918540/manifest.json,305-0023,千金翼方,8
4918541,https://www.digital.archives.go.jp/api/iiif/4918541/manifest.json,305-0023,千金翼方,9
4918542,https://www.digital.archives.go.jp/api/iiif/4918542/manifest.json,305-0023,千金翼方,10
4918543,https://www.digital.archives.go.jp/api/iiif/4918543/manifest.json,305-0023,千金翼方,11
4918544,https://www.digital.archives.go.jp/api/iiif/4918544/manifest.json,305-0023,千金翼方,12
4918545,https://www.digital.archives.go.jp/api/iiif/4918545/manifest.json,305-0023,千金翼方,13
4918546,https://www.digital.archives.go.jp/api/iiif/4918546/manifest.json,305-0023,千金翼方,14
4918547,https://www.digital.archives.go.jp/api/iiif/4918547/manifest.json,305-0023,千金翼方,15
4918548,https://www.digital.archives.go.jp/api/iiif/4918548/manifest.json,305-0023,千金翼方,16
4918623,https://www.digital.archives.go.jp/api/iiif/4918623/manifest.json,305-0041,千金翼方,1
4918624,https://www.digital.archives.go.jp/api/iiif/4918624/manifest.json,305-0041,千金翼方,2
4918625,https://www.digital.archives.go.jp/api/iiif/4918625/manifest.json,305-0041,千金翼方,3
4918626,https://www.digital.archives.go.jp/api/iiif/4918626/manifest.json,305-0041,千金翼方,4
4918627,https://www.digital.archives.go.jp/api/iiif/4918627/manifest.json,305-0041,千金翼方,5
4918628,https://www.digital.archives.go.jp/api/iiif/4918628/manifest.json,305-0041,千金翼方,6
4918629,https://www.digital.archives.go.jp/api/iiif/4918629/manifest.json,305-0041,千金翼方,7
4918630,https://www.digital.archives.go.jp/api/iiif/4918630/manifest.json,305-0041,千金翼方,8
4918631,https://www.digital.archives.go.jp/api/iiif/4918631/manifest.json,305-0041,千金翼方,9
4918632,https://www.digital.archives.go.jp/api/iiif/4918632/manifest.json,305-0041,千金翼方,10
4918633,https://www.digital.archives.go.jp/api/iiif/4918633/manifest.json,305-0041,千金翼方,11
4918634,https://www.digital.archives.go.jp/api/iiif/4918634/manifest.json,305-0041,千金翼方,12
4918635,https://www.digital.archives.go.jp/api/iiif/4918635/manifest.json,305-0041,千金翼方,13
4918636,https://www.digital.archives.go.jp/api/iiif/4918636/manifest.json,305-0041,千金翼方,14
4918637,https://www.digital.archives.go.jp/api/iiif/4918637/manifest.json,305-0041,千金翼方,15
4918638,https://www.digital.archives.go.jp/api/iiif/4918638/manifest.json,305-0041,千金翼方,16
4782818,https://www.digital.archives.go.jp/api/iiif/4782818/manifest.json,300-0074,周憲王救荒本草,17
4915465,https://www.digital.archives.go.jp/api/iiif/4915465/manifest.json,302-0088,新鐫何氏附方濟輿論必讀,1
4915466,https://www.digital.archives.go.jp/api/iiif/4915466/manifest.json,302-0088,新鐫何氏附方濟輿論必讀,2
4915467,https://www.digital.archives.go.jp/api/iiif/4915467/manifest.json,302-0088,新鐫何氏附方濟輿論必讀,3
4915468,https://www.digital.archives.go.jp/api/iiif/4915468/manifest.json,302-0088,新鐫何氏附方濟輿論必讀,4
4915469,https://www.digital.archives.go.jp/api/iiif/4915469/manifest.json,302-0088,新鐫何氏附方濟輿論必讀,5
4915470,https://www.digital.archives.go.jp/api/iiif/4915470/manifest.json,302-0088,新鐫何氏附方濟輿論必讀,6
4915471,https://www.digital.archives.go.jp/api/iiif/4915471/manifest.json,302-0088,新鐫何氏附方濟輿論必讀,7
4915472,https://www.digital.archives.go.jp/api/iiif/4915472/manifest.json,302-0088,新鐫何氏附方濟輿論必讀,8
4915473,https://www.digital.archives.go.jp/api/iiif/4915473/manifest.json,302-0088,新鐫何氏附方濟輿論必讀,9
4915474,https://www.digital.archives.go.jp/api/iiif/4915474/manifest.json,302-0088,新鐫何氏附方濟輿論必讀,10
4915475,https://www.digital.archives.go.jp/api/iiif/4915475/manifest.json,302-0088,新鐫何氏附方濟輿論必讀,11
4915476,https://www.digital.archives.go.jp/api/iiif/4915476/manifest.json,302-0088,新鐫何氏附方濟輿論必讀,12
4915477,https://www.digital.archives.go.jp/api/iiif/4915477/manifest.json,302-0088,新鐫何氏附方濟輿論必讀,13
4915478,https://www.digital.archives.go.jp/api/iiif/4915478/manifest.json,302-0088,新鐫何氏附方濟輿論必讀,14
4915479,https://www.digital.archives.go.jp/api/iiif/4915479/manifest.json,302-0088,新鐫何氏附方濟輿論必讀,15
4915480,https://www.digital.archives.go.jp/api/iiif/4915480/manifest.json,302-0088,新鐫何氏附方濟輿論必讀,16
4915481,https://www.digital.archives.go.jp/api/iiif/4915481/manifest.json,302-0088,新鐫何氏附方濟輿論必讀,17
4915218,https://www.digital.archives.go.jp/api/iiif/4915218/manifest.json,302-0071,張氏醫通,1
4915219,https://www.digital.archives.go.jp/api/iiif/4915219/manifest.json,302-0071,張氏醫通,2
4915220,https://www.digital.archives.go.jp/api/iiif/4915220/manifest.json,302-0071,張氏醫通,3
4915221,https://www.digital.archives.go.jp/api/iiif/4915221/manifest.json,302-0071,張氏醫通,4
4915222,https://www.digital.archives.go.jp/api/iiif/4915222/manifest.json,302-0071,張氏醫通,5
4915223,https://www.digital.archives.go.jp/api/iiif/4915223/manifest.json,302-0071,張氏醫通,6
4915224,https://www.digital.archives.go.jp/api/iiif/4915224/manifest.json,302-0071,張氏醫通,7
4915225,https://www.digital.archives.go.jp/api/iiif/4915225/manifest.json,302-0071,張氏醫通,8
4915226,https://www.digital.archives.go.jp/api/iiif/4915226/manifest.json,302-0071,張氏醫通,9
4915227,https://www.digital.archives.go.jp/api/iiif/4915227/manifest.json,302-0071,張氏醫通,10
4915228,https://www.digital.archives.go.jp/api/iiif/4915228/manifest.json,302-0071,張氏醫通,11
4915229,https://www.digital.archives.go.jp/api/iiif/4915229/manifest.json,302-0071,張氏醫通,12
4915230,https://www.digital.archives.go.jp/api/iiif/4915230/manifest.json,302-0071,張氏醫通,13
4915231,https://www.digital.archives.go.jp/api/iiif/4915231/manifest.json,302-0071,張氏醫通,14
4915232,https://www.digital.archives.go.jp/api/iiif/4915232/manifest.json,302-0071,張氏醫通,15
4915233,https://www.digital.archives.go.jp/api/iiif/4915233/manifest.json,302-0071,張氏醫通,16
4915234,https://www.digital.archives.go.jp/api/iiif/4915234/manifest.json,302-0071,張氏醫通,17
4915235,https://www.digital.archives.go.jp/api/iiif/4915235/manifest.json,302-0071,張氏醫通,18
4772022,https://www.digital.archives.go.jp/api/iiif/4772022/manifest.json,305-0084,太醫院經驗奇效良方大全,1
4772023,https://www.digital.archives.go.jp/api/iiif/4772023/manifest.json,305-0084,太醫院經驗奇效良方大全,2
4772024,https://www.digital.archives.go.jp/api/iiif/4772024/manifest.json,305-0084,太醫院經驗奇效良方大全,3
4772025,https://www.digital.archives.go.jp/api/iiif/4772025/manifest.json,305-0084,太醫院經驗奇效良方大全,4
4772026,https://www.digital.archives.go.jp/api/iiif/4772026/manifest.json,305-0084,太醫院經驗奇效良方大全,5
4772027,https://www.digital.archives.go.jp/api/iiif/4772027/manifest.json,305-0084,太醫院經驗奇效良方大全,6
4772028,https://www.digital.archives.go.jp/api/iiif/4772028/manifest.json,305-0084,太醫院經驗奇效良方大全,7
4772029,https://www.digital.archives.go.jp/api/iiif/4772029/manifest.json,305-0084,太醫院經驗奇效良方大全,8
4772030,https://www.digital.archives.go.jp/api/iiif/4772030/manifest.json,305-0084,太醫院經驗奇效良方大全,9
4772031,https://www.digital.archives.go.jp/api/iiif/4772031/manifest.json,305-0084,太醫院經驗奇效良方大全,10
4772032,https://www.digital.archives.go.jp/api/iiif/4772032/manifest.json,305-0084,太醫院經驗奇效良方大全,11
4772033,https://www.digital.archives.go.jp/api/iiif/4772033/manifest.json,305-0084,太醫院經驗奇效良方大全,12
4772034,https://www.digital.archives.go.jp/api/iiif/4772034/manifest.json,305-0084,太醫院經驗奇效良方大全,13
4772035,https://www.digital.archives.go.jp/api/iiif/4772035/manifest.json,305-0084,太醫院經驗奇效良方大全,14
4772036,https://www.digital.archives.go.jp/api/iiif/4772036/manifest.json,305-0084,太醫院經驗奇效良方大全,15
4772037,https://www.digital.archives.go.jp/api/iiif/4772037/manifest.json,305-0084,太醫院經驗奇效良方大全,16
4772038,https://www.digital.archives.go.jp/api/iiif/4772038/manifest.json,305-0084,太醫院經驗奇效良方大全,17
4772039,https://www.digital.archives.go.jp/api/iiif/4772039/manifest.json,305-0084,太醫院經驗奇效良方大全,18
578434,https://www.digital.archives.go.jp/api/iiif/578434/manifest.json,302-0081,醫林指月,1
578372,https://www.digital.archives.go.jp/api/iiif/578372/manifest.json,302-0081,醫林指月,2
578370,https://www.digital.archives.go.jp/api/iiif/578370/manifest.json,302-0081,醫林指月,3
578435,https://www.digital.archives.go.jp/api/iiif/578435/manifest.json,302-0081,醫林指月,4
578436,https://www.digital.archives.go.jp/api/iiif/578436/manifest.json,302-0081,醫林指月,5
578366,https://www.digital.archives.go.jp/api/iiif/578366/manifest.json,302-0081,醫林指月,6
578438,https://www.digital.archives.go.jp/api/iiif/578438/manifest.json,302-0081,醫林指月,7
578437,https://www.digital.archives.go.jp/api/iiif/578437/manifest.json,302-0081,醫林指月,8
578440,https://www.digital.archives.go.jp/api/iiif/578440/manifest.json,302-0081,醫林指月,9
578369,https://www.digital.archives.go.jp/api/iiif/578369/manifest.json,302-0081,醫林指月,10
578365,https://www.digital.archives.go.jp/api/iiif/578365/manifest.json,302-0081,醫林指月,11
578439,https://www.digital.archives.go.jp/api/iiif/578439/manifest.json,302-0081,醫林指月,12
578442,https://www.digital.archives.go.jp/api/iiif/578442/manifest.json,302-0081,醫林指月,13
578368,https://www.digital.archives.go.jp/api/iiif/578368/manifest.json,302-0081,醫林指月,14
578441,https://www.digital.archives.go.jp/api/iiif/578441/manifest.json,302-0081,醫林指月,15
578444,https://www.digital.archives.go.jp/api/iiif/578444/manifest.json,302-0081,醫林指月,16
578371,https://www.digital.archives.go.jp/api/iiif/578371/manifest.json,302-0081,醫林指月,17
578443,https://www.digital.archives.go.jp/api/iiif/578443/manifest.json,302-0081,醫林指月,18
578367,https://www.digital.archives.go.jp/api/iiif/578367/manifest.json,302-0081,醫林指月,19
4917147,https://www.digital.archives.go.jp/api/iiif/4917147/manifest.json,303-0254,濟陰綱目,1
4917148,https://www.digital.archives.go.jp/api/iiif/4917148/manifest.json,303-0254,濟陰綱目,2
4917149,https://www.digital.archives.go.jp/api/iiif/4917149/manifest.json,303-0254,濟陰綱目,3
4917150,https://www.digital.archives.go.jp/api/iiif/4917150/manifest.json,303-0254,濟陰綱目,4
4917151,https://www.digital.archives.go.jp/api/iiif/4917151/manifest.json,303-0254,濟陰綱目,5
4917152,https://www.digital.archives.go.jp/api/iiif/4917152/manifest.json,303-0254,濟陰綱目,6
4917153,https://www.digital.archives.go.jp/api/iiif/4917153/manifest.json,303-0254,濟陰綱目,7
4917154,https://www.digital.archives.go.jp/api/iiif/4917154/manifest.json,303-0254,濟陰綱目,8
4917155,https://www.digital.archives.go.jp/api/iiif/4917155/manifest.json,303-0254,濟陰綱目,9
4917156,https://www.digital.archives.go.jp/api/iiif/4917156/manifest.json,303-0254,濟陰綱目,10
4917157,https://www.digital.archives.go.jp/api/iiif/4917157/manifest.json,303-0254,濟陰綱目,11
4917158,https://www.digital.archives.go.jp/api/iiif/4917158/manifest.json,303-0254,濟陰綱目,12
4917159,https://www.digital.archives.go.jp/api/iiif/4917159/manifest.json,303-0254,濟陰綱目,13
4917160,https://www.digital.archives.go.jp/api/iiif/4917160/manifest.json,303-0254,濟陰綱目,14
4917161,https://www.digital.archives.go.jp/api/iiif/4917161/manifest.json,303-0254,濟陰綱目,15
4917162,https://www.digital.archives.go.jp/api/iiif/4917162/manifest.json,303-0254,濟陰綱目,16
4917163,https://www.digital.archives.go.jp/api/iiif/4917163/manifest.json,303-0254,濟陰綱目,17
4917164,https://www.digital.archives.go.jp/api/iiif/4917164/manifest.json,303-0254,濟陰綱目,18
4917165,https://www.digital.archives.go.jp/api/iiif/4917165/manifest.json,303-0254,濟陰綱目,19
4414898,https://www.digital.archives.go.jp/api/iiif/4414898/manifest.json,048-0001,保嬰全書,1
4414899,https://www.digital.archives.go.jp/api/iiif/4414899/manifest.json,048-0001,保嬰全書,2
4414900,https://www.digital.archives.go.jp/api/iiif/4414900/manifest.json,048-0001,保嬰全書,3
4414901,https://www.digital.archives.go.jp/api/iiif/4414901/manifest.json,048-0001,保嬰全書,4
4414902,https://www.digital.archives.go.jp/api/iiif/4414902/manifest.json,048-0001,保嬰全書,5
4414903,https://www.digital.archives.go.jp/api/iiif/4414903/manifest.json,048-0001,保嬰全書,6
4414904,https://www.digital.archives.go.jp/api/iiif/4414904/manifest.json,048-0001,保嬰全書,7
4414905,https://www.digital.archives.go.jp/api/iiif/4414905/manifest.json,048-0001,保嬰全書,8
4414906,https://www.digital.archives.go.jp/api/iiif/4414906/manifest.json,048-0001,保嬰全書,9
4414907,https://www.digital.archives.go.jp/api/iiif/4414907/manifest.json,048-0001,保嬰全書,10
4414908,https://www.digital.archives.go.jp/api/iiif/4414908/manifest.json,048-0001,保嬰全書,11
4414909,https://www.digital.archives.go.jp/api/iiif/4414909/manifest.json,048-0001,保嬰全書,12
4422873,https://www.digital.archives.go.jp/api/iiif/4422873/manifest.json,048-0001,保嬰全書,13
4423791,https://www.digital.archives.go.jp/api/iiif/4423791/manifest.json,048-0001,保嬰全書,14
4423792,https://www.digital.archives.go.jp/api/iiif/4423792/manifest.json,048-0001,保嬰全書,15
4423793,https://www.digital.archives.go.jp/api/iiif/4423793/manifest.json,048-0001,保嬰全書,16
4423795,https://www.digital.archives.go.jp/api/iiif/4423795/manifest.json,048-0001,保嬰全書,17
4423796,https://www.digital.archives.go.jp/api/iiif/4423796/manifest.json,048-0001,保嬰全書,18
4423797,https://www.digital.archives.go.jp/api/iiif/4423797/manifest.json,048-0001,保嬰全書,19
4423798,https://www.digital.archives.go.jp/api/iiif/4423798/manifest.json,048-0001,保嬰全書,20
4423822,https://www.digital.archives.go.jp/api/iiif/4423822/manifest.json,258-0002,新刊官本類證醫林集要,1
4423823,https://www.digital.archives.go.jp/api/iiif/4423823/manifest.json,258-0002,新刊官本類證醫林集要,2
4423824,https://www.digital.archives.go.jp/api/iiif/4423824/manifest.json,258-0002,新刊官本類證醫林集要,3
4424751,https://www.digital.archives.go.jp/api/iiif/4424751/manifest.json,258-0002,新刊官本類證醫林集要,4
4424752,https://www.digital.archives.go.jp/api/iiif/4424752/manifest.json,258-0002,新刊官本類證醫林集要,5
4424753,https://www.digital.archives.go.jp/api/iiif/4424753/manifest.json,258-0002,新刊官本類證醫林集要,6
4424754,https://www.digital.archives.go.jp/api/iiif/4424754/manifest.json,258-0002,新刊官本類證醫林集要,7
4424755,https://www.digital.archives.go.jp/api/iiif/4424755/manifest.json,258-0002,新刊官本類證醫林集要,8
4424756,https://www.digital.archives.go.jp/api/iiif/4424756/manifest.json,258-0002,新刊官本類證醫林集要,9
4424757,https://www.digital.archives.go.jp/api/iiif/4424757/manifest.json,258-0002,新刊官本類證醫林集要,10
4424758,https://www.digital.archives.go.jp/api/iiif/4424758/manifest.json,258-0002,新刊官本類證醫林集要,11
4424759,https://www.digital.archives.go.jp/api/iiif/4424759/manifest.json,258-0002,新刊官本類證醫林集要,12
4424760,https://www.digital.archives.go.jp/api/iiif/4424760/manifest.json,258-0002,新刊官本類證醫林集要,13
4424761,https://www.digital.archives.go.jp/api/iiif/4424761/manifest.json,258-0002,新刊官本類證醫林集要,14
4424762,https://www.digital.archives.go.jp/api/iiif/4424762/manifest.json,258-0002,新刊官本類證醫林集要,15
4424763,https://www.digital.archives.go.jp/api/iiif/4424763/manifest.json,258-0002,新刊官本類證醫林集要,16
4424764,https://www.digital.archives.go.jp/api/iiif/4424764/manifest.json,258-0002,新刊官本類證醫林集要,17
4424765,https://www.digital.archives.go.jp/api/iiif/4424765/manifest.json,258-0002,新刊官本類證醫林集要,18
4424766,https://www.digital.archives.go.jp/api/iiif/4424766/manifest.json,258-0002,新刊官本類證醫林集要,19
4425692,https://www.digital.archives.go.jp/api/iiif/4425692/manifest.json,258-0002,新刊官本類證醫林集要,20
4915152,https://www.digital.archives.go.jp/api/iiif/4915152/manifest.json,302-0060,羅氏會約醫鏡,1
4915153,https://www.digital.archives.go.jp/api/iiif/4915153/manifest.json,302-0060,羅氏會約醫鏡,2
4915154,https://www.digital.archives.go.jp/api/iiif/4915154/manifest.json,302-0060,羅氏會約醫鏡,3
4915155,https://www.digital.archives.go.jp/api/iiif/4915155/manifest.json,302-0060,羅氏會約醫鏡,4
4915156,https://www.digital.archives.go.jp/api/iiif/4915156/manifest.json,302-0060,羅氏會約醫鏡,5
4915157,https://www.digital.archives.go.jp/api/iiif/4915157/manifest.json,302-0060,羅氏會約醫鏡,6
4915158,https://www.digital.archives.go.jp/api/iiif/4915158/manifest.json,302-0060,羅氏會約醫鏡,7
4915159,https://www.digital.archives.go.jp/api/iiif/4915159/manifest.json,302-0060,羅氏會約醫鏡,8
4915160,https://www.digital.archives.go.jp/api/iiif/4915160/manifest.json,302-0060,羅氏會約醫鏡,9
4915161,https://www.digital.archives.go.jp/api/iiif/4915161/manifest.json,302-0060,羅氏會約醫鏡,10
4915162,https://www.digital.archives.go.jp/api/iiif/4915162/manifest.json,302-0060,羅氏會約醫鏡,11
4915163,https://www.digital.archives.go.jp/api/iiif/4915163/manifest.json,302-0060,羅氏會約醫鏡,12
4915164,https://www.digital.archives.go.jp/api/iiif/4915164/manifest.json,302-0060,羅氏會約醫鏡,13
4915165,https://www.digital.archives.go.jp/api/iiif/4915165/manifest.json,302-0060,羅氏會約醫鏡,14
4915166,https://www.digital.archives.go.jp/api/iiif/4915166/manifest.json,302-0060,羅氏會約醫鏡,15
4915167,https://www.digital.archives.go.jp/api/iiif/4915167/manifest.json,302-0060,羅氏會約醫鏡,16
4915168,https://www.digital.archives.go.jp/api/iiif/4915168/manifest.json,302-0060,羅氏會約醫鏡,17
4915169,https://www.digital.archives.go.jp/api/iiif/4915169/manifest.json,302-0060,羅氏會約醫鏡,18
4915170,https://www.digital.archives.go.jp/api/iiif/4915170/manifest.json,302-0060,羅氏會約醫鏡,19
4915171,https://www.digital.archives.go.jp/api/iiif/4915171/manifest.json,302-0060,羅氏會約醫鏡,20
4756665,https://www.digital.archives.go.jp/api/iiif/4756665/manifest.json,045-0002,食物本草,3
4756666,https://www.digital.archives.go.jp/api/iiif/4756666/manifest.json,045-0002,食物本草,4
4756667,https://www.digital.archives.go.jp/api/iiif/4756667/manifest.json,045-0002,食物本草,5
4756668,https://www.digital.archives.go.jp/api/iiif/4756668/manifest.json,045-0002,食物本草,6
4756669,https://www.digital.archives.go.jp/api/iiif/4756669/manifest.json,045-0002,食物本草,7
4756670,https://www.digital.archives.go.jp/api/iiif/4756670/manifest.json,045-0002,食物本草,8
4756671,https://www.digital.archives.go.jp/api/iiif/4756671/manifest.json,045-0002,食物本草,9
4756673,https://www.digital.archives.go.jp/api/iiif/4756673/manifest.json,045-0002,食物本草,11
4756675,https://www.digital.archives.go.jp/api/iiif/4756675/manifest.json,045-0002,食物本草,13
4756676,https://www.digital.archives.go.jp/api/iiif/4756676/manifest.json,045-0002,食物本草,14
4756677,https://www.digital.archives.go.jp/api/iiif/4756677/manifest.json,045-0002,食物本草,15
4756678,https://www.digital.archives.go.jp/api/iiif/4756678/manifest.json,045-0002,食物本草,16
4756680,https://www.digital.archives.go.jp/api/iiif/4756680/manifest.json,045-0002,食物本草,18
4756681,https://www.digital.archives.go.jp/api/iiif/4756681/manifest.json,045-0002,食物本草,19
4756682,https://www.digital.archives.go.jp/api/iiif/4756682/manifest.json,045-0002,食物本草,20
577957,https://www.digital.archives.go.jp/api/iiif/577957/manifest.json,302-0066,證治大還,12
4917971,https://www.digital.archives.go.jp/api/iiif/4917971/manifest.json,304-0302,本草綱目,3
4917972,https://www.digital.archives.go.jp/api/iiif/4917972/manifest.json,304-0302,本草綱目,4
4917973,https://www.digital.archives.go.jp/api/iiif/4917973/manifest.json,304-0302,本草綱目,5
4917974,https://www.digital.archives.go.jp/api/iiif/4917974/manifest.json,304-0302,本草綱目,6
4917975,https://www.digital.archives.go.jp/api/iiif/4917975/manifest.json,304-0302,本草綱目,7
4917976,https://www.digital.archives.go.jp/api/iiif/4917976/manifest.json,304-0302,本草綱目,8
4917977,https://www.digital.archives.go.jp/api/iiif/4917977/manifest.json,304-0302,本草綱目,9
4917978,https://www.digital.archives.go.jp/api/iiif/4917978/manifest.json,304-0302,本草綱目,10
4917980,https://www.digital.archives.go.jp/api/iiif/4917980/manifest.json,304-0302,本草綱目,12
4917981,https://www.digital.archives.go.jp/api/iiif/4917981/manifest.json,304-0302,本草綱目,13
4917982,https://www.digital.archives.go.jp/api/iiif/4917982/manifest.json,304-0302,本草綱目,14
4917983,https://www.digital.archives.go.jp/api/iiif/4917983/manifest.json,304-0302,本草綱目,15
4917984,https://www.digital.archives.go.jp/api/iiif/4917984/manifest.json,304-0302,本草綱目,16
4917985,https://www.digital.archives.go.jp/api/iiif/4917985/manifest.json,304-0302,本草綱目,17
4917986,https://www.digital.archives.go.jp/api/iiif/4917986/manifest.json,304-0302,本草綱目,18
4917987,https://www.digital.archives.go.jp/api/iiif/4917987/manifest.json,304-0302,本草綱目,19
4917988,https://www.digital.archives.go.jp/api/iiif/4917988/manifest.json,304-0302,本草綱目,20
4917989,https://www.digital.archives.go.jp/api/iiif/4917989/manifest.json,304-0302,本草綱目,21
4770996,https://www.digital.archives.go.jp/api/iiif/4770996/manifest.json,305-0007,孫真人備急千金要方,1
4770998,https://www.digital.archives.go.jp/api/iiif/4770998/manifest.json,305-0007,孫真人備急千金要方,3
4770999,https://www.digital.archives.go.jp/api/iiif/4770999/manifest.json,305-0007,孫真人備急千金要方,4
4771000,https://www.digital.archives.go.jp/api/iiif/4771000/manifest.json,305-0007,孫真人備急千金要方,5
4771001,https://www.digital.archives.go.jp/api/iiif/4771001/manifest.json,305-0007,孫真人備急千金要方,6
4771002,https://www.digital.archives.go.jp/api/iiif/4771002/manifest.json,305-0007,孫真人備急千金要方,7
4771003,https://www.digital.archives.go.jp/api/iiif/4771003/manifest.json,305-0007,孫真人備急千金要方,8
4771004,https://www.digital.archives.go.jp/api/iiif/4771004/manifest.json,305-0007,孫真人備急千金要方,9
4771005,https://www.digital.archives.go.jp/api/iiif/4771005/manifest.json,305-0007,孫真人備急千金要方,10
4771006,https://www.digital.archives.go.jp/api/iiif/4771006/manifest.json,305-0007,孫真人備急千金要方,11
4771007,https://www.digital.archives.go.jp/api/iiif/4771007/manifest.json,305-0007,孫真人備急千金要方,12
4771008,https://www.digital.archives.go.jp/api/iiif/4771008/manifest.json,305-0007,孫真人備急千金要方,13
4771009,https://www.digital.archives.go.jp/api/iiif/4771009/manifest.json,305-0007,孫真人備急千金要方,14
4771010,https://www.digital.archives.go.jp/api/iiif/4771010/manifest.json,305-0007,孫真人備急千金要方,15
4771011,https://www.digital.archives.go.jp/api/iiif/4771011/manifest.json,305-0007,孫真人備急千金要方,16
4771012,https://www.digital.archives.go.jp/api/iiif/4771012/manifest.json,305-0007,孫真人備急千金要方,17
4771013,https://www.digital.archives.go.jp/api/iiif/4771013/manifest.json,305-0007,孫真人備急千金要方,18
4771014,https://www.digital.archives.go.jp/api/iiif/4771014/manifest.json,305-0007,孫真人備急千金要方,19
4771015,https://www.digital.archives.go.jp/api/iiif/4771015/manifest.json,305-0007,孫真人備急千金要方,20
4771016,https://www.digital.archives.go.jp/api/iiif/4771016/manifest.json,305-0007,孫真人備急千金要方,21
4774071,https://www.digital.archives.go.jp/api/iiif/4774071/manifest.json,304-0292,食物本草,1
4774074,https://www.digital.archives.go.jp/api/iiif/4774074/manifest.json,304-0292,食物本草,4
4774075,https://www.digital.archives.go.jp/api/iiif/4774075/manifest.json,304-0292,食物本草,5
4774076,https://www.digital.archives.go.jp/api/iiif/4774076/manifest.json,304-0292,食物本草,6
4774077,https://www.digital.archives.go.jp/api/iiif/4774077/manifest.json,304-0292,食物本草,7
4774078,https://www.digital.archives.go.jp/api/iiif/4774078/manifest.json,304-0292,食物本草,8
4774079,https://www.digital.archives.go.jp/api/iiif/4774079/manifest.json,304-0292,食物本草,9
4774080,https://www.digital.archives.go.jp/api/iiif/4774080/manifest.json,304-0292,食物本草,10
4774082,https://www.digital.archives.go.jp/api/iiif/4774082/manifest.json,304-0292,食物本草,11
4774083,https://www.digital.archives.go.jp/api/iiif/4774083/manifest.json,304-0292,食物本草,12
4774084,https://www.digital.archives.go.jp/api/iiif/4774084/manifest.json,304-0292,食物本草,13
4774085,https://www.digital.archives.go.jp/api/iiif/4774085/manifest.json,304-0292,食物本草,14
4774086,https://www.digital.archives.go.jp/api/iiif/4774086/manifest.json,304-0292,食物本草,15
4774087,https://www.digital.archives.go.jp/api/iiif/4774087/manifest.json,304-0292,食物本草,16
4774088,https://www.digital.archives.go.jp/api/iiif/4774088/manifest.json,304-0292,食物本草,17
4774089,https://www.digital.archives.go.jp/api/iiif/4774089/manifest.json,304-0292,食物本草,18
4774090,https://www.digital.archives.go.jp/api/iiif/4774090/manifest.json,304-0292,食物本草,19
4774091,https://www.digital.archives.go.jp/api/iiif/4774091/manifest.json,304-0292,食物本草,20
4774092,https://www.digital.archives.go.jp/api/iiif/4774092/manifest.json,304-0292,食物本草,21
4774093,https://www.digital.archives.go.jp/api/iiif/4774093/manifest.json,304-0292,食物本草,22
4108698,https://www.digital.archives.go.jp/api/iiif/4108698/manifest.json,301-0020,醫學綱目,1
4108699,https://www.digital.archives.go.jp/api/iiif/4108699/manifest.json,301-0020,醫學綱目,2
4108700,https://www.digital.archives.go.jp/api/iiif/4108700/manifest.json,301-0020,醫學綱目,3
4109536,https://www.digital.archives.go.jp/api/iiif/4109536/manifest.json,301-0020,醫學綱目,4
4109538,https://www.digital.archives.go.jp/api/iiif/4109538/manifest.json,301-0020,醫學綱目,5
4109540,https://www.digital.archives.go.jp/api/iiif/4109540/manifest.json,301-0020,醫學綱目,6
4109542,https://www.digital.archives.go.jp/api/iiif/4109542/manifest.json,301-0020,醫學綱目,7
4109543,https://www.digital.archives.go.jp/api/iiif/4109543/manifest.json,301-0020,醫學綱目,8
4109545,https://www.digital.archives.go.jp/api/iiif/4109545/manifest.json,301-0020,醫學綱目,9
4109546,https://www.digital.archives.go.jp/api/iiif/4109546/manifest.json,301-0020,醫學綱目,10
4109547,https://www.digital.archives.go.jp/api/iiif/4109547/manifest.json,301-0020,醫學綱目,11
4109548,https://www.digital.archives.go.jp/api/iiif/4109548/manifest.json,301-0020,醫學綱目,12
4109549,https://www.digital.archives.go.jp/api/iiif/4109549/manifest.json,301-0020,醫學綱目,13
4109551,https://www.digital.archives.go.jp/api/iiif/4109551/manifest.json,301-0020,醫學綱目,14
4225180,https://www.digital.archives.go.jp/api/iiif/4225180/manifest.json,301-0020,醫學綱目,15
4225182,https://www.digital.archives.go.jp/api/iiif/4225182/manifest.json,301-0020,醫學綱目,16
4225184,https://www.digital.archives.go.jp/api/iiif/4225184/manifest.json,301-0020,醫學綱目,17
4225186,https://www.digital.archives.go.jp/api/iiif/4225186/manifest.json,301-0020,醫學綱目,18
4225187,https://www.digital.archives.go.jp/api/iiif/4225187/manifest.json,301-0020,醫學綱目,19
4225188,https://www.digital.archives.go.jp/api/iiif/4225188/manifest.json,301-0020,醫學綱目,20
4225189,https://www.digital.archives.go.jp/api/iiif/4225189/manifest.json,301-0020,醫學綱目,21
4225190,https://www.digital.archives.go.jp/api/iiif/4225190/manifest.json,301-0020,醫學綱目,22
4225191,https://www.digital.archives.go.jp/api/iiif/4225191/manifest.json,301-0020,醫學綱目,23
593305,https://www.digital.archives.go.jp/api/iiif/593305/manifest.json,302-0002,薛氏醫按,10
4415754,https://www.digital.archives.go.jp/api/iiif/4415754/manifest.json,043-0009,新鐫本草綱目類纂必讀,6
4415757,https://www.digital.archives.go.jp/api/iiif/4415757/manifest.json,043-0009,新鐫本草綱目類纂必讀,7
4435449,https://www.digital.archives.go.jp/api/iiif/4435449/manifest.json,043-0009,新鐫本草綱目類纂必讀,8
4435451,https://www.digital.archives.go.jp/api/iiif/4435451/manifest.json,043-0009,新鐫本草綱目類纂必讀,9
4415759,https://www.digital.archives.go.jp/api/iiif/4415759/manifest.json,043-0009,新鐫本草綱目類纂必讀,10
4435452,https://www.digital.archives.go.jp/api/iiif/4435452/manifest.json,043-0009,新鐫本草綱目類纂必讀,11
4416680,https://www.digital.archives.go.jp/api/iiif/4416680/manifest.json,043-0009,新鐫本草綱目類纂必讀,12
4416682,https://www.digital.archives.go.jp/api/iiif/4416682/manifest.json,043-0009,新鐫本草綱目類纂必讀,13
4435454,https://www.digital.archives.go.jp/api/iiif/4435454/manifest.json,043-0009,新鐫本草綱目類纂必讀,14
4435455,https://www.digital.archives.go.jp/api/iiif/4435455/manifest.json,043-0009,新鐫本草綱目類纂必讀,15
4435457,https://www.digital.archives.go.jp/api/iiif/4435457/manifest.json,043-0009,新鐫本草綱目類纂必讀,16
4432610,https://www.digital.archives.go.jp/api/iiif/4432610/manifest.json,043-0009,新鐫本草綱目類纂必讀,17
4432611,https://www.digital.archives.go.jp/api/iiif/4432611/manifest.json,043-0009,新鐫本草綱目類纂必讀,18
4432613,https://www.digital.archives.go.jp/api/iiif/4432613/manifest.json,043-0009,新鐫本草綱目類纂必讀,19
4432614,https://www.digital.archives.go.jp/api/iiif/4432614/manifest.json,043-0009,新鐫本草綱目類纂必讀,20
4416685,https://www.digital.archives.go.jp/api/iiif/4416685/manifest.json,043-0009,新鐫本草綱目類纂必讀,21
4416687,https://www.digital.archives.go.jp/api/iiif/4416687/manifest.json,043-0009,新鐫本草綱目類纂必讀,22
4416689,https://www.digital.archives.go.jp/api/iiif/4416689/manifest.json,043-0009,新鐫本草綱目類纂必讀,23
4416690,https://www.digital.archives.go.jp/api/iiif/4416690/manifest.json,043-0009,新鐫本草綱目類纂必讀,24
4406423,https://www.digital.archives.go.jp/api/iiif/4406423/manifest.json,044-0007,本草述,1
4407339,https://www.digital.archives.go.jp/api/iiif/4407339/manifest.json,044-0007,本草述,2
4407340,https://www.digital.archives.go.jp/api/iiif/4407340/manifest.json,044-0007,本草述,3
4407342,https://www.digital.archives.go.jp/api/iiif/4407342/manifest.json,044-0007,本草述,4
4407343,https://www.digital.archives.go.jp/api/iiif/4407343/manifest.json,044-0007,本草述,5
4435490,https://www.digital.archives.go.jp/api/iiif/4435490/manifest.json,044-0007,本草述,6
4435491,https://www.digital.archives.go.jp/api/iiif/4435491/manifest.json,044-0007,本草述,7
4434540,https://www.digital.archives.go.jp/api/iiif/4434540/manifest.json,044-0007,本草述,8
4434542,https://www.digital.archives.go.jp/api/iiif/4434542/manifest.json,044-0007,本草述,9
4434544,https://www.digital.archives.go.jp/api/iiif/4434544/manifest.json,044-0007,本草述,10
229367,https://www.digital.archives.go.jp/api/iiif/229367/manifest.json,044-0007,本草述,11
229368,https://www.digital.archives.go.jp/api/iiif/229368/manifest.json,044-0007,本草述,12
4407344,https://www.digital.archives.go.jp/api/iiif/4407344/manifest.json,044-0007,本草述,13
4407345,https://www.digital.archives.go.jp/api/iiif/4407345/manifest.json,044-0007,本草述,14
4407346,https://www.digital.archives.go.jp/api/iiif/4407346/manifest.json,044-0007,本草述,15
229376,https://www.digital.archives.go.jp/api/iiif/229376/manifest.json,044-0007,本草述,16
4407347,https://www.digital.archives.go.jp/api/iiif/4407347/manifest.json,044-0007,本草述,17
4407348,https://www.digital.archives.go.jp/api/iiif/4407348/manifest.json,044-0007,本草述,18
4407349,https://www.digital.archives.go.jp/api/iiif/4407349/manifest.json,044-0007,本草述,19
4407350,https://www.digital.archives.go.jp/api/iiif/4407350/manifest.json,044-0007,本草述,20
4434546,https://www.digital.archives.go.jp/api/iiif/4434546/manifest.json,044-0007,本草述,21
4434547,https://www.digital.archives.go.jp/api/iiif/4434547/manifest.json,044-0007,本草述,22
4407352,https://www.digital.archives.go.jp/api/iiif/4407352/manifest.json,044-0007,本草述,23
4434549,https://www.digital.archives.go.jp/api/iiif/4434549/manifest.json,044-0007,本草述,24
4418635,https://www.digital.archives.go.jp/api/iiif/4418635/manifest.json,047-0002,幼幼新書,1
4418636,https://www.digital.archives.go.jp/api/iiif/4418636/manifest.json,047-0002,幼幼新書,2
4418638,https://www.digital.archives.go.jp/api/iiif/4418638/manifest.json,047-0002,幼幼新書,3
4418639,https://www.digital.archives.go.jp/api/iiif/4418639/manifest.json,047-0002,幼幼新書,4
4418640,https://www.digital.archives.go.jp/api/iiif/4418640/manifest.json,047-0002,幼幼新書,5
4419779,https://www.digital.archives.go.jp/api/iiif/4419779/manifest.json,047-0002,幼幼新書,6
4419780,https://www.digital.archives.go.jp/api/iiif/4419780/manifest.json,047-0002,幼幼新書,7
4419781,https://www.digital.archives.go.jp/api/iiif/4419781/manifest.json,047-0002,幼幼新書,8
4419783,https://www.digital.archives.go.jp/api/iiif/4419783/manifest.json,047-0002,幼幼新書,9
4419569,https://www.digital.archives.go.jp/api/iiif/4419569/manifest.json,047-0002,幼幼新書,10
4419570,https://www.digital.archives.go.jp/api/iiif/4419570/manifest.json,047-0002,幼幼新書,11
4419571,https://www.digital.archives.go.jp/api/iiif/4419571/manifest.json,047-0002,幼幼新書,12
4419574,https://www.digital.archives.go.jp/api/iiif/4419574/manifest.json,047-0002,幼幼新書,13
4419575,https://www.digital.archives.go.jp/api/iiif/4419575/manifest.json,047-0002,幼幼新書,14
4419577,https://www.digital.archives.go.jp/api/iiif/4419577/manifest.json,047-0002,幼幼新書,15
4419785,https://www.digital.archives.go.jp/api/iiif/4419785/manifest.json,047-0002,幼幼新書,16
4419787,https://www.digital.archives.go.jp/api/iiif/4419787/manifest.json,047-0002,幼幼新書,17
4419580,https://www.digital.archives.go.jp/api/iiif/4419580/manifest.json,047-0002,幼幼新書,18
4419583,https://www.digital.archives.go.jp/api/iiif/4419583/manifest.json,047-0002,幼幼新書,19
4405544,https://www.digital.archives.go.jp/api/iiif/4405544/manifest.json,047-0002,幼幼新書,20
4405547,https://www.digital.archives.go.jp/api/iiif/4405547/manifest.json,047-0002,幼幼新書,21
4405549,https://www.digital.archives.go.jp/api/iiif/4405549/manifest.json,047-0002,幼幼新書,22
4405551,https://www.digital.archives.go.jp/api/iiif/4405551/manifest.json,047-0002,幼幼新書,23
4405553,https://www.digital.archives.go.jp/api/iiif/4405553/manifest.json,047-0002,幼幼新書,24
4113822,https://www.digital.archives.go.jp/api/iiif/4113822/manifest.json,301-0027,景嶽全書,1
4228800,https://www.digital.archives.go.jp/api/iiif/4228800/manifest.json,301-0027,景嶽全書,2
4113824,https://www.digital.archives.go.jp/api/iiif/4113824/manifest.json,301-0027,景嶽全書,3
4114674,https://www.digital.archives.go.jp/api/iiif/4114674/manifest.json,301-0027,景嶽全書,4
4114675,https://www.digital.archives.go.jp/api/iiif/4114675/manifest.json,301-0027,景嶽全書,5
4114676,https://www.digital.archives.go.jp/api/iiif/4114676/manifest.json,301-0027,景嶽全書,6
4114677,https://www.digital.archives.go.jp/api/iiif/4114677/manifest.json,301-0027,景嶽全書,7
4114678,https://www.digital.archives.go.jp/api/iiif/4114678/manifest.json,301-0027,景嶽全書,8
4114679,https://www.digital.archives.go.jp/api/iiif/4114679/manifest.json,301-0027,景嶽全書,9
4114680,https://www.digital.archives.go.jp/api/iiif/4114680/manifest.json,301-0027,景嶽全書,10
4114681,https://www.digital.archives.go.jp/api/iiif/4114681/manifest.json,301-0027,景嶽全書,11
4114682,https://www.digital.archives.go.jp/api/iiif/4114682/manifest.json,301-0027,景嶽全書,12
4114683,https://www.digital.archives.go.jp/api/iiif/4114683/manifest.json,301-0027,景嶽全書,13
4114684,https://www.digital.archives.go.jp/api/iiif/4114684/manifest.json,301-0027,景嶽全書,14
4115520,https://www.digital.archives.go.jp/api/iiif/4115520/manifest.json,301-0027,景嶽全書,15
4115521,https://www.digital.archives.go.jp/api/iiif/4115521/manifest.json,301-0027,景嶽全書,16
4115522,https://www.digital.archives.go.jp/api/iiif/4115522/manifest.json,301-0027,景嶽全書,17
4115523,https://www.digital.archives.go.jp/api/iiif/4115523/manifest.json,301-0027,景嶽全書,18
4115524,https://www.digital.archives.go.jp/api/iiif/4115524/manifest.json,301-0027,景嶽全書,19
4115525,https://www.digital.archives.go.jp/api/iiif/4115525/manifest.json,301-0027,景嶽全書,20
4115526,https://www.digital.archives.go.jp/api/iiif/4115526/manifest.json,301-0027,景嶽全書,21
4115527,https://www.digital.archives.go.jp/api/iiif/4115527/manifest.json,301-0027,景嶽全書,22
4115528,https://www.digital.archives.go.jp/api/iiif/4115528/manifest.json,301-0027,景嶽全書,23
4115529,https://www.digital.archives.go.jp/api/iiif/4115529/manifest.json,301-0027,景嶽全書,24
4115533,https://www.digital.archives.go.jp/api/iiif/4115533/manifest.json,301-0029,景嶽全書,1
4115535,https://www.digital.archives.go.jp/api/iiif/4115535/manifest.json,301-0029,景嶽全書,2
4116380,https://www.digital.archives.go.jp/api/iiif/4116380/manifest.json,301-0029,景嶽全書,3
4116382,https://www.digital.archives.go.jp/api/iiif/4116382/manifest.json,301-0029,景嶽全書,4
4116384,https://www.digital.archives.go.jp/api/iiif/4116384/manifest.json,301-0029,景嶽全書,5
4116385,https://www.digital.archives.go.jp/api/iiif/4116385/manifest.json,301-0029,景嶽全書,6
4116387,https://www.digital.archives.go.jp/api/iiif/4116387/manifest.json,301-0029,景嶽全書,7
4116389,https://www.digital.archives.go.jp/api/iiif/4116389/manifest.json,301-0029,景嶽全書,8
4116390,https://www.digital.archives.go.jp/api/iiif/4116390/manifest.json,301-0029,景嶽全書,9
4228804,https://www.digital.archives.go.jp/api/iiif/4228804/manifest.json,301-0029,景嶽全書,10
4228806,https://www.digital.archives.go.jp/api/iiif/4228806/manifest.json,301-0029,景嶽全書,11
4228808,https://www.digital.archives.go.jp/api/iiif/4228808/manifest.json,301-0029,景嶽全書,12
4116392,https://www.digital.archives.go.jp/api/iiif/4116392/manifest.json,301-0029,景嶽全書,13
4116394,https://www.digital.archives.go.jp/api/iiif/4116394/manifest.json,301-0029,景嶽全書,14
4116396,https://www.digital.archives.go.jp/api/iiif/4116396/manifest.json,301-0029,景嶽全書,15
4117236,https://www.digital.archives.go.jp/api/iiif/4117236/manifest.json,301-0029,景嶽全書,16
4117237,https://www.digital.archives.go.jp/api/iiif/4117237/manifest.json,301-0029,景嶽全書,17
4228811,https://www.digital.archives.go.jp/api/iiif/4228811/manifest.json,301-0029,景嶽全書,18
4228812,https://www.digital.archives.go.jp/api/iiif/4228812/manifest.json,301-0029,景嶽全書,19
4228814,https://www.digital.archives.go.jp/api/iiif/4228814/manifest.json,301-0029,景嶽全書,20
4229706,https://www.digital.archives.go.jp/api/iiif/4229706/manifest.json,301-0029,景嶽全書,21
4229708,https://www.digital.archives.go.jp/api/iiif/4229708/manifest.json,301-0029,景嶽全書,22
4229710,https://www.digital.archives.go.jp/api/iiif/4229710/manifest.json,301-0029,景嶽全書,23
4229712,https://www.digital.archives.go.jp/api/iiif/4229712/manifest.json,301-0029,景嶽全書,24
578165,https://www.digital.archives.go.jp/api/iiif/578165/manifest.json,302-0073,證治大還,1
578166,https://www.digital.archives.go.jp/api/iiif/578166/manifest.json,302-0073,證治大還,2
578168,https://www.digital.archives.go.jp/api/iiif/578168/manifest.json,302-0073,證治大還,3
578169,https://www.digital.archives.go.jp/api/iiif/578169/manifest.json,302-0073,證治大還,4
578068,https://www.digital.archives.go.jp/api/iiif/578068/manifest.json,302-0073,證治大還,5
578170,https://www.digital.archives.go.jp/api/iiif/578170/manifest.json,302-0073,證治大還,6
578162,https://www.digital.archives.go.jp/api/iiif/578162/manifest.json,302-0073,證治大還,7
578072,https://www.digital.archives.go.jp/api/iiif/578072/manifest.json,302-0073,證治大還,8
578071,https://www.digital.archives.go.jp/api/iiif/578071/manifest.json,302-0073,證治大還,9
578172,https://www.digital.archives.go.jp/api/iiif/578172/manifest.json,302-0073,證治大還,10
578171,https://www.digital.archives.go.jp/api/iiif/578171/manifest.json,302-0073,證治大還,11
578173,https://www.digital.archives.go.jp/api/iiif/578173/manifest.json,302-0073,證治大還,12
578070,https://www.digital.archives.go.jp/api/iiif/578070/manifest.json,302-0073,證治大還,13
578163,https://www.digital.archives.go.jp/api/iiif/578163/manifest.json,302-0073,證治大還,14
578167,https://www.digital.archives.go.jp/api/iiif/578167/manifest.json,302-0073,證治大還,15
578164,https://www.digital.archives.go.jp/api/iiif/578164/manifest.json,302-0073,證治大還,16
578174,https://www.digital.archives.go.jp/api/iiif/578174/manifest.json,302-0073,證治大還,17
578176,https://www.digital.archives.go.jp/api/iiif/578176/manifest.json,302-0073,證治大還,18
578175,https://www.digital.archives.go.jp/api/iiif/578175/manifest.json,302-0073,證治大還,19
578069,https://www.digital.archives.go.jp/api/iiif/578069/manifest.json,302-0073,證治大還,20
578268,https://www.digital.archives.go.jp/api/iiif/578268/manifest.json,302-0073,證治大還,21
578269,https://www.digital.archives.go.jp/api/iiif/578269/manifest.json,302-0073,證治大還,22
578073,https://www.digital.archives.go.jp/api/iiif/578073/manifest.json,302-0073,證治大還,23
578270,https://www.digital.archives.go.jp/api/iiif/578270/manifest.json,302-0073,證治大還,24
4774132,https://www.digital.archives.go.jp/api/iiif/4774132/manifest.json,303-0262,幼幼新書,1
4774133,https://www.digital.archives.go.jp/api/iiif/4774133/manifest.json,303-0262,幼幼新書,2
4774134,https://www.digital.archives.go.jp/api/iiif/4774134/manifest.json,303-0262,幼幼新書,3
4774135,https://www.digital.archives.go.jp/api/iiif/4774135/manifest.json,303-0262,幼幼新書,4
4774136,https://www.digital.archives.go.jp/api/iiif/4774136/manifest.json,303-0262,幼幼新書,5
4774137,https://www.digital.archives.go.jp/api/iiif/4774137/manifest.json,303-0262,幼幼新書,6
4774138,https://www.digital.archives.go.jp/api/iiif/4774138/manifest.json,303-0262,幼幼新書,7
4774139,https://www.digital.archives.go.jp/api/iiif/4774139/manifest.json,303-0262,幼幼新書,8
4774140,https://www.digital.archives.go.jp/api/iiif/4774140/manifest.json,303-0262,幼幼新書,9
4774141,https://www.digital.archives.go.jp/api/iiif/4774141/manifest.json,303-0262,幼幼新書,10
4774142,https://www.digital.archives.go.jp/api/iiif/4774142/manifest.json,303-0262,幼幼新書,11
4774143,https://www.digital.archives.go.jp/api/iiif/4774143/manifest.json,303-0262,幼幼新書,12
4774144,https://www.digital.archives.go.jp/api/iiif/4774144/manifest.json,303-0262,幼幼新書,13
4774145,https://www.digital.archives.go.jp/api/iiif/4774145/manifest.json,303-0262,幼幼新書,14
4774146,https://www.digital.archives.go.jp/api/iiif/4774146/manifest.json,303-0262,幼幼新書,15
4774147,https://www.digital.archives.go.jp/api/iiif/4774147/manifest.json,303-0262,幼幼新書,16
4774148,https://www.digital.archives.go.jp/api/iiif/4774148/manifest.json,303-0262,幼幼新書,17
4774149,https://www.digital.archives.go.jp/api/iiif/4774149/manifest.json,303-0262,幼幼新書,18
4774150,https://www.digital.archives.go.jp/api/iiif/4774150/manifest.json,303-0262,幼幼新書,19
4774151,https://www.digital.archives.go.jp/api/iiif/4774151/manifest.json,303-0262,幼幼新書,20
4774152,https://www.digital.archives.go.jp/api/iiif/4774152/manifest.json,303-0262,幼幼新書,21
4774153,https://www.digital.archives.go.jp/api/iiif/4774153/manifest.json,303-0262,幼幼新書,22
4774154,https://www.digital.archives.go.jp/api/iiif/4774154/manifest.json,303-0262,幼幼新書,23
4774155,https://www.digital.archives.go.jp/api/iiif/4774155/manifest.json,303-0262,幼幼新書,24
4917219,https://www.digital.archives.go.jp/api/iiif/4917219/manifest.json,303-0264,幼幼新書,1
4917220,https://www.digital.archives.go.jp/api/iiif/4917220/manifest.json,303-0264,幼幼新書,2
4917221,https://www.digital.archives.go.jp/api/iiif/4917221/manifest.json,303-0264,幼幼新書,3
4917222,https://www.digital.archives.go.jp/api/iiif/4917222/manifest.json,303-0264,幼幼新書,4
4917223,https://www.digital.archives.go.jp/api/iiif/4917223/manifest.json,303-0264,幼幼新書,5
4917224,https://www.digital.archives.go.jp/api/iiif/4917224/manifest.json,303-0264,幼幼新書,6
4917225,https://www.digital.archives.go.jp/api/iiif/4917225/manifest.json,303-0264,幼幼新書,7
4917226,https://www.digital.archives.go.jp/api/iiif/4917226/manifest.json,303-0264,幼幼新書,8
4917227,https://www.digital.archives.go.jp/api/iiif/4917227/manifest.json,303-0264,幼幼新書,9
4917228,https://www.digital.archives.go.jp/api/iiif/4917228/manifest.json,303-0264,幼幼新書,10
4917229,https://www.digital.archives.go.jp/api/iiif/4917229/manifest.json,303-0264,幼幼新書,11
4917230,https://www.digital.archives.go.jp/api/iiif/4917230/manifest.json,303-0264,幼幼新書,12
4917231,https://www.digital.archives.go.jp/api/iiif/4917231/manifest.json,303-0264,幼幼新書,13
4917232,https://www.digital.archives.go.jp/api/iiif/4917232/manifest.json,303-0264,幼幼新書,14
4917233,https://www.digital.archives.go.jp/api/iiif/4917233/manifest.json,303-0264,幼幼新書,15
4917234,https://www.digital.archives.go.jp/api/iiif/4917234/manifest.json,303-0264,幼幼新書,16
4917235,https://www.digital.archives.go.jp/api/iiif/4917235/manifest.json,303-0264,幼幼新書,17
4917236,https://www.digital.archives.go.jp/api/iiif/4917236/manifest.json,303-0264,幼幼新書,18
4917237,https://www.digital.archives.go.jp/api/iiif/4917237/manifest.json,303-0264,幼幼新書,19
4917238,https://www.digital.archives.go.jp/api/iiif/4917238/manifest.json,303-0264,幼幼新書,20
4917239,https://www.digital.archives.go.jp/api/iiif/4917239/manifest.json,303-0264,幼幼新書,21
4917240,https://www.digital.archives.go.jp/api/iiif/4917240/manifest.json,303-0264,幼幼新書,22
4917241,https://www.digital.archives.go.jp/api/iiif/4917241/manifest.json,303-0264,幼幼新書,23
4917242,https://www.digital.archives.go.jp/api/iiif/4917242/manifest.json,303-0264,幼幼新書,24
4756613,https://www.digital.archives.go.jp/api/iiif/4756613/manifest.json,043-0008,重修政和經史證類備用本草,1
4756614,https://www.digital.archives.go.jp/api/iiif/4756614/manifest.json,043-0008,重修政和經史證類備用本草,2
4756615,https://www.digital.archives.go.jp/api/iiif/4756615/manifest.json,043-0008,重修政和經史證類備用本草,3
4756616,https://www.digital.archives.go.jp/api/iiif/4756616/manifest.json,043-0008,重修政和經史證類備用本草,4
4756617,https://www.digital.archives.go.jp/api/iiif/4756617/manifest.json,043-0008,重修政和經史證類備用本草,5
4756618,https://www.digital.archives.go.jp/api/iiif/4756618/manifest.json,043-0008,重修政和經史證類備用本草,6
4756619,https://www.digital.archives.go.jp/api/iiif/4756619/manifest.json,043-0008,重修政和經史證類備用本草,7
4756620,https://www.digital.archives.go.jp/api/iiif/4756620/manifest.json,043-0008,重修政和經史證類備用本草,8
4756621,https://www.digital.archives.go.jp/api/iiif/4756621/manifest.json,043-0008,重修政和經史證類備用本草,9
4756622,https://www.digital.archives.go.jp/api/iiif/4756622/manifest.json,043-0008,重修政和經史證類備用本草,10
4756623,https://www.digital.archives.go.jp/api/iiif/4756623/manifest.json,043-0008,重修政和經史證類備用本草,11
4756624,https://www.digital.archives.go.jp/api/iiif/4756624/manifest.json,043-0008,重修政和經史證類備用本草,12
4756625,https://www.digital.archives.go.jp/api/iiif/4756625/manifest.json,043-0008,重修政和經史證類備用本草,13
4756626,https://www.digital.archives.go.jp/api/iiif/4756626/manifest.json,043-0008,重修政和經史證類備用本草,14
4756627,https://www.digital.archives.go.jp/api/iiif/4756627/manifest.json,043-0008,重修政和經史證類備用本草,15
4756628,https://www.digital.archives.go.jp/api/iiif/4756628/manifest.json,043-0008,重修政和經史證類備用本草,16
4756629,https://www.digital.archives.go.jp/api/iiif/4756629/manifest.json,043-0008,重修政和經史證類備用本草,17
4756630,https://www.digital.archives.go.jp/api/iiif/4756630/manifest.json,043-0008,重修政和經史證類備用本草,18
4756631,https://www.digital.archives.go.jp/api/iiif/4756631/manifest.json,043-0008,重修政和經史證類備用本草,19
4756632,https://www.digital.archives.go.jp/api/iiif/4756632/manifest.json,043-0008,重修政和經史證類備用本草,20
4756633,https://www.digital.archives.go.jp/api/iiif/4756633/manifest.json,043-0008,重修政和經史證類備用本草,21
4756634,https://www.digital.archives.go.jp/api/iiif/4756634/manifest.json,043-0008,重修政和經史證類備用本草,22
4756635,https://www.digital.archives.go.jp/api/iiif/4756635/manifest.json,043-0008,重修政和經史證類備用本草,23
4756636,https://www.digital.archives.go.jp/api/iiif/4756636/manifest.json,043-0008,重修政和經史證類備用本草,24
4756637,https://www.digital.archives.go.jp/api/iiif/4756637/manifest.json,043-0008,重修政和經史證類備用本草,25
4429472,https://www.digital.archives.go.jp/api/iiif/4429472/manifest.json,259-0002,東醫寶鑑,1
4429473,https://www.digital.archives.go.jp/api/iiif/4429473/manifest.json,259-0002,東醫寶鑑,2
4429474,https://www.digital.archives.go.jp/api/iiif/4429474/manifest.json,259-0002,東醫寶鑑,3
4429475,https://www.digital.archives.go.jp/api/iiif/4429475/manifest.json,259-0002,東醫寶鑑,4
4429476,https://www.digital.archives.go.jp/api/iiif/4429476/manifest.json,259-0002,東醫寶鑑,5
4429477,https://www.digital.archives.go.jp/api/iiif/4429477/manifest.json,259-0002,東醫寶鑑,6
4429479,https://www.digital.archives.go.jp/api/iiif/4429479/manifest.json,259-0002,東醫寶鑑,7
4423927,https://www.digital.archives.go.jp/api/iiif/4423927/manifest.json,259-0002,東醫寶鑑,8
4429480,https://www.digital.archives.go.jp/api/iiif/4429480/manifest.json,259-0002,東醫寶鑑,9
4423930,https://www.digital.archives.go.jp/api/iiif/4423930/manifest.json,259-0002,東醫寶鑑,10
4423931,https://www.digital.archives.go.jp/api/iiif/4423931/manifest.json,259-0002,東醫寶鑑,11
4429482,https://www.digital.archives.go.jp/api/iiif/4429482/manifest.json,259-0002,東醫寶鑑,12
4429483,https://www.digital.archives.go.jp/api/iiif/4429483/manifest.json,259-0002,東醫寶鑑,13
4429485,https://www.digital.archives.go.jp/api/iiif/4429485/manifest.json,259-0002,東醫寶鑑,14
4429486,https://www.digital.archives.go.jp/api/iiif/4429486/manifest.json,259-0002,東醫寶鑑,15
4429488,https://www.digital.archives.go.jp/api/iiif/4429488/manifest.json,259-0002,東醫寶鑑,16
4430416,https://www.digital.archives.go.jp/api/iiif/4430416/manifest.json,259-0002,東醫寶鑑,17
4430417,https://www.digital.archives.go.jp/api/iiif/4430417/manifest.json,259-0002,東醫寶鑑,18
4430419,https://www.digital.archives.go.jp/api/iiif/4430419/manifest.json,259-0002,東醫寶鑑,19
4430420,https://www.digital.archives.go.jp/api/iiif/4430420/manifest.json,259-0002,東醫寶鑑,20
4430421,https://www.digital.archives.go.jp/api/iiif/4430421/manifest.json,259-0002,東醫寶鑑,21
4430422,https://www.digital.archives.go.jp/api/iiif/4430422/manifest.json,259-0002,東醫寶鑑,22
4430423,https://www.digital.archives.go.jp/api/iiif/4430423/manifest.json,259-0002,東醫寶鑑,23
4430424,https://www.digital.archives.go.jp/api/iiif/4430424/manifest.json,259-0002,東醫寶鑑,24
4430425,https://www.digital.archives.go.jp/api/iiif/4430425/manifest.json,259-0002,東醫寶鑑,25
593878,https://www.digital.archives.go.jp/api/iiif/593878/manifest.json,301-0031,醫學六要,1
593856,https://www.digital.archives.go.jp/api/iiif/593856/manifest.json,301-0031,醫學六要,2
593873,https://www.digital.archives.go.jp/api/iiif/593873/manifest.json,301-0031,醫學六要,3
593879,https://www.digital.archives.go.jp/api/iiif/593879/manifest.json,301-0031,醫學六要,4
593855,https://www.digital.archives.go.jp/api/iiif/593855/manifest.json,301-0031,醫學六要,5
593880,https://www.digital.archives.go.jp/api/iiif/593880/manifest.json,301-0031,醫學六要,6
593881,https://www.digital.archives.go.jp/api/iiif/593881/manifest.json,301-0031,醫學六要,7
593883,https://www.digital.archives.go.jp/api/iiif/593883/manifest.json,301-0031,醫學六要,8
593875,https://www.digital.archives.go.jp/api/iiif/593875/manifest.json,301-0031,醫學六要,9
593857,https://www.digital.archives.go.jp/api/iiif/593857/manifest.json,301-0031,醫學六要,10
593882,https://www.digital.archives.go.jp/api/iiif/593882/manifest.json,301-0031,醫學六要,11
593884,https://www.digital.archives.go.jp/api/iiif/593884/manifest.json,301-0031,醫學六要,12
593858,https://www.digital.archives.go.jp/api/iiif/593858/manifest.json,301-0031,醫學六要,13
593885,https://www.digital.archives.go.jp/api/iiif/593885/manifest.json,301-0031,醫學六要,14
593887,https://www.digital.archives.go.jp/api/iiif/593887/manifest.json,301-0031,醫學六要,15
593886,https://www.digital.archives.go.jp/api/iiif/593886/manifest.json,301-0031,醫學六要,16
593876,https://www.digital.archives.go.jp/api/iiif/593876/manifest.json,301-0031,醫學六要,17
593872,https://www.digital.archives.go.jp/api/iiif/593872/manifest.json,301-0031,醫學六要,18
593913,https://www.digital.archives.go.jp/api/iiif/593913/manifest.json,301-0031,醫學六要,19
593914,https://www.digital.archives.go.jp/api/iiif/593914/manifest.json,301-0031,醫學六要,20
593877,https://www.digital.archives.go.jp/api/iiif/593877/manifest.json,301-0031,醫學六要,21
593915,https://www.digital.archives.go.jp/api/iiif/593915/manifest.json,301-0031,醫學六要,22
593916,https://www.digital.archives.go.jp/api/iiif/593916/manifest.json,301-0031,醫學六要,23
593874,https://www.digital.archives.go.jp/api/iiif/593874/manifest.json,301-0031,醫學六要,24
593917,https://www.digital.archives.go.jp/api/iiif/593917/manifest.json,301-0031,醫學六要,25
4916497,https://www.digital.archives.go.jp/api/iiif/4916497/manifest.json,303-0003,訂正東醫寶鑑,1
4916498,https://www.digital.archives.go.jp/api/iiif/4916498/manifest.json,303-0003,訂正東醫寶鑑,2
4916499,https://www.digital.archives.go.jp/api/iiif/4916499/manifest.json,303-0003,訂正東醫寶鑑,3
4916500,https://www.digital.archives.go.jp/api/iiif/4916500/manifest.json,303-0003,訂正東醫寶鑑,4
4916501,https://www.digital.archives.go.jp/api/iiif/4916501/manifest.json,303-0003,訂正東醫寶鑑,5
4916502,https://www.digital.archives.go.jp/api/iiif/4916502/manifest.json,303-0003,訂正東醫寶鑑,6
4916503,https://www.digital.archives.go.jp/api/iiif/4916503/manifest.json,303-0003,訂正東醫寶鑑,7
4916504,https://www.digital.archives.go.jp/api/iiif/4916504/manifest.json,303-0003,訂正東醫寶鑑,8
4916505,https://www.digital.archives.go.jp/api/iiif/4916505/manifest.json,303-0003,訂正東醫寶鑑,9
4916506,https://www.digital.archives.go.jp/api/iiif/4916506/manifest.json,303-0003,訂正東醫寶鑑,10
4916507,https://www.digital.archives.go.jp/api/iiif/4916507/manifest.json,303-0003,訂正東醫寶鑑,11
4916508,https://www.digital.archives.go.jp/api/iiif/4916508/manifest.json,303-0003,訂正東醫寶鑑,12
4916509,https://www.digital.archives.go.jp/api/iiif/4916509/manifest.json,303-0003,訂正東醫寶鑑,13
4916510,https://www.digital.archives.go.jp/api/iiif/4916510/manifest.json,303-0003,訂正東醫寶鑑,14
4916511,https://www.digital.archives.go.jp/api/iiif/4916511/manifest.json,303-0003,訂正東醫寶鑑,15
4916512,https://www.digital.archives.go.jp/api/iiif/4916512/manifest.json,303-0003,訂正東醫寶鑑,16
4916513,https://www.digital.archives.go.jp/api/iiif/4916513/manifest.json,303-0003,訂正東醫寶鑑,17
4916514,https://www.digital.archives.go.jp/api/iiif/4916514/manifest.json,303-0003,訂正東醫寶鑑,18
4916515,https://www.digital.archives.go.jp/api/iiif/4916515/manifest.json,303-0003,訂正東醫寶鑑,19
4916516,https://www.digital.archives.go.jp/api/iiif/4916516/manifest.json,303-0003,訂正東醫寶鑑,20
4916517,https://www.digital.archives.go.jp/api/iiif/4916517/manifest.json,303-0003,訂正東醫寶鑑,21
4916518,https://www.digital.archives.go.jp/api/iiif/4916518/manifest.json,303-0003,訂正東醫寶鑑,22
4916519,https://www.digital.archives.go.jp/api/iiif/4916519/manifest.json,303-0003,訂正東醫寶鑑,23
4916520,https://www.digital.archives.go.jp/api/iiif/4916520/manifest.json,303-0003,訂正東醫寶鑑,24
4916521,https://www.digital.archives.go.jp/api/iiif/4916521/manifest.json,303-0003,訂正東醫寶鑑,25
4916522,https://www.digital.archives.go.jp/api/iiif/4916522/manifest.json,303-0004,訂正東醫寶鑑,1
4916523,https://www.digital.archives.go.jp/api/iiif/4916523/manifest.json,303-0004,訂正東醫寶鑑,2
4916524,https://www.digital.archives.go.jp/api/iiif/4916524/manifest.json,303-0004,訂正東醫寶鑑,3
4916525,https://www.digital.archives.go.jp/api/iiif/4916525/manifest.json,303-0004,訂正東醫寶鑑,4
4916526,https://www.digital.archives.go.jp/api/iiif/4916526/manifest.json,303-0004,訂正東醫寶鑑,5
4916527,https://www.digital.archives.go.jp/api/iiif/4916527/manifest.json,303-0004,訂正東醫寶鑑,6
4916528,https://www.digital.archives.go.jp/api/iiif/4916528/manifest.json,303-0004,訂正東醫寶鑑,7
4916529,https://www.digital.archives.go.jp/api/iiif/4916529/manifest.json,303-0004,訂正東醫寶鑑,8
4916530,https://www.digital.archives.go.jp/api/iiif/4916530/manifest.json,303-0004,訂正東醫寶鑑,9
4916531,https://www.digital.archives.go.jp/api/iiif/4916531/manifest.json,303-0004,訂正東醫寶鑑,10
4916532,https://www.digital.archives.go.jp/api/iiif/4916532/manifest.json,303-0004,訂正東醫寶鑑,11
4916533,https://www.digital.archives.go.jp/api/iiif/4916533/manifest.json,303-0004,訂正東醫寶鑑,12
4916534,https://www.digital.archives.go.jp/api/iiif/4916534/manifest.json,303-0004,訂正東醫寶鑑,13
4916535,https://www.digital.archives.go.jp/api/iiif/4916535/manifest.json,303-0004,訂正東醫寶鑑,14
4916536,https://www.digital.archives.go.jp/api/iiif/4916536/manifest.json,303-0004,訂正東醫寶鑑,15
4916537,https://www.digital.archives.go.jp/api/iiif/4916537/manifest.json,303-0004,訂正東醫寶鑑,16
4916538,https://www.digital.archives.go.jp/api/iiif/4916538/manifest.json,303-0004,訂正東醫寶鑑,17
4916539,https://www.digital.archives.go.jp/api/iiif/4916539/manifest.json,303-0004,訂正東醫寶鑑,18
4916540,https://www.digital.archives.go.jp/api/iiif/4916540/manifest.json,303-0004,訂正東醫寶鑑,19
4916541,https://www.digital.archives.go.jp/api/iiif/4916541/manifest.json,303-0004,訂正東醫寶鑑,20
4916542,https://www.digital.archives.go.jp/api/iiif/4916542/manifest.json,303-0004,訂正東醫寶鑑,21
4916543,https://www.digital.archives.go.jp/api/iiif/4916543/manifest.json,303-0004,訂正東醫寶鑑,22
4916544,https://www.digital.archives.go.jp/api/iiif/4916544/manifest.json,303-0004,訂正東醫寶鑑,23
4916545,https://www.digital.archives.go.jp/api/iiif/4916545/manifest.json,303-0004,訂正東醫寶鑑,24
4916546,https://www.digital.archives.go.jp/api/iiif/4916546/manifest.json,303-0004,訂正東醫寶鑑,25
4917935,https://www.digital.archives.go.jp/api/iiif/4917935/manifest.json,304-0288,經史證類大觀本草,1
4917936,https://www.digital.archives.go.jp/api/iiif/4917936/manifest.json,304-0288,經史證類大觀本草,2
4917937,https://www.digital.archives.go.jp/api/iiif/4917937/manifest.json,304-0288,經史證類大觀本草,3
4917938,https://www.digital.archives.go.jp/api/iiif/4917938/manifest.json,304-0288,經史證類大觀本草,4
4917939,https://www.digital.archives.go.jp/api/iiif/4917939/manifest.json,304-0288,經史證類大觀本草,5
4917940,https://www.digital.archives.go.jp/api/iiif/4917940/manifest.json,304-0288,經史證類大觀本草,6
4917941,https://www.digital.archives.go.jp/api/iiif/4917941/manifest.json,304-0288,經史證類大觀本草,7
4917942,https://www.digital.archives.go.jp/api/iiif/4917942/manifest.json,304-0288,經史證類大觀本草,8
4917943,https://www.digital.archives.go.jp/api/iiif/4917943/manifest.json,304-0288,經史證類大觀本草,9
4917944,https://www.digital.archives.go.jp/api/iiif/4917944/manifest.json,304-0288,經史證類大觀本草,10
4917945,https://www.digital.archives.go.jp/api/iiif/4917945/manifest.json,304-0288,經史證類大觀本草,11
4917946,https://www.digital.archives.go.jp/api/iiif/4917946/manifest.json,304-0288,經史證類大觀本草,12
4917947,https://www.digital.archives.go.jp/api/iiif/4917947/manifest.json,304-0288,經史證類大觀本草,13
4917948,https://www.digital.archives.go.jp/api/iiif/4917948/manifest.json,304-0288,經史證類大觀本草,14
4917949,https://www.digital.archives.go.jp/api/iiif/4917949/manifest.json,304-0288,經史證類大觀本草,15
4917950,https://www.digital.archives.go.jp/api/iiif/4917950/manifest.json,304-0288,經史證類大觀本草,16
4917951,https://www.digital.archives.go.jp/api/iiif/4917951/manifest.json,304-0288,經史證類大觀本草,17
4917952,https://www.digital.archives.go.jp/api/iiif/4917952/manifest.json,304-0288,經史證類大觀本草,18
4917953,https://www.digital.archives.go.jp/api/iiif/4917953/manifest.json,304-0288,經史證類大觀本草,19
4917954,https://www.digital.archives.go.jp/api/iiif/4917954/manifest.json,304-0288,經史證類大觀本草,20
4917955,https://www.digital.archives.go.jp/api/iiif/4917955/manifest.json,304-0288,經史證類大觀本草,21
4917956,https://www.digital.archives.go.jp/api/iiif/4917956/manifest.json,304-0288,經史證類大觀本草,22
4917957,https://www.digital.archives.go.jp/api/iiif/4917957/manifest.json,304-0288,經史證類大觀本草,23
4917958,https://www.digital.archives.go.jp/api/iiif/4917958/manifest.json,304-0288,經史證類大觀本草,24
4917959,https://www.digital.archives.go.jp/api/iiif/4917959/manifest.json,304-0288,經史證類大觀本草,25
4918076,https://www.digital.archives.go.jp/api/iiif/4918076/manifest.json,304-0306,本草綱目,1
4918077,https://www.digital.archives.go.jp/api/iiif/4918077/manifest.json,304-0306,本草綱目,2
4918078,https://www.digital.archives.go.jp/api/iiif/4918078/manifest.json,304-0306,本草綱目,3
4918079,https://www.digital.archives.go.jp/api/iiif/4918079/manifest.json,304-0306,本草綱目,4
4918080,https://www.digital.archives.go.jp/api/iiif/4918080/manifest.json,304-0306,本草綱目,5
4918081,https://www.digital.archives.go.jp/api/iiif/4918081/manifest.json,304-0306,本草綱目,6
4918082,https://www.digital.archives.go.jp/api/iiif/4918082/manifest.json,304-0306,本草綱目,7
4918083,https://www.digital.archives.go.jp/api/iiif/4918083/manifest.json,304-0306,本草綱目,8
4918084,https://www.digital.archives.go.jp/api/iiif/4918084/manifest.json,304-0306,本草綱目,9
4918085,https://www.digital.archives.go.jp/api/iiif/4918085/manifest.json,304-0306,本草綱目,10
4918086,https://www.digital.archives.go.jp/api/iiif/4918086/manifest.json,304-0306,本草綱目,11
4918087,https://www.digital.archives.go.jp/api/iiif/4918087/manifest.json,304-0306,本草綱目,12
4918088,https://www.digital.archives.go.jp/api/iiif/4918088/manifest.json,304-0306,本草綱目,13
4918089,https://www.digital.archives.go.jp/api/iiif/4918089/manifest.json,304-0306,本草綱目,14
4918090,https://www.digital.archives.go.jp/api/iiif/4918090/manifest.json,304-0306,本草綱目,15
4918091,https://www.digital.archives.go.jp/api/iiif/4918091/manifest.json,304-0306,本草綱目,16
4918092,https://www.digital.archives.go.jp/api/iiif/4918092/manifest.json,304-0306,本草綱目,17
4918093,https://www.digital.archives.go.jp/api/iiif/4918093/manifest.json,304-0306,本草綱目,18
4918094,https://www.digital.archives.go.jp/api/iiif/4918094/manifest.json,304-0306,本草綱目,19
4918095,https://www.digital.archives.go.jp/api/iiif/4918095/manifest.json,304-0306,本草綱目,20
4918096,https://www.digital.archives.go.jp/api/iiif/4918096/manifest.json,304-0306,本草綱目,21
4918097,https://www.digital.archives.go.jp/api/iiif/4918097/manifest.json,304-0306,本草綱目,22
4918098,https://www.digital.archives.go.jp/api/iiif/4918098/manifest.json,304-0306,本草綱目,23
4918099,https://www.digital.archives.go.jp/api/iiif/4918099/manifest.json,304-0306,本草綱目,24
4918100,https://www.digital.archives.go.jp/api/iiif/4918100/manifest.json,304-0306,本草綱目,25
4771993,https://www.digital.archives.go.jp/api/iiif/4771993/manifest.json,305-0082,奇效良方,1
4771994,https://www.digital.archives.go.jp/api/iiif/4771994/manifest.json,305-0082,奇效良方,2
4771995,https://www.digital.archives.go.jp/api/iiif/4771995/manifest.json,305-0082,奇效良方,3
4771996,https://www.digital.archives.go.jp/api/iiif/4771996/manifest.json,305-0082,奇效良方,4
4771997,https://www.digital.archives.go.jp/api/iiif/4771997/manifest.json,305-0082,奇效良方,5
4771998,https://www.digital.archives.go.jp/api/iiif/4771998/manifest.json,305-0082,奇效良方,6
4771999,https://www.digital.archives.go.jp/api/iiif/4771999/manifest.json,305-0082,奇效良方,7
4772000,https://www.digital.archives.go.jp/api/iiif/4772000/manifest.json,305-0082,奇效良方,8
4772001,https://www.digital.archives.go.jp/api/iiif/4772001/manifest.json,305-0082,奇效良方,9
4772002,https://www.digital.archives.go.jp/api/iiif/4772002/manifest.json,305-0082,奇效良方,10
4772003,https://www.digital.archives.go.jp/api/iiif/4772003/manifest.json,305-0082,奇效良方,11
4772004,https://www.digital.archives.go.jp/api/iiif/4772004/manifest.json,305-0082,奇效良方,12
4772005,https://www.digital.archives.go.jp/api/iiif/4772005/manifest.json,305-0082,奇效良方,13
4772006,https://www.digital.archives.go.jp/api/iiif/4772006/manifest.json,305-0082,奇效良方,14
4772007,https://www.digital.archives.go.jp/api/iiif/4772007/manifest.json,305-0082,奇效良方,15
4772008,https://www.digital.archives.go.jp/api/iiif/4772008/manifest.json,305-0082,奇效良方,16
4772009,https://www.digital.archives.go.jp/api/iiif/4772009/manifest.json,305-0082,奇效良方,17
4772010,https://www.digital.archives.go.jp/api/iiif/4772010/manifest.json,305-0082,奇效良方,18
4772011,https://www.digital.archives.go.jp/api/iiif/4772011/manifest.json,305-0082,奇效良方,19
4772012,https://www.digital.archives.go.jp/api/iiif/4772012/manifest.json,305-0082,奇效良方,20
4772013,https://www.digital.archives.go.jp/api/iiif/4772013/manifest.json,305-0082,奇效良方,21
4772014,https://www.digital.archives.go.jp/api/iiif/4772014/manifest.json,305-0082,奇效良方,22
4772015,https://www.digital.archives.go.jp/api/iiif/4772015/manifest.json,305-0082,奇效良方,23
4772016,https://www.digital.archives.go.jp/api/iiif/4772016/manifest.json,305-0082,奇效良方,24
4772017,https://www.digital.archives.go.jp/api/iiif/4772017/manifest.json,305-0082,奇效良方,25
577110,https://www.digital.archives.go.jp/api/iiif/577110/manifest.json,302-0108,六醴齋醫書,1
577196,https://www.digital.archives.go.jp/api/iiif/577196/manifest.json,302-0108,六醴齋醫書,2
577195,https://www.digital.archives.go.jp/api/iiif/577195/manifest.json,302-0108,六醴齋醫書,3
578508,https://www.digital.archives.go.jp/api/iiif/578508/manifest.json,302-0108,六醴齋醫書,4
577198,https://www.digital.archives.go.jp/api/iiif/577198/manifest.json,302-0108,六醴齋醫書,5
577100,https://www.digital.archives.go.jp/api/iiif/577100/manifest.json,302-0108,六醴齋醫書,6
577197,https://www.digital.archives.go.jp/api/iiif/577197/manifest.json,302-0108,六醴齋醫書,7
578507,https://www.digital.archives.go.jp/api/iiif/578507/manifest.json,302-0108,六醴齋醫書,8
577200,https://www.digital.archives.go.jp/api/iiif/577200/manifest.json,302-0108,六醴齋醫書,9
577199,https://www.digital.archives.go.jp/api/iiif/577199/manifest.json,302-0108,六醴齋醫書,10
577103,https://www.digital.archives.go.jp/api/iiif/577103/manifest.json,302-0108,六醴齋醫書,11
577101,https://www.digital.archives.go.jp/api/iiif/577101/manifest.json,302-0108,六醴齋醫書,12
577202,https://www.digital.archives.go.jp/api/iiif/577202/manifest.json,302-0108,六醴齋醫書,13
577201,https://www.digital.archives.go.jp/api/iiif/577201/manifest.json,302-0108,六醴齋醫書,14
577097,https://www.digital.archives.go.jp/api/iiif/577097/manifest.json,302-0108,六醴齋醫書,15
577203,https://www.digital.archives.go.jp/api/iiif/577203/manifest.json,302-0108,六醴齋醫書,16
577105,https://www.digital.archives.go.jp/api/iiif/577105/manifest.json,302-0108,六醴齋醫書,17
577104,https://www.digital.archives.go.jp/api/iiif/577104/manifest.json,302-0108,六醴齋醫書,18
577107,https://www.digital.archives.go.jp/api/iiif/577107/manifest.json,302-0108,六醴齋醫書,19
577099,https://www.digital.archives.go.jp/api/iiif/577099/manifest.json,302-0108,六醴齋醫書,20
577106,https://www.digital.archives.go.jp/api/iiif/577106/manifest.json,302-0108,六醴齋醫書,21
577102,https://www.digital.archives.go.jp/api/iiif/577102/manifest.json,302-0108,六醴齋醫書,22
577109,https://www.digital.archives.go.jp/api/iiif/577109/manifest.json,302-0108,六醴齋醫書,23
577098,https://www.digital.archives.go.jp/api/iiif/577098/manifest.json,302-0108,六醴齋醫書,24
577108,https://www.digital.archives.go.jp/api/iiif/577108/manifest.json,302-0108,六醴齋醫書,25
577111,https://www.digital.archives.go.jp/api/iiif/577111/manifest.json,302-0108,六醴齋醫書,26
4771163,https://www.digital.archives.go.jp/api/iiif/4771163/manifest.json,305-0020,重刊孫真人備急千金要方,9
4771165,https://www.digital.archives.go.jp/api/iiif/4771165/manifest.json,305-0020,重刊孫真人備急千金要方,10
4771169,https://www.digital.archives.go.jp/api/iiif/4771169/manifest.json,305-0020,重刊孫真人備急千金要方,12
4771178,https://www.digital.archives.go.jp/api/iiif/4771178/manifest.json,305-0020,重刊孫真人備急千金要方,17
4771181,https://www.digital.archives.go.jp/api/iiif/4771181/manifest.json,305-0020,重刊孫真人備急千金要方,19
4771185,https://www.digital.archives.go.jp/api/iiif/4771185/manifest.json,305-0020,重刊孫真人備急千金要方,23
4771197,https://www.digital.archives.go.jp/api/iiif/4771197/manifest.json,305-0020,重刊孫真人備急千金要方,30
4775124,https://www.digital.archives.go.jp/api/iiif/4775124/manifest.json,304-0301,本草綱目,1
4775125,https://www.digital.archives.go.jp/api/iiif/4775125/manifest.json,304-0301,本草綱目,2
4775126,https://www.digital.archives.go.jp/api/iiif/4775126/manifest.json,304-0301,本草綱目,3
4775127,https://www.digital.archives.go.jp/api/iiif/4775127/manifest.json,304-0301,本草綱目,4
4775128,https://www.digital.archives.go.jp/api/iiif/4775128/manifest.json,304-0301,本草綱目,5
4775129,https://www.digital.archives.go.jp/api/iiif/4775129/manifest.json,304-0301,本草綱目,6
4775130,https://www.digital.archives.go.jp/api/iiif/4775130/manifest.json,304-0301,本草綱目,7
4775131,https://www.digital.archives.go.jp/api/iiif/4775131/manifest.json,304-0301,本草綱目,8
4775132,https://www.digital.archives.go.jp/api/iiif/4775132/manifest.json,304-0301,本草綱目,9
4775133,https://www.digital.archives.go.jp/api/iiif/4775133/manifest.json,304-0301,本草綱目,10
4775134,https://www.digital.archives.go.jp/api/iiif/4775134/manifest.json,304-0301,本草綱目,11
4775135,https://www.digital.archives.go.jp/api/iiif/4775135/manifest.json,304-0301,本草綱目,12
4775136,https://www.digital.archives.go.jp/api/iiif/4775136/manifest.json,304-0301,本草綱目,13
4775137,https://www.digital.archives.go.jp/api/iiif/4775137/manifest.json,304-0301,本草綱目,14
4775138,https://www.digital.archives.go.jp/api/iiif/4775138/manifest.json,304-0301,本草綱目,15
4775139,https://www.digital.archives.go.jp/api/iiif/4775139/manifest.json,304-0301,本草綱目,16
4775140,https://www.digital.archives.go.jp/api/iiif/4775140/manifest.json,304-0301,本草綱目,17
4775141,https://www.digital.archives.go.jp/api/iiif/4775141/manifest.json,304-0301,本草綱目,18
4775142,https://www.digital.archives.go.jp/api/iiif/4775142/manifest.json,304-0301,本草綱目,19
4775143,https://www.digital.archives.go.jp/api/iiif/4775143/manifest.json,304-0301,本草綱目,20
4775144,https://www.digital.archives.go.jp/api/iiif/4775144/manifest.json,304-0301,本草綱目,21
4775145,https://www.digital.archives.go.jp/api/iiif/4775145/manifest.json,304-0301,本草綱目,22
4775146,https://www.digital.archives.go.jp/api/iiif/4775146/manifest.json,304-0301,本草綱目,23
4775147,https://www.digital.archives.go.jp/api/iiif/4775147/manifest.json,304-0301,本草綱目,24
4775148,https://www.digital.archives.go.jp/api/iiif/4775148/manifest.json,304-0301,本草綱目,25
4775149,https://www.digital.archives.go.jp/api/iiif/4775149/manifest.json,304-0301,本草綱目,26
4775150,https://www.digital.archives.go.jp/api/iiif/4775150/manifest.json,304-0301,本草綱目,27
4775151,https://www.digital.archives.go.jp/api/iiif/4775151/manifest.json,304-0301,本草綱目,28
4775152,https://www.digital.archives.go.jp/api/iiif/4775152/manifest.json,304-0301,本草綱目,29
4775153,https://www.digital.archives.go.jp/api/iiif/4775153/manifest.json,304-0301,本草綱目,30
4775154,https://www.digital.archives.go.jp/api/iiif/4775154/manifest.json,304-0301,本草綱目,31
4775155,https://www.digital.archives.go.jp/api/iiif/4775155/manifest.json,304-0301,本草綱目,32
4773287,https://www.digital.archives.go.jp/api/iiif/4773287/manifest.json,302-0029,古今醫統大全,1
4773289,https://www.digital.archives.go.jp/api/iiif/4773289/manifest.json,302-0029,古今醫統大全,2
4773290,https://www.digital.archives.go.jp/api/iiif/4773290/manifest.json,302-0029,古今醫統大全,3
4773292,https://www.digital.archives.go.jp/api/iiif/4773292/manifest.json,302-0029,古今醫統大全,4
4773295,https://www.digital.archives.go.jp/api/iiif/4773295/manifest.json,302-0029,古今醫統大全,5
4773296,https://www.digital.archives.go.jp/api/iiif/4773296/manifest.json,302-0029,古今醫統大全,6
4773298,https://www.digital.archives.go.jp/api/iiif/4773298/manifest.json,302-0029,古今醫統大全,7
4773300,https://www.digital.archives.go.jp/api/iiif/4773300/manifest.json,302-0029,古今醫統大全,8
4773301,https://www.digital.archives.go.jp/api/iiif/4773301/manifest.json,302-0029,古今醫統大全,9
4773303,https://www.digital.archives.go.jp/api/iiif/4773303/manifest.json,302-0029,古今醫統大全,10
4773304,https://www.digital.archives.go.jp/api/iiif/4773304/manifest.json,302-0029,古今醫統大全,11
4773306,https://www.digital.archives.go.jp/api/iiif/4773306/manifest.json,302-0029,古今醫統大全,12
4773308,https://www.digital.archives.go.jp/api/iiif/4773308/manifest.json,302-0029,古今醫統大全,13
4773310,https://www.digital.archives.go.jp/api/iiif/4773310/manifest.json,302-0029,古今醫統大全,14
4773311,https://www.digital.archives.go.jp/api/iiif/4773311/manifest.json,302-0029,古今醫統大全,15
4773313,https://www.digital.archives.go.jp/api/iiif/4773313/manifest.json,302-0029,古今醫統大全,16
4773314,https://www.digital.archives.go.jp/api/iiif/4773314/manifest.json,302-0029,古今醫統大全,17
4773316,https://www.digital.archives.go.jp/api/iiif/4773316/manifest.json,302-0029,古今醫統大全,18
4773318,https://www.digital.archives.go.jp/api/iiif/4773318/manifest.json,302-0029,古今醫統大全,19
4773320,https://www.digital.archives.go.jp/api/iiif/4773320/manifest.json,302-0029,古今醫統大全,20
4773322,https://www.digital.archives.go.jp/api/iiif/4773322/manifest.json,302-0029,古今醫統大全,21
4773323,https://www.digital.archives.go.jp/api/iiif/4773323/manifest.json,302-0029,古今醫統大全,22
4773325,https://www.digital.archives.go.jp/api/iiif/4773325/manifest.json,302-0029,古今醫統大全,23
4773327,https://www.digital.archives.go.jp/api/iiif/4773327/manifest.json,302-0029,古今醫統大全,24
4773328,https://www.digital.archives.go.jp/api/iiif/4773328/manifest.json,302-0029,古今醫統大全,25
4773330,https://www.digital.archives.go.jp/api/iiif/4773330/manifest.json,302-0029,古今醫統大全,26
4773332,https://www.digital.archives.go.jp/api/iiif/4773332/manifest.json,302-0029,古今醫統大全,27
4773333,https://www.digital.archives.go.jp/api/iiif/4773333/manifest.json,302-0029,古今醫統大全,28
4773335,https://www.digital.archives.go.jp/api/iiif/4773335/manifest.json,302-0029,古今醫統大全,29
4773337,https://www.digital.archives.go.jp/api/iiif/4773337/manifest.json,302-0029,古今醫統大全,30
4773338,https://www.digital.archives.go.jp/api/iiif/4773338/manifest.json,302-0029,古今醫統大全,31
4773339,https://www.digital.archives.go.jp/api/iiif/4773339/manifest.json,302-0029,古今醫統大全,32
4773341,https://www.digital.archives.go.jp/api/iiif/4773341/manifest.json,302-0029,古今醫統大全,33
4773342,https://www.digital.archives.go.jp/api/iiif/4773342/manifest.json,302-0029,古今醫統大全,34
581730,https://www.digital.archives.go.jp/api/iiif/581730/manifest.json,301-0144,萬密齋醫學全書,1
581624,https://www.digital.archives.go.jp/api/iiif/581624/manifest.json,301-0144,萬密齋醫學全書,2
581729,https://www.digital.archives.go.jp/api/iiif/581729/manifest.json,301-0144,萬密齋醫學全書,3
581621,https://www.digital.archives.go.jp/api/iiif/581621/manifest.json,301-0144,萬密齋醫學全書,4
581612,https://www.digital.archives.go.jp/api/iiif/581612/manifest.json,301-0144,萬密齋醫學全書,5
581731,https://www.digital.archives.go.jp/api/iiif/581731/manifest.json,301-0144,萬密齋醫學全書,6
581732,https://www.digital.archives.go.jp/api/iiif/581732/manifest.json,301-0144,萬密齋醫學全書,7
581733,https://www.digital.archives.go.jp/api/iiif/581733/manifest.json,301-0144,萬密齋醫學全書,8
581613,https://www.digital.archives.go.jp/api/iiif/581613/manifest.json,301-0144,萬密齋醫學全書,9
595499,https://www.digital.archives.go.jp/api/iiif/595499/manifest.json,301-0144,萬密齋醫學全書,10
595501,https://www.digital.archives.go.jp/api/iiif/595501/manifest.json,301-0144,萬密齋醫學全書,11
581615,https://www.digital.archives.go.jp/api/iiif/581615/manifest.json,301-0144,萬密齋醫學全書,12
595500,https://www.digital.archives.go.jp/api/iiif/595500/manifest.json,301-0144,萬密齋醫學全書,13
595502,https://www.digital.archives.go.jp/api/iiif/595502/manifest.json,301-0144,萬密齋醫學全書,14
581620,https://www.digital.archives.go.jp/api/iiif/581620/manifest.json,301-0144,萬密齋醫學全書,15
595503,https://www.digital.archives.go.jp/api/iiif/595503/manifest.json,301-0144,萬密齋醫學全書,16
581614,https://www.digital.archives.go.jp/api/iiif/581614/manifest.json,301-0144,萬密齋醫學全書,17
595643,https://www.digital.archives.go.jp/api/iiif/595643/manifest.json,301-0144,萬密齋醫學全書,18
595644,https://www.digital.archives.go.jp/api/iiif/595644/manifest.json,301-0144,萬密齋醫學全書,19
581617,https://www.digital.archives.go.jp/api/iiif/581617/manifest.json,301-0144,萬密齋醫學全書,20
581622,https://www.digital.archives.go.jp/api/iiif/581622/manifest.json,301-0144,萬密齋醫學全書,21
595645,https://www.digital.archives.go.jp/api/iiif/595645/manifest.json,301-0144,萬密齋醫學全書,22
595647,https://www.digital.archives.go.jp/api/iiif/595647/manifest.json,301-0144,萬密齋醫學全書,23
595646,https://www.digital.archives.go.jp/api/iiif/595646/manifest.json,301-0144,萬密齋醫學全書,24
581616,https://www.digital.archives.go.jp/api/iiif/581616/manifest.json,301-0144,萬密齋醫學全書,25
595648,https://www.digital.archives.go.jp/api/iiif/595648/manifest.json,301-0144,萬密齋醫學全書,26
595649,https://www.digital.archives.go.jp/api/iiif/595649/manifest.json,301-0144,萬密齋醫學全書,27
595650,https://www.digital.archives.go.jp/api/iiif/595650/manifest.json,301-0144,萬密齋醫學全書,28
595651,https://www.digital.archives.go.jp/api/iiif/595651/manifest.json,301-0144,萬密齋醫學全書,29
595652,https://www.digital.archives.go.jp/api/iiif/595652/manifest.json,301-0144,萬密齋醫學全書,30
595653,https://www.digital.archives.go.jp/api/iiif/595653/manifest.json,301-0144,萬密齋醫學全書,31
595654,https://www.digital.archives.go.jp/api/iiif/595654/manifest.json,301-0144,萬密齋醫學全書,32
581619,https://www.digital.archives.go.jp/api/iiif/581619/manifest.json,301-0144,萬密齋醫學全書,33
595655,https://www.digital.archives.go.jp/api/iiif/595655/manifest.json,301-0144,萬密齋醫學全書,34
581623,https://www.digital.archives.go.jp/api/iiif/581623/manifest.json,301-0144,萬密齋醫學全書,35
581618,https://www.digital.archives.go.jp/api/iiif/581618/manifest.json,301-0144,萬密齋醫學全書,36
4775088,https://www.digital.archives.go.jp/api/iiif/4775088/manifest.json,304-0299,本草綱目,1
4775089,https://www.digital.archives.go.jp/api/iiif/4775089/manifest.json,304-0299,本草綱目,2
4775090,https://www.digital.archives.go.jp/api/iiif/4775090/manifest.json,304-0299,本草綱目,3
4775091,https://www.digital.archives.go.jp/api/iiif/4775091/manifest.json,304-0299,本草綱目,4
4775092,https://www.digital.archives.go.jp/api/iiif/4775092/manifest.json,304-0299,本草綱目,5
4775093,https://www.digital.archives.go.jp/api/iiif/4775093/manifest.json,304-0299,本草綱目,6
4775094,https://www.digital.archives.go.jp/api/iiif/4775094/manifest.json,304-0299,本草綱目,7
4775095,https://www.digital.archives.go.jp/api/iiif/4775095/manifest.json,304-0299,本草綱目,8
4775096,https://www.digital.archives.go.jp/api/iiif/4775096/manifest.json,304-0299,本草綱目,9
4775097,https://www.digital.archives.go.jp/api/iiif/4775097/manifest.json,304-0299,本草綱目,10
4775098,https://www.digital.archives.go.jp/api/iiif/4775098/manifest.json,304-0299,本草綱目,11
4775099,https://www.digital.archives.go.jp/api/iiif/4775099/manifest.json,304-0299,本草綱目,12
4775100,https://www.digital.archives.go.jp/api/iiif/4775100/manifest.json,304-0299,本草綱目,13
4775101,https://www.digital.archives.go.jp/api/iiif/4775101/manifest.json,304-0299,本草綱目,14
4775102,https://www.digital.archives.go.jp/api/iiif/4775102/manifest.json,304-0299,本草綱目,15
4775103,https://www.digital.archives.go.jp/api/iiif/4775103/manifest.json,304-0299,本草綱目,16
4775104,https://www.digital.archives.go.jp/api/iiif/4775104/manifest.json,304-0299,本草綱目,17
4775105,https://www.digital.archives.go.jp/api/iiif/4775105/manifest.json,304-0299,本草綱目,18
4775106,https://www.digital.archives.go.jp/api/iiif/4775106/manifest.json,304-0299,本草綱目,19
4775107,https://www.digital.archives.go.jp/api/iiif/4775107/manifest.json,304-0299,本草綱目,20
4775108,https://www.digital.archives.go.jp/api/iiif/4775108/manifest.json,304-0299,本草綱目,21
4775109,https://www.digital.archives.go.jp/api/iiif/4775109/manifest.json,304-0299,本草綱目,22
4775110,https://www.digital.archives.go.jp/api/iiif/4775110/manifest.json,304-0299,本草綱目,23
4775111,https://www.digital.archives.go.jp/api/iiif/4775111/manifest.json,304-0299,本草綱目,24
4775112,https://www.digital.archives.go.jp/api/iiif/4775112/manifest.json,304-0299,本草綱目,25
4775113,https://www.digital.archives.go.jp/api/iiif/4775113/manifest.json,304-0299,本草綱目,26
4775114,https://www.digital.archives.go.jp/api/iiif/4775114/manifest.json,304-0299,本草綱目,27
4775115,https://www.digital.archives.go.jp/api/iiif/4775115/manifest.json,304-0299,本草綱目,28
4775116,https://www.digital.archives.go.jp/api/iiif/4775116/manifest.json,304-0299,本草綱目,29
4775117,https://www.digital.archives.go.jp/api/iiif/4775117/manifest.json,304-0299,本草綱目,30
4775118,https://www.digital.archives.go.jp/api/iiif/4775118/manifest.json,304-0299,本草綱目,31
4775119,https://www.digital.archives.go.jp/api/iiif/4775119/manifest.json,304-0299,本草綱目,32
4775120,https://www.digital.archives.go.jp/api/iiif/4775120/manifest.json,304-0299,本草綱目,33
4775121,https://www.digital.archives.go.jp/api/iiif/4775121/manifest.json,304-0299,本草綱目,34
4775122,https://www.digital.archives.go.jp/api/iiif/4775122/manifest.json,304-0299,本草綱目,35
4775123,https://www.digital.archives.go.jp/api/iiif/4775123/manifest.json,304-0299,本草綱目,36
4918196,https://www.digital.archives.go.jp/api/iiif/4918196/manifest.json,304-0311,本草綱目萬方類編,1
4918197,https://www.digital.archives.go.jp/api/iiif/4918197/manifest.json,304-0311,本草綱目萬方類編,2
4918198,https://www.digital.archives.go.jp/api/iiif/4918198/manifest.json,304-0311,本草綱目萬方類編,3
4918199,https://www.digital.archives.go.jp/api/iiif/4918199/manifest.json,304-0311,本草綱目萬方類編,4
4918200,https://www.digital.archives.go.jp/api/iiif/4918200/manifest.json,304-0311,本草綱目萬方類編,5
4918201,https://www.digital.archives.go.jp/api/iiif/4918201/manifest.json,304-0311,本草綱目萬方類編,6
4918202,https://www.digital.archives.go.jp/api/iiif/4918202/manifest.json,304-0311,本草綱目萬方類編,7
4918203,https://www.digital.archives.go.jp/api/iiif/4918203/manifest.json,304-0311,本草綱目萬方類編,8
4918204,https://www.digital.archives.go.jp/api/iiif/4918204/manifest.json,304-0311,本草綱目萬方類編,9
4918206,https://www.digital.archives.go.jp/api/iiif/4918206/manifest.json,304-0311,本草綱目萬方類編,11
4918207,https://www.digital.archives.go.jp/api/iiif/4918207/manifest.json,304-0311,本草綱目萬方類編,12
4918208,https://www.digital.archives.go.jp/api/iiif/4918208/manifest.json,304-0311,本草綱目萬方類編,13
4918209,https://www.digital.archives.go.jp/api/iiif/4918209/manifest.json,304-0311,本草綱目萬方類編,14
4918210,https://www.digital.archives.go.jp/api/iiif/4918210/manifest.json,304-0311,本草綱目萬方類編,15
4918211,https://www.digital.archives.go.jp/api/iiif/4918211/manifest.json,304-0311,本草綱目萬方類編,16
4918212,https://www.digital.archives.go.jp/api/iiif/4918212/manifest.json,304-0311,本草綱目萬方類編,17
4918213,https://www.digital.archives.go.jp/api/iiif/4918213/manifest.json,304-0311,本草綱目萬方類編,18
4918214,https://www.digital.archives.go.jp/api/iiif/4918214/manifest.json,304-0311,本草綱目萬方類編,19
4918215,https://www.digital.archives.go.jp/api/iiif/4918215/manifest.json,304-0311,本草綱目萬方類編,20
4918216,https://www.digital.archives.go.jp/api/iiif/4918216/manifest.json,304-0311,本草綱目萬方類編,21
4918217,https://www.digital.archives.go.jp/api/iiif/4918217/manifest.json,304-0311,本草綱目萬方類編,22
4918218,https://www.digital.archives.go.jp/api/iiif/4918218/manifest.json,304-0311,本草綱目萬方類編,23
4918219,https://www.digital.archives.go.jp/api/iiif/4918219/manifest.json,304-0311,本草綱目萬方類編,24
4918220,https://www.digital.archives.go.jp/api/iiif/4918220/manifest.json,304-0311,本草綱目萬方類編,25
4918221,https://www.digital.archives.go.jp/api/iiif/4918221/manifest.json,304-0311,本草綱目萬方類編,26
4918222,https://www.digital.archives.go.jp/api/iiif/4918222/manifest.json,304-0311,本草綱目萬方類編,27
4918223,https://www.digital.archives.go.jp/api/iiif/4918223/manifest.json,304-0311,本草綱目萬方類編,28
4918224,https://www.digital.archives.go.jp/api/iiif/4918224/manifest.json,304-0311,本草綱目萬方類編,29
4918225,https://www.digital.archives.go.jp/api/iiif/4918225/manifest.json,304-0311,本草綱目萬方類編,30
4918226,https://www.digital.archives.go.jp/api/iiif/4918226/manifest.json,304-0311,本草綱目萬方類編,31
4918227,https://www.digital.archives.go.jp/api/iiif/4918227/manifest.json,304-0311,本草綱目萬方類編,32
4918228,https://www.digital.archives.go.jp/api/iiif/4918228/manifest.json,304-0311,本草綱目萬方類編,33
4918229,https://www.digital.archives.go.jp/api/iiif/4918229/manifest.json,304-0311,本草綱目萬方類編,34
4918230,https://www.digital.archives.go.jp/api/iiif/4918230/manifest.json,304-0311,本草綱目萬方類編,35
4918231,https://www.digital.archives.go.jp/api/iiif/4918231/manifest.json,304-0311,本草綱目萬方類編,36
3743816,https://www.digital.archives.go.jp/api/iiif/3743816/manifest.json,304-0300,本草綱目,1
3743817,https://www.digital.archives.go.jp/api/iiif/3743817/manifest.json,304-0300,本草綱目,2
3743818,https://www.digital.archives.go.jp/api/iiif/3743818/manifest.json,304-0300,本草綱目,3
3743819,https://www.digital.archives.go.jp/api/iiif/3743819/manifest.json,304-0300,本草綱目,4
3743820,https://www.digital.archives.go.jp/api/iiif/3743820/manifest.json,304-0300,本草綱目,5
3743821,https://www.digital.archives.go.jp/api/iiif/3743821/manifest.json,304-0300,本草綱目,6
3743822,https://www.digital.archives.go.jp/api/iiif/3743822/manifest.json,304-0300,本草綱目,7
3743823,https://www.digital.archives.go.jp/api/iiif/3743823/manifest.json,304-0300,本草綱目,8
3743824,https://www.digital.archives.go.jp/api/iiif/3743824/manifest.json,304-0300,本草綱目,9
3743825,https://www.digital.archives.go.jp/api/iiif/3743825/manifest.json,304-0300,本草綱目,10
3743826,https://www.digital.archives.go.jp/api/iiif/3743826/manifest.json,304-0300,本草綱目,11
3743827,https://www.digital.archives.go.jp/api/iiif/3743827/manifest.json,304-0300,本草綱目,12
3743755,https://www.digital.archives.go.jp/api/iiif/3743755/manifest.json,304-0300,本草綱目,13
3743756,https://www.digital.archives.go.jp/api/iiif/3743756/manifest.json,304-0300,本草綱目,14
3743757,https://www.digital.archives.go.jp/api/iiif/3743757/manifest.json,304-0300,本草綱目,15
3743758,https://www.digital.archives.go.jp/api/iiif/3743758/manifest.json,304-0300,本草綱目,16
3743759,https://www.digital.archives.go.jp/api/iiif/3743759/manifest.json,304-0300,本草綱目,17
3743760,https://www.digital.archives.go.jp/api/iiif/3743760/manifest.json,304-0300,本草綱目,18
3743761,https://www.digital.archives.go.jp/api/iiif/3743761/manifest.json,304-0300,本草綱目,19
3742739,https://www.digital.archives.go.jp/api/iiif/3742739/manifest.json,304-0300,本草綱目,20
3743762,https://www.digital.archives.go.jp/api/iiif/3743762/manifest.json,304-0300,本草綱目,21
3743763,https://www.digital.archives.go.jp/api/iiif/3743763/manifest.json,304-0300,本草綱目,22
3743764,https://www.digital.archives.go.jp/api/iiif/3743764/manifest.json,304-0300,本草綱目,23
3743828,https://www.digital.archives.go.jp/api/iiif/3743828/manifest.json,304-0300,本草綱目,24
3743829,https://www.digital.archives.go.jp/api/iiif/3743829/manifest.json,304-0300,本草綱目,25
3743830,https://www.digital.archives.go.jp/api/iiif/3743830/manifest.json,304-0300,本草綱目,26
3743831,https://www.digital.archives.go.jp/api/iiif/3743831/manifest.json,304-0300,本草綱目,27
3743832,https://www.digital.archives.go.jp/api/iiif/3743832/manifest.json,304-0300,本草綱目,28
3743833,https://www.digital.archives.go.jp/api/iiif/3743833/manifest.json,304-0300,本草綱目,29
3743834,https://www.digital.archives.go.jp/api/iiif/3743834/manifest.json,304-0300,本草綱目,30
3743835,https://www.digital.archives.go.jp/api/iiif/3743835/manifest.json,304-0300,本草綱目,31
3743765,https://www.digital.archives.go.jp/api/iiif/3743765/manifest.json,304-0300,本草綱目,32
3743766,https://www.digital.archives.go.jp/api/iiif/3743766/manifest.json,304-0300,本草綱目,33
3743767,https://www.digital.archives.go.jp/api/iiif/3743767/manifest.json,304-0300,本草綱目,34
3743768,https://www.digital.archives.go.jp/api/iiif/3743768/manifest.json,304-0300,本草綱目,35
3743836,https://www.digital.archives.go.jp/api/iiif/3743836/manifest.json,304-0300,本草綱目,36
3742740,https://www.digital.archives.go.jp/api/iiif/3742740/manifest.json,304-0300,本草綱目,37
4917990,https://www.digital.archives.go.jp/api/iiif/4917990/manifest.json,304-0303,本草綱目,1
4917991,https://www.digital.archives.go.jp/api/iiif/4917991/manifest.json,304-0303,本草綱目,2
4917992,https://www.digital.archives.go.jp/api/iiif/4917992/manifest.json,304-0303,本草綱目,3
4917993,https://www.digital.archives.go.jp/api/iiif/4917993/manifest.json,304-0303,本草綱目,4
4917994,https://www.digital.archives.go.jp/api/iiif/4917994/manifest.json,304-0303,本草綱目,5
4917995,https://www.digital.archives.go.jp/api/iiif/4917995/manifest.json,304-0303,本草綱目,6
4917996,https://www.digital.archives.go.jp/api/iiif/4917996/manifest.json,304-0303,本草綱目,7
4917997,https://www.digital.archives.go.jp/api/iiif/4917997/manifest.json,304-0303,本草綱目,8
4917998,https://www.digital.archives.go.jp/api/iiif/4917998/manifest.json,304-0303,本草綱目,9
4917999,https://www.digital.archives.go.jp/api/iiif/4917999/manifest.json,304-0303,本草綱目,10
4918000,https://www.digital.archives.go.jp/api/iiif/4918000/manifest.json,304-0303,本草綱目,11
4918001,https://www.digital.archives.go.jp/api/iiif/4918001/manifest.json,304-0303,本草綱目,12
4918002,https://www.digital.archives.go.jp/api/iiif/4918002/manifest.json,304-0303,本草綱目,13
4918003,https://www.digital.archives.go.jp/api/iiif/4918003/manifest.json,304-0303,本草綱目,14
4918004,https://www.digital.archives.go.jp/api/iiif/4918004/manifest.json,304-0303,本草綱目,15
4918005,https://www.digital.archives.go.jp/api/iiif/4918005/manifest.json,304-0303,本草綱目,16
4918006,https://www.digital.archives.go.jp/api/iiif/4918006/manifest.json,304-0303,本草綱目,17
4918007,https://www.digital.archives.go.jp/api/iiif/4918007/manifest.json,304-0303,本草綱目,18
4918008,https://www.digital.archives.go.jp/api/iiif/4918008/manifest.json,304-0303,本草綱目,19
4918009,https://www.digital.archives.go.jp/api/iiif/4918009/manifest.json,304-0303,本草綱目,20
4918010,https://www.digital.archives.go.jp/api/iiif/4918010/manifest.json,304-0303,本草綱目,21
4918011,https://www.digital.archives.go.jp/api/iiif/4918011/manifest.json,304-0303,本草綱目,22
4918012,https://www.digital.archives.go.jp/api/iiif/4918012/manifest.json,304-0303,本草綱目,23
4918013,https://www.digital.archives.go.jp/api/iiif/4918013/manifest.json,304-0303,本草綱目,24
4918014,https://www.digital.archives.go.jp/api/iiif/4918014/manifest.json,304-0303,本草綱目,25
4918015,https://www.digital.archives.go.jp/api/iiif/4918015/manifest.json,304-0303,本草綱目,26
4918016,https://www.digital.archives.go.jp/api/iiif/4918016/manifest.json,304-0303,本草綱目,27
4918017,https://www.digital.archives.go.jp/api/iiif/4918017/manifest.json,304-0303,本草綱目,28
4918018,https://www.digital.archives.go.jp/api/iiif/4918018/manifest.json,304-0303,本草綱目,29
4918019,https://www.digital.archives.go.jp/api/iiif/4918019/manifest.json,304-0303,本草綱目,30
4918020,https://www.digital.archives.go.jp/api/iiif/4918020/manifest.json,304-0303,本草綱目,31
4918021,https://www.digital.archives.go.jp/api/iiif/4918021/manifest.json,304-0303,本草綱目,32
4918022,https://www.digital.archives.go.jp/api/iiif/4918022/manifest.json,304-0303,本草綱目,33
4918023,https://www.digital.archives.go.jp/api/iiif/4918023/manifest.json,304-0303,本草綱目,34
4918024,https://www.digital.archives.go.jp/api/iiif/4918024/manifest.json,304-0303,本草綱目,35
4918025,https://www.digital.archives.go.jp/api/iiif/4918025/manifest.json,304-0303,本草綱目,36
4918026,https://www.digital.archives.go.jp/api/iiif/4918026/manifest.json,304-0303,本草綱目,37
4918027,https://www.digital.archives.go.jp/api/iiif/4918027/manifest.json,304-0303,本草綱目,38
4918142,https://www.digital.archives.go.jp/api/iiif/4918142/manifest.json,304-0308,本草綱目,1
4918143,https://www.digital.archives.go.jp/api/iiif/4918143/manifest.json,304-0308,本草綱目,2
4918144,https://www.digital.archives.go.jp/api/iiif/4918144/manifest.json,304-0308,本草綱目,3
4918145,https://www.digital.archives.go.jp/api/iiif/4918145/manifest.json,304-0308,本草綱目,4
4918146,https://www.digital.archives.go.jp/api/iiif/4918146/manifest.json,304-0308,本草綱目,5
4918147,https://www.digital.archives.go.jp/api/iiif/4918147/manifest.json,304-0308,本草綱目,6
4918148,https://www.digital.archives.go.jp/api/iiif/4918148/manifest.json,304-0308,本草綱目,7
4918149,https://www.digital.archives.go.jp/api/iiif/4918149/manifest.json,304-0308,本草綱目,8
4918150,https://www.digital.archives.go.jp/api/iiif/4918150/manifest.json,304-0308,本草綱目,9
4918151,https://www.digital.archives.go.jp/api/iiif/4918151/manifest.json,304-0308,本草綱目,10
4918152,https://www.digital.archives.go.jp/api/iiif/4918152/manifest.json,304-0308,本草綱目,11
4918153,https://www.digital.archives.go.jp/api/iiif/4918153/manifest.json,304-0308,本草綱目,12
4918154,https://www.digital.archives.go.jp/api/iiif/4918154/manifest.json,304-0308,本草綱目,13
4918155,https://www.digital.archives.go.jp/api/iiif/4918155/manifest.json,304-0308,本草綱目,14
4918156,https://www.digital.archives.go.jp/api/iiif/4918156/manifest.json,304-0308,本草綱目,15
4918157,https://www.digital.archives.go.jp/api/iiif/4918157/manifest.json,304-0308,本草綱目,16
4918158,https://www.digital.archives.go.jp/api/iiif/4918158/manifest.json,304-0308,本草綱目,17
4918159,https://www.digital.archives.go.jp/api/iiif/4918159/manifest.json,304-0308,本草綱目,18
4918160,https://www.digital.archives.go.jp/api/iiif/4918160/manifest.json,304-0308,本草綱目,19
4918161,https://www.digital.archives.go.jp/api/iiif/4918161/manifest.json,304-0308,本草綱目,20
4918162,https://www.digital.archives.go.jp/api/iiif/4918162/manifest.json,304-0308,本草綱目,21
4918163,https://www.digital.archives.go.jp/api/iiif/4918163/manifest.json,304-0308,本草綱目,22
4918164,https://www.digital.archives.go.jp/api/iiif/4918164/manifest.json,304-0308,本草綱目,23
4918165,https://www.digital.archives.go.jp/api/iiif/4918165/manifest.json,304-0308,本草綱目,24
4918166,https://www.digital.archives.go.jp/api/iiif/4918166/manifest.json,304-0308,本草綱目,25
4918167,https://www.digital.archives.go.jp/api/iiif/4918167/manifest.json,304-0308,本草綱目,26
4918168,https://www.digital.archives.go.jp/api/iiif/4918168/manifest.json,304-0308,本草綱目,27
4918169,https://www.digital.archives.go.jp/api/iiif/4918169/manifest.json,304-0308,本草綱目,28
4918170,https://www.digital.archives.go.jp/api/iiif/4918170/manifest.json,304-0308,本草綱目,29
4918171,https://www.digital.archives.go.jp/api/iiif/4918171/manifest.json,304-0308,本草綱目,30
4918172,https://www.digital.archives.go.jp/api/iiif/4918172/manifest.json,304-0308,本草綱目,31
4918173,https://www.digital.archives.go.jp/api/iiif/4918173/manifest.json,304-0308,本草綱目,32
4918174,https://www.digital.archives.go.jp/api/iiif/4918174/manifest.json,304-0308,本草綱目,33
4918175,https://www.digital.archives.go.jp/api/iiif/4918175/manifest.json,304-0308,本草綱目,34
4918176,https://www.digital.archives.go.jp/api/iiif/4918176/manifest.json,304-0308,本草綱目,35
4918177,https://www.digital.archives.go.jp/api/iiif/4918177/manifest.json,304-0308,本草綱目,36
4918178,https://www.digital.archives.go.jp/api/iiif/4918178/manifest.json,304-0308,本草綱目,37
4918179,https://www.digital.archives.go.jp/api/iiif/4918179/manifest.json,304-0308,本草綱目,38
584712,https://www.digital.archives.go.jp/api/iiif/584712/manifest.json,301-0030,醫學六要,1
584711,https://www.digital.archives.go.jp/api/iiif/584711/manifest.json,301-0030,醫學六要,2
584756,https://www.digital.archives.go.jp/api/iiif/584756/manifest.json,301-0030,醫學六要,3
584704,https://www.digital.archives.go.jp/api/iiif/584704/manifest.json,301-0030,醫學六要,4
584755,https://www.digital.archives.go.jp/api/iiif/584755/manifest.json,301-0030,醫學六要,5
584758,https://www.digital.archives.go.jp/api/iiif/584758/manifest.json,301-0030,醫學六要,6
584757,https://www.digital.archives.go.jp/api/iiif/584757/manifest.json,301-0030,醫學六要,7
584611,https://www.digital.archives.go.jp/api/iiif/584611/manifest.json,301-0030,醫學六要,8
584759,https://www.digital.archives.go.jp/api/iiif/584759/manifest.json,301-0030,醫學六要,9
584707,https://www.digital.archives.go.jp/api/iiif/584707/manifest.json,301-0030,醫學六要,10
584699,https://www.digital.archives.go.jp/api/iiif/584699/manifest.json,301-0030,醫學六要,11
584760,https://www.digital.archives.go.jp/api/iiif/584760/manifest.json,301-0030,醫學六要,12
584762,https://www.digital.archives.go.jp/api/iiif/584762/manifest.json,301-0030,醫學六要,13
584761,https://www.digital.archives.go.jp/api/iiif/584761/manifest.json,301-0030,醫學六要,14
584698,https://www.digital.archives.go.jp/api/iiif/584698/manifest.json,301-0030,醫學六要,15
584763,https://www.digital.archives.go.jp/api/iiif/584763/manifest.json,301-0030,醫學六要,16
584764,https://www.digital.archives.go.jp/api/iiif/584764/manifest.json,301-0030,醫學六要,17
584701,https://www.digital.archives.go.jp/api/iiif/584701/manifest.json,301-0030,醫學六要,18
584765,https://www.digital.archives.go.jp/api/iiif/584765/manifest.json,301-0030,醫學六要,19
584767,https://www.digital.archives.go.jp/api/iiif/584767/manifest.json,301-0030,醫學六要,20
584766,https://www.digital.archives.go.jp/api/iiif/584766/manifest.json,301-0030,醫學六要,21
584706,https://www.digital.archives.go.jp/api/iiif/584706/manifest.json,301-0030,醫學六要,22
584700,https://www.digital.archives.go.jp/api/iiif/584700/manifest.json,301-0030,醫學六要,23
584769,https://www.digital.archives.go.jp/api/iiif/584769/manifest.json,301-0030,醫學六要,24
584768,https://www.digital.archives.go.jp/api/iiif/584768/manifest.json,301-0030,醫學六要,25
584703,https://www.digital.archives.go.jp/api/iiif/584703/manifest.json,301-0030,醫學六要,26
584804,https://www.digital.archives.go.jp/api/iiif/584804/manifest.json,301-0030,醫學六要,27
584770,https://www.digital.archives.go.jp/api/iiif/584770/manifest.json,301-0030,醫學六要,28
584806,https://www.digital.archives.go.jp/api/iiif/584806/manifest.json,301-0030,醫學六要,29
584702,https://www.digital.archives.go.jp/api/iiif/584702/manifest.json,301-0030,醫學六要,30
584708,https://www.digital.archives.go.jp/api/iiif/584708/manifest.json,301-0030,醫學六要,31
584805,https://www.digital.archives.go.jp/api/iiif/584805/manifest.json,301-0030,醫學六要,32
584808,https://www.digital.archives.go.jp/api/iiif/584808/manifest.json,301-0030,醫學六要,33
584710,https://www.digital.archives.go.jp/api/iiif/584710/manifest.json,301-0030,醫學六要,34
584807,https://www.digital.archives.go.jp/api/iiif/584807/manifest.json,301-0030,醫學六要,35
584810,https://www.digital.archives.go.jp/api/iiif/584810/manifest.json,301-0030,醫學六要,36
584705,https://www.digital.archives.go.jp/api/iiif/584705/manifest.json,301-0030,醫學六要,37
584809,https://www.digital.archives.go.jp/api/iiif/584809/manifest.json,301-0030,醫學六要,38
584709,https://www.digital.archives.go.jp/api/iiif/584709/manifest.json,301-0030,醫學六要,39
578280,https://www.digital.archives.go.jp/api/iiif/578280/manifest.json,302-0001,薛氏醫按,3
578281,https://www.digital.archives.go.jp/api/iiif/578281/manifest.json,302-0001,薛氏醫按,6
578287,https://www.digital.archives.go.jp/api/iiif/578287/manifest.json,302-0001,薛氏醫按,14
578189,https://www.digital.archives.go.jp/api/iiif/578189/manifest.json,302-0001,薛氏醫按,15
578178,https://www.digital.archives.go.jp/api/iiif/578178/manifest.json,302-0001,薛氏醫按,16
578288,https://www.digital.archives.go.jp/api/iiif/578288/manifest.json,302-0001,薛氏醫按,20
4915060,https://www.digital.archives.go.jp/api/iiif/4915060/manifest.json,302-0030,古今醫統大全,1
4915061,https://www.digital.archives.go.jp/api/iiif/4915061/manifest.json,302-0030,古今醫統大全,2
4915062,https://www.digital.archives.go.jp/api/iiif/4915062/manifest.json,302-0030,古今醫統大全,3
4915063,https://www.digital.archives.go.jp/api/iiif/4915063/manifest.json,302-0030,古今醫統大全,4
4915064,https://www.digital.archives.go.jp/api/iiif/4915064/manifest.json,302-0030,古今醫統大全,5
4915065,https://www.digital.archives.go.jp/api/iiif/4915065/manifest.json,302-0030,古今醫統大全,6
4915066,https://www.digital.archives.go.jp/api/iiif/4915066/manifest.json,302-0030,古今醫統大全,7
4915067,https://www.digital.archives.go.jp/api/iiif/4915067/manifest.json,302-0030,古今醫統大全,8
4915068,https://www.digital.archives.go.jp/api/iiif/4915068/manifest.json,302-0030,古今醫統大全,9
4915069,https://www.digital.archives.go.jp/api/iiif/4915069/manifest.json,302-0030,古今醫統大全,10
4915070,https://www.digital.archives.go.jp/api/iiif/4915070/manifest.json,302-0030,古今醫統大全,11
4915071,https://www.digital.archives.go.jp/api/iiif/4915071/manifest.json,302-0030,古今醫統大全,12
4915072,https://www.digital.archives.go.jp/api/iiif/4915072/manifest.json,302-0030,古今醫統大全,13
4915073,https://www.digital.archives.go.jp/api/iiif/4915073/manifest.json,302-0030,古今醫統大全,14
4915074,https://www.digital.archives.go.jp/api/iiif/4915074/manifest.json,302-0030,古今醫統大全,15
4915075,https://www.digital.archives.go.jp/api/iiif/4915075/manifest.json,302-0030,古今醫統大全,16
4915076,https://www.digital.archives.go.jp/api/iiif/4915076/manifest.json,302-0030,古今醫統大全,17
4915077,https://www.digital.archives.go.jp/api/iiif/4915077/manifest.json,302-0030,古今醫統大全,18
4915078,https://www.digital.archives.go.jp/api/iiif/4915078/manifest.json,302-0030,古今醫統大全,19
4915079,https://www.digital.archives.go.jp/api/iiif/4915079/manifest.json,302-0030,古今醫統大全,20
4915080,https://www.digital.archives.go.jp/api/iiif/4915080/manifest.json,302-0030,古今醫統大全,21
4915081,https://www.digital.archives.go.jp/api/iiif/4915081/manifest.json,302-0030,古今醫統大全,22
4915082,https://www.digital.archives.go.jp/api/iiif/4915082/manifest.json,302-0030,古今醫統大全,23
4915083,https://www.digital.archives.go.jp/api/iiif/4915083/manifest.json,302-0030,古今醫統大全,24
4915084,https://www.digital.archives.go.jp/api/iiif/4915084/manifest.json,302-0030,古今醫統大全,25
4915085,https://www.digital.archives.go.jp/api/iiif/4915085/manifest.json,302-0030,古今醫統大全,26
4915086,https://www.digital.archives.go.jp/api/iiif/4915086/manifest.json,302-0030,古今醫統大全,27
4915087,https://www.digital.archives.go.jp/api/iiif/4915087/manifest.json,302-0030,古今醫統大全,28
4915088,https://www.digital.archives.go.jp/api/iiif/4915088/manifest.json,302-0030,古今醫統大全,29
4915089,https://www.digital.archives.go.jp/api/iiif/4915089/manifest.json,302-0030,古今醫統大全,30
4915090,https://www.digital.archives.go.jp/api/iiif/4915090/manifest.json,302-0030,古今醫統大全,31
4915091,https://www.digital.archives.go.jp/api/iiif/4915091/manifest.json,302-0030,古今醫統大全,32
4915092,https://www.digital.archives.go.jp/api/iiif/4915092/manifest.json,302-0030,古今醫統大全,33
4915093,https://www.digital.archives.go.jp/api/iiif/4915093/manifest.json,302-0030,古今醫統大全,34
4915094,https://www.digital.archives.go.jp/api/iiif/4915094/manifest.json,302-0030,古今醫統大全,35
4915095,https://www.digital.archives.go.jp/api/iiif/4915095/manifest.json,302-0030,古今醫統大全,36
4915096,https://www.digital.archives.go.jp/api/iiif/4915096/manifest.json,302-0030,古今醫統大全,37
4915097,https://www.digital.archives.go.jp/api/iiif/4915097/manifest.json,302-0030,古今醫統大全,38
4915098,https://www.digital.archives.go.jp/api/iiif/4915098/manifest.json,302-0030,古今醫統大全,39
4773217,https://www.digital.archives.go.jp/api/iiif/4773217/manifest.json,302-0024,古今醫統大全,1
4773219,https://www.digital.archives.go.jp/api/iiif/4773219/manifest.json,302-0024,古今醫統大全,2
4773220,https://www.digital.archives.go.jp/api/iiif/4773220/manifest.json,302-0024,古今醫統大全,3
4773222,https://www.digital.archives.go.jp/api/iiif/4773222/manifest.json,302-0024,古今醫統大全,4
4773224,https://www.digital.archives.go.jp/api/iiif/4773224/manifest.json,302-0024,古今醫統大全,5
4773225,https://www.digital.archives.go.jp/api/iiif/4773225/manifest.json,302-0024,古今醫統大全,6
4773226,https://www.digital.archives.go.jp/api/iiif/4773226/manifest.json,302-0024,古今醫統大全,7
4773227,https://www.digital.archives.go.jp/api/iiif/4773227/manifest.json,302-0024,古今醫統大全,8
4773228,https://www.digital.archives.go.jp/api/iiif/4773228/manifest.json,302-0024,古今醫統大全,9
4773229,https://www.digital.archives.go.jp/api/iiif/4773229/manifest.json,302-0024,古今醫統大全,10
4773230,https://www.digital.archives.go.jp/api/iiif/4773230/manifest.json,302-0024,古今醫統大全,11
4773231,https://www.digital.archives.go.jp/api/iiif/4773231/manifest.json,302-0024,古今醫統大全,12
4773232,https://www.digital.archives.go.jp/api/iiif/4773232/manifest.json,302-0024,古今醫統大全,13
4773233,https://www.digital.archives.go.jp/api/iiif/4773233/manifest.json,302-0024,古今醫統大全,14
4773234,https://www.digital.archives.go.jp/api/iiif/4773234/manifest.json,302-0024,古今醫統大全,15
4773235,https://www.digital.archives.go.jp/api/iiif/4773235/manifest.json,302-0024,古今醫統大全,16
4773236,https://www.digital.archives.go.jp/api/iiif/4773236/manifest.json,302-0024,古今醫統大全,17
4773237,https://www.digital.archives.go.jp/api/iiif/4773237/manifest.json,302-0024,古今醫統大全,18
4773238,https://www.digital.archives.go.jp/api/iiif/4773238/manifest.json,302-0024,古今醫統大全,19
4773239,https://www.digital.archives.go.jp/api/iiif/4773239/manifest.json,302-0024,古今醫統大全,20
4773240,https://www.digital.archives.go.jp/api/iiif/4773240/manifest.json,302-0024,古今醫統大全,21
4773241,https://www.digital.archives.go.jp/api/iiif/4773241/manifest.json,302-0024,古今醫統大全,22
4773242,https://www.digital.archives.go.jp/api/iiif/4773242/manifest.json,302-0024,古今醫統大全,23
4773243,https://www.digital.archives.go.jp/api/iiif/4773243/manifest.json,302-0024,古今醫統大全,24
4773245,https://www.digital.archives.go.jp/api/iiif/4773245/manifest.json,302-0024,古今醫統大全,25
4773247,https://www.digital.archives.go.jp/api/iiif/4773247/manifest.json,302-0024,古今醫統大全,26
4773249,https://www.digital.archives.go.jp/api/iiif/4773249/manifest.json,302-0024,古今醫統大全,27
4773250,https://www.digital.archives.go.jp/api/iiif/4773250/manifest.json,302-0024,古今醫統大全,28
4773252,https://www.digital.archives.go.jp/api/iiif/4773252/manifest.json,302-0024,古今醫統大全,29
4773254,https://www.digital.archives.go.jp/api/iiif/4773254/manifest.json,302-0024,古今醫統大全,30
4773255,https://www.digital.archives.go.jp/api/iiif/4773255/manifest.json,302-0024,古今醫統大全,31
4773257,https://www.digital.archives.go.jp/api/iiif/4773257/manifest.json,302-0024,古今醫統大全,32
4773259,https://www.digital.archives.go.jp/api/iiif/4773259/manifest.json,302-0024,古今醫統大全,33
4773261,https://www.digital.archives.go.jp/api/iiif/4773261/manifest.json,302-0024,古今醫統大全,34
4773262,https://www.digital.archives.go.jp/api/iiif/4773262/manifest.json,302-0024,古今醫統大全,35
4773264,https://www.digital.archives.go.jp/api/iiif/4773264/manifest.json,302-0024,古今醫統大全,36
4773266,https://www.digital.archives.go.jp/api/iiif/4773266/manifest.json,302-0024,古今醫統大全,37
4773268,https://www.digital.archives.go.jp/api/iiif/4773268/manifest.json,302-0024,古今醫統大全,38
4773270,https://www.digital.archives.go.jp/api/iiif/4773270/manifest.json,302-0024,古今醫統大全,39
4773272,https://www.digital.archives.go.jp/api/iiif/4773272/manifest.json,302-0024,古今醫統大全,40
4917631,https://www.digital.archives.go.jp/api/iiif/4917631/manifest.json,304-0161,瘍醫大全,1
4917632,https://www.digital.archives.go.jp/api/iiif/4917632/manifest.json,304-0161,瘍醫大全,2
4917633,https://www.digital.archives.go.jp/api/iiif/4917633/manifest.json,304-0161,瘍醫大全,3
4917634,https://www.digital.archives.go.jp/api/iiif/4917634/manifest.json,304-0161,瘍醫大全,4
4917635,https://www.digital.archives.go.jp/api/iiif/4917635/manifest.json,304-0161,瘍醫大全,5
4917636,https://www.digital.archives.go.jp/api/iiif/4917636/manifest.json,304-0161,瘍醫大全,6
4917637,https://www.digital.archives.go.jp/api/iiif/4917637/manifest.json,304-0161,瘍醫大全,7
4917638,https://www.digital.archives.go.jp/api/iiif/4917638/manifest.json,304-0161,瘍醫大全,8
4917639,https://www.digital.archives.go.jp/api/iiif/4917639/manifest.json,304-0161,瘍醫大全,9
4917640,https://www.digital.archives.go.jp/api/iiif/4917640/manifest.json,304-0161,瘍醫大全,10
4917641,https://www.digital.archives.go.jp/api/iiif/4917641/manifest.json,304-0161,瘍醫大全,11
4917642,https://www.digital.archives.go.jp/api/iiif/4917642/manifest.json,304-0161,瘍醫大全,12
4917643,https://www.digital.archives.go.jp/api/iiif/4917643/manifest.json,304-0161,瘍醫大全,13
4917644,https://www.digital.archives.go.jp/api/iiif/4917644/manifest.json,304-0161,瘍醫大全,14
4917645,https://www.digital.archives.go.jp/api/iiif/4917645/manifest.json,304-0161,瘍醫大全,15
4917646,https://www.digital.archives.go.jp/api/iiif/4917646/manifest.json,304-0161,瘍醫大全,16
4917647,https://www.digital.archives.go.jp/api/iiif/4917647/manifest.json,304-0161,瘍醫大全,17
4917648,https://www.digital.archives.go.jp/api/iiif/4917648/manifest.json,304-0161,瘍醫大全,18
4917649,https://www.digital.archives.go.jp/api/iiif/4917649/manifest.json,304-0161,瘍醫大全,19
4917650,https://www.digital.archives.go.jp/api/iiif/4917650/manifest.json,304-0161,瘍醫大全,20
4917651,https://www.digital.archives.go.jp/api/iiif/4917651/manifest.json,304-0161,瘍醫大全,21
4917652,https://www.digital.archives.go.jp/api/iiif/4917652/manifest.json,304-0161,瘍醫大全,22
4917653,https://www.digital.archives.go.jp/api/iiif/4917653/manifest.json,304-0161,瘍醫大全,23
4917654,https://www.digital.archives.go.jp/api/iiif/4917654/manifest.json,304-0161,瘍醫大全,24
4917655,https://www.digital.archives.go.jp/api/iiif/4917655/manifest.json,304-0161,瘍醫大全,25
4917656,https://www.digital.archives.go.jp/api/iiif/4917656/manifest.json,304-0161,瘍醫大全,26
4917657,https://www.digital.archives.go.jp/api/iiif/4917657/manifest.json,304-0161,瘍醫大全,27
4917658,https://www.digital.archives.go.jp/api/iiif/4917658/manifest.json,304-0161,瘍醫大全,28
4917659,https://www.digital.archives.go.jp/api/iiif/4917659/manifest.json,304-0161,瘍醫大全,29
4917660,https://www.digital.archives.go.jp/api/iiif/4917660/manifest.json,304-0161,瘍醫大全,30
4917661,https://www.digital.archives.go.jp/api/iiif/4917661/manifest.json,304-0161,瘍醫大全,31
4917662,https://www.digital.archives.go.jp/api/iiif/4917662/manifest.json,304-0161,瘍醫大全,32
4917663,https://www.digital.archives.go.jp/api/iiif/4917663/manifest.json,304-0161,瘍醫大全,33
4917664,https://www.digital.archives.go.jp/api/iiif/4917664/manifest.json,304-0161,瘍醫大全,34
4917665,https://www.digital.archives.go.jp/api/iiif/4917665/manifest.json,304-0161,瘍醫大全,35
4917666,https://www.digital.archives.go.jp/api/iiif/4917666/manifest.json,304-0161,瘍醫大全,36
4917667,https://www.digital.archives.go.jp/api/iiif/4917667/manifest.json,304-0161,瘍醫大全,37
4917668,https://www.digital.archives.go.jp/api/iiif/4917668/manifest.json,304-0161,瘍醫大全,38
4917669,https://www.digital.archives.go.jp/api/iiif/4917669/manifest.json,304-0161,瘍醫大全,39
4917670,https://www.digital.archives.go.jp/api/iiif/4917670/manifest.json,304-0161,瘍醫大全,40
4918036,https://www.digital.archives.go.jp/api/iiif/4918036/manifest.json,304-0305,本草綱目,1
4918037,https://www.digital.archives.go.jp/api/iiif/4918037/manifest.json,304-0305,本草綱目,2
4918038,https://www.digital.archives.go.jp/api/iiif/4918038/manifest.json,304-0305,本草綱目,3
4918039,https://www.digital.archives.go.jp/api/iiif/4918039/manifest.json,304-0305,本草綱目,4
4918040,https://www.digital.archives.go.jp/api/iiif/4918040/manifest.json,304-0305,本草綱目,5
4918041,https://www.digital.archives.go.jp/api/iiif/4918041/manifest.json,304-0305,本草綱目,6
4918042,https://www.digital.archives.go.jp/api/iiif/4918042/manifest.json,304-0305,本草綱目,7
4918043,https://www.digital.archives.go.jp/api/iiif/4918043/manifest.json,304-0305,本草綱目,8
4918044,https://www.digital.archives.go.jp/api/iiif/4918044/manifest.json,304-0305,本草綱目,9
4918045,https://www.digital.archives.go.jp/api/iiif/4918045/manifest.json,304-0305,本草綱目,10
4918046,https://www.digital.archives.go.jp/api/iiif/4918046/manifest.json,304-0305,本草綱目,11
4918047,https://www.digital.archives.go.jp/api/iiif/4918047/manifest.json,304-0305,本草綱目,12
4918048,https://www.digital.archives.go.jp/api/iiif/4918048/manifest.json,304-0305,本草綱目,13
4918049,https://www.digital.archives.go.jp/api/iiif/4918049/manifest.json,304-0305,本草綱目,14
4918050,https://www.digital.archives.go.jp/api/iiif/4918050/manifest.json,304-0305,本草綱目,15
4918051,https://www.digital.archives.go.jp/api/iiif/4918051/manifest.json,304-0305,本草綱目,16
4918052,https://www.digital.archives.go.jp/api/iiif/4918052/manifest.json,304-0305,本草綱目,17
4918053,https://www.digital.archives.go.jp/api/iiif/4918053/manifest.json,304-0305,本草綱目,18
4918054,https://www.digital.archives.go.jp/api/iiif/4918054/manifest.json,304-0305,本草綱目,19
4918055,https://www.digital.archives.go.jp/api/iiif/4918055/manifest.json,304-0305,本草綱目,20
4918056,https://www.digital.archives.go.jp/api/iiif/4918056/manifest.json,304-0305,本草綱目,21
4918057,https://www.digital.archives.go.jp/api/iiif/4918057/manifest.json,304-0305,本草綱目,22
4918058,https://www.digital.archives.go.jp/api/iiif/4918058/manifest.json,304-0305,本草綱目,23
4918059,https://www.digital.archives.go.jp/api/iiif/4918059/manifest.json,304-0305,本草綱目,24
4918060,https://www.digital.archives.go.jp/api/iiif/4918060/manifest.json,304-0305,本草綱目,25
4918061,https://www.digital.archives.go.jp/api/iiif/4918061/manifest.json,304-0305,本草綱目,26
4918062,https://www.digital.archives.go.jp/api/iiif/4918062/manifest.json,304-0305,本草綱目,27
4918063,https://www.digital.archives.go.jp/api/iiif/4918063/manifest.json,304-0305,本草綱目,28
4918064,https://www.digital.archives.go.jp/api/iiif/4918064/manifest.json,304-0305,本草綱目,29
4918065,https://www.digital.archives.go.jp/api/iiif/4918065/manifest.json,304-0305,本草綱目,30
4918066,https://www.digital.archives.go.jp/api/iiif/4918066/manifest.json,304-0305,本草綱目,31
4918067,https://www.digital.archives.go.jp/api/iiif/4918067/manifest.json,304-0305,本草綱目,32
4918068,https://www.digital.archives.go.jp/api/iiif/4918068/manifest.json,304-0305,本草綱目,33
4918069,https://www.digital.archives.go.jp/api/iiif/4918069/manifest.json,304-0305,本草綱目,34
4918070,https://www.digital.archives.go.jp/api/iiif/4918070/manifest.json,304-0305,本草綱目,35
4918071,https://www.digital.archives.go.jp/api/iiif/4918071/manifest.json,304-0305,本草綱目,36
4918072,https://www.digital.archives.go.jp/api/iiif/4918072/manifest.json,304-0305,本草綱目,37
4918073,https://www.digital.archives.go.jp/api/iiif/4918073/manifest.json,304-0305,本草綱目,38
4918074,https://www.digital.archives.go.jp/api/iiif/4918074/manifest.json,304-0305,本草綱目,39
4918075,https://www.digital.archives.go.jp/api/iiif/4918075/manifest.json,304-0305,本草綱目,40
4226995,https://www.digital.archives.go.jp/api/iiif/4226995/manifest.json,301-0026,類經,1
4226998,https://www.digital.archives.go.jp/api/iiif/4226998/manifest.json,301-0026,類經,2
4226999,https://www.digital.archives.go.jp/api/iiif/4226999/manifest.json,301-0026,類經,3
4111264,https://www.digital.archives.go.jp/api/iiif/4111264/manifest.json,301-0026,類經,4
4111265,https://www.digital.archives.go.jp/api/iiif/4111265/manifest.json,301-0026,類經,5
4111266,https://www.digital.archives.go.jp/api/iiif/4111266/manifest.json,301-0026,類經,6
4112111,https://www.digital.archives.go.jp/api/iiif/4112111/manifest.json,301-0026,類經,7
4112112,https://www.digital.archives.go.jp/api/iiif/4112112/manifest.json,301-0026,類經,8
4112113,https://www.digital.archives.go.jp/api/iiif/4112113/manifest.json,301-0026,類經,9
4112115,https://www.digital.archives.go.jp/api/iiif/4112115/manifest.json,301-0026,類經,10
4112117,https://www.digital.archives.go.jp/api/iiif/4112117/manifest.json,301-0026,類經,11
4112119,https://www.digital.archives.go.jp/api/iiif/4112119/manifest.json,301-0026,類經,12
4112120,https://www.digital.archives.go.jp/api/iiif/4112120/manifest.json,301-0026,類經,13
4112121,https://www.digital.archives.go.jp/api/iiif/4112121/manifest.json,301-0026,類經,14
4112122,https://www.digital.archives.go.jp/api/iiif/4112122/manifest.json,301-0026,類經,15
4227891,https://www.digital.archives.go.jp/api/iiif/4227891/manifest.json,301-0026,類經,16
4227893,https://www.digital.archives.go.jp/api/iiif/4227893/manifest.json,301-0026,類經,17
4227894,https://www.digital.archives.go.jp/api/iiif/4227894/manifest.json,301-0026,類經,18
4227896,https://www.digital.archives.go.jp/api/iiif/4227896/manifest.json,301-0026,類經,19
4227898,https://www.digital.archives.go.jp/api/iiif/4227898/manifest.json,301-0026,類經,20
4227900,https://www.digital.archives.go.jp/api/iiif/4227900/manifest.json,301-0026,類經,21
4112124,https://www.digital.archives.go.jp/api/iiif/4112124/manifest.json,301-0026,類經,22
4112126,https://www.digital.archives.go.jp/api/iiif/4112126/manifest.json,301-0026,類經,23
4112127,https://www.digital.archives.go.jp/api/iiif/4112127/manifest.json,301-0026,類經,24
4112966,https://www.digital.archives.go.jp/api/iiif/4112966/manifest.json,301-0026,類經,25
4112967,https://www.digital.archives.go.jp/api/iiif/4112967/manifest.json,301-0026,類經,26
4112968,https://www.digital.archives.go.jp/api/iiif/4112968/manifest.json,301-0026,類經,27
4112969,https://www.digital.archives.go.jp/api/iiif/4112969/manifest.json,301-0026,類經,28
4227906,https://www.digital.archives.go.jp/api/iiif/4227906/manifest.json,301-0026,類經,29
4112971,https://www.digital.archives.go.jp/api/iiif/4112971/manifest.json,301-0026,類經,30
4112972,https://www.digital.archives.go.jp/api/iiif/4112972/manifest.json,301-0026,類經,31
4227907,https://www.digital.archives.go.jp/api/iiif/4227907/manifest.json,301-0026,類經,32
4228799,https://www.digital.archives.go.jp/api/iiif/4228799/manifest.json,301-0026,類經,33
4112973,https://www.digital.archives.go.jp/api/iiif/4112973/manifest.json,301-0026,類經,34
4112975,https://www.digital.archives.go.jp/api/iiif/4112975/manifest.json,301-0026,類經,35
4112976,https://www.digital.archives.go.jp/api/iiif/4112976/manifest.json,301-0026,類經,36
4112977,https://www.digital.archives.go.jp/api/iiif/4112977/manifest.json,301-0026,類經,37
4112978,https://www.digital.archives.go.jp/api/iiif/4112978/manifest.json,301-0026,類經,38
4112979,https://www.digital.archives.go.jp/api/iiif/4112979/manifest.json,301-0026,類經,39
4112980,https://www.digital.archives.go.jp/api/iiif/4112980/manifest.json,301-0026,類經,40
4914778,https://www.digital.archives.go.jp/api/iiif/4914778/manifest.json,301-0028,類經,1
4914779,https://www.digital.archives.go.jp/api/iiif/4914779/manifest.json,301-0028,類經,2
4914780,https://www.digital.archives.go.jp/api/iiif/4914780/manifest.json,301-0028,類經,3
4914781,https://www.digital.archives.go.jp/api/iiif/4914781/manifest.json,301-0028,類經,4
4914782,https://www.digital.archives.go.jp/api/iiif/4914782/manifest.json,301-0028,類經,5
4914783,https://www.digital.archives.go.jp/api/iiif/4914783/manifest.json,301-0028,類經,6
4914784,https://www.digital.archives.go.jp/api/iiif/4914784/manifest.json,301-0028,類經,7
4914785,https://www.digital.archives.go.jp/api/iiif/4914785/manifest.json,301-0028,類經,8
4914786,https://www.digital.archives.go.jp/api/iiif/4914786/manifest.json,301-0028,類經,9
4914787,https://www.digital.archives.go.jp/api/iiif/4914787/manifest.json,301-0028,類經,10
4914788,https://www.digital.archives.go.jp/api/iiif/4914788/manifest.json,301-0028,類經,11
4914789,https://www.digital.archives.go.jp/api/iiif/4914789/manifest.json,301-0028,類經,12
4914790,https://www.digital.archives.go.jp/api/iiif/4914790/manifest.json,301-0028,類經,13
4914791,https://www.digital.archives.go.jp/api/iiif/4914791/manifest.json,301-0028,類經,14
4914792,https://www.digital.archives.go.jp/api/iiif/4914792/manifest.json,301-0028,類經,15
4914793,https://www.digital.archives.go.jp/api/iiif/4914793/manifest.json,301-0028,類經,16
4914794,https://www.digital.archives.go.jp/api/iiif/4914794/manifest.json,301-0028,類經,17
4914795,https://www.digital.archives.go.jp/api/iiif/4914795/manifest.json,301-0028,類經,18
4914796,https://www.digital.archives.go.jp/api/iiif/4914796/manifest.json,301-0028,類經,19
4914797,https://www.digital.archives.go.jp/api/iiif/4914797/manifest.json,301-0028,類經,20
4914798,https://www.digital.archives.go.jp/api/iiif/4914798/manifest.json,301-0028,類經,21
4914799,https://www.digital.archives.go.jp/api/iiif/4914799/manifest.json,301-0028,類經,22
4914800,https://www.digital.archives.go.jp/api/iiif/4914800/manifest.json,301-0028,類經,23
4914801,https://www.digital.archives.go.jp/api/iiif/4914801/manifest.json,301-0028,類經,24
4914802,https://www.digital.archives.go.jp/api/iiif/4914802/manifest.json,301-0028,類經,25
4914803,https://www.digital.archives.go.jp/api/iiif/4914803/manifest.json,301-0028,類經,26
4914804,https://www.digital.archives.go.jp/api/iiif/4914804/manifest.json,301-0028,類經,27
4914805,https://www.digital.archives.go.jp/api/iiif/4914805/manifest.json,301-0028,類經,28
4914806,https://www.digital.archives.go.jp/api/iiif/4914806/manifest.json,301-0028,類經,29
4914807,https://www.digital.archives.go.jp/api/iiif/4914807/manifest.json,301-0028,類經,30
4914808,https://www.digital.archives.go.jp/api/iiif/4914808/manifest.json,301-0028,類經,31
4914809,https://www.digital.archives.go.jp/api/iiif/4914809/manifest.json,301-0028,類經,32
4914810,https://www.digital.archives.go.jp/api/iiif/4914810/manifest.json,301-0028,類經,33
4914811,https://www.digital.archives.go.jp/api/iiif/4914811/manifest.json,301-0028,類經,34
4914812,https://www.digital.archives.go.jp/api/iiif/4914812/manifest.json,301-0028,類經,35
4914813,https://www.digital.archives.go.jp/api/iiif/4914813/manifest.json,301-0028,類經,36
4914814,https://www.digital.archives.go.jp/api/iiif/4914814/manifest.json,301-0028,類經,37
4914815,https://www.digital.archives.go.jp/api/iiif/4914815/manifest.json,301-0028,類經,38
4914816,https://www.digital.archives.go.jp/api/iiif/4914816/manifest.json,301-0028,類經,39
4914817,https://www.digital.archives.go.jp/api/iiif/4914817/manifest.json,301-0028,類經,40
4918101,https://www.digital.archives.go.jp/api/iiif/4918101/manifest.json,304-0307,本草綱目,1
4918102,https://www.digital.archives.go.jp/api/iiif/4918102/manifest.json,304-0307,本草綱目,2
4918103,https://www.digital.archives.go.jp/api/iiif/4918103/manifest.json,304-0307,本草綱目,3
4918104,https://www.digital.archives.go.jp/api/iiif/4918104/manifest.json,304-0307,本草綱目,4
4918105,https://www.digital.archives.go.jp/api/iiif/4918105/manifest.json,304-0307,本草綱目,5
4918106,https://www.digital.archives.go.jp/api/iiif/4918106/manifest.json,304-0307,本草綱目,6
4918107,https://www.digital.archives.go.jp/api/iiif/4918107/manifest.json,304-0307,本草綱目,7
4918108,https://www.digital.archives.go.jp/api/iiif/4918108/manifest.json,304-0307,本草綱目,8
4918109,https://www.digital.archives.go.jp/api/iiif/4918109/manifest.json,304-0307,本草綱目,9
4918110,https://www.digital.archives.go.jp/api/iiif/4918110/manifest.json,304-0307,本草綱目,10
4918111,https://www.digital.archives.go.jp/api/iiif/4918111/manifest.json,304-0307,本草綱目,11
4918112,https://www.digital.archives.go.jp/api/iiif/4918112/manifest.json,304-0307,本草綱目,12
4918113,https://www.digital.archives.go.jp/api/iiif/4918113/manifest.json,304-0307,本草綱目,13
4918114,https://www.digital.archives.go.jp/api/iiif/4918114/manifest.json,304-0307,本草綱目,14
4918115,https://www.digital.archives.go.jp/api/iiif/4918115/manifest.json,304-0307,本草綱目,15
4918116,https://www.digital.archives.go.jp/api/iiif/4918116/manifest.json,304-0307,本草綱目,16
4918117,https://www.digital.archives.go.jp/api/iiif/4918117/manifest.json,304-0307,本草綱目,17
4918118,https://www.digital.archives.go.jp/api/iiif/4918118/manifest.json,304-0307,本草綱目,18
4918119,https://www.digital.archives.go.jp/api/iiif/4918119/manifest.json,304-0307,本草綱目,19
4918120,https://www.digital.archives.go.jp/api/iiif/4918120/manifest.json,304-0307,本草綱目,20
4918121,https://www.digital.archives.go.jp/api/iiif/4918121/manifest.json,304-0307,本草綱目,21
4918122,https://www.digital.archives.go.jp/api/iiif/4918122/manifest.json,304-0307,本草綱目,22
4918123,https://www.digital.archives.go.jp/api/iiif/4918123/manifest.json,304-0307,本草綱目,23
4918124,https://www.digital.archives.go.jp/api/iiif/4918124/manifest.json,304-0307,本草綱目,24
4918125,https://www.digital.archives.go.jp/api/iiif/4918125/manifest.json,304-0307,本草綱目,25
4918126,https://www.digital.archives.go.jp/api/iiif/4918126/manifest.json,304-0307,本草綱目,26
4918127,https://www.digital.archives.go.jp/api/iiif/4918127/manifest.json,304-0307,本草綱目,27
4918128,https://www.digital.archives.go.jp/api/iiif/4918128/manifest.json,304-0307,本草綱目,28
4918129,https://www.digital.archives.go.jp/api/iiif/4918129/manifest.json,304-0307,本草綱目,29
4918130,https://www.digital.archives.go.jp/api/iiif/4918130/manifest.json,304-0307,本草綱目,30
4918131,https://www.digital.archives.go.jp/api/iiif/4918131/manifest.json,304-0307,本草綱目,31
4918132,https://www.digital.archives.go.jp/api/iiif/4918132/manifest.json,304-0307,本草綱目,32
4918133,https://www.digital.archives.go.jp/api/iiif/4918133/manifest.json,304-0307,本草綱目,33
4918134,https://www.digital.archives.go.jp/api/iiif/4918134/manifest.json,304-0307,本草綱目,34
4918135,https://www.digital.archives.go.jp/api/iiif/4918135/manifest.json,304-0307,本草綱目,35
4918136,https://www.digital.archives.go.jp/api/iiif/4918136/manifest.json,304-0307,本草綱目,36
4918137,https://www.digital.archives.go.jp/api/iiif/4918137/manifest.json,304-0307,本草綱目,37
4918138,https://www.digital.archives.go.jp/api/iiif/4918138/manifest.json,304-0307,本草綱目,38
4918139,https://www.digital.archives.go.jp/api/iiif/4918139/manifest.json,304-0307,本草綱目,39
4918140,https://www.digital.archives.go.jp/api/iiif/4918140/manifest.json,304-0307,本草綱目,40
4918141,https://www.digital.archives.go.jp/api/iiif/4918141/manifest.json,304-0307,本草綱目,41
4113832,https://www.digital.archives.go.jp/api/iiif/4113832/manifest.json,301-0090,赤水玄珠,1
4113833,https://www.digital.archives.go.jp/api/iiif/4113833/manifest.json,301-0090,赤水玄珠,2
4113834,https://www.digital.archives.go.jp/api/iiif/4113834/manifest.json,301-0090,赤水玄珠,3
4113835,https://www.digital.archives.go.jp/api/iiif/4113835/manifest.json,301-0090,赤水玄珠,4
4114668,https://www.digital.archives.go.jp/api/iiif/4114668/manifest.json,301-0090,赤水玄珠,5
4114669,https://www.digital.archives.go.jp/api/iiif/4114669/manifest.json,301-0090,赤水玄珠,6
4114670,https://www.digital.archives.go.jp/api/iiif/4114670/manifest.json,301-0090,赤水玄珠,7
4114671,https://www.digital.archives.go.jp/api/iiif/4114671/manifest.json,301-0090,赤水玄珠,8
4114672,https://www.digital.archives.go.jp/api/iiif/4114672/manifest.json,301-0090,赤水玄珠,9
4114673,https://www.digital.archives.go.jp/api/iiif/4114673/manifest.json,301-0090,赤水玄珠,10
4115530,https://www.digital.archives.go.jp/api/iiif/4115530/manifest.json,301-0090,赤水玄珠,11
4115531,https://www.digital.archives.go.jp/api/iiif/4115531/manifest.json,301-0090,赤水玄珠,12
4115532,https://www.digital.archives.go.jp/api/iiif/4115532/manifest.json,301-0090,赤水玄珠,13
4115534,https://www.digital.archives.go.jp/api/iiif/4115534/manifest.json,301-0090,赤水玄珠,14
4115536,https://www.digital.archives.go.jp/api/iiif/4115536/manifest.json,301-0090,赤水玄珠,15
4116381,https://www.digital.archives.go.jp/api/iiif/4116381/manifest.json,301-0090,赤水玄珠,16
4116383,https://www.digital.archives.go.jp/api/iiif/4116383/manifest.json,301-0090,赤水玄珠,17
4116386,https://www.digital.archives.go.jp/api/iiif/4116386/manifest.json,301-0090,赤水玄珠,18
4116388,https://www.digital.archives.go.jp/api/iiif/4116388/manifest.json,301-0090,赤水玄珠,19
4228802,https://www.digital.archives.go.jp/api/iiif/4228802/manifest.json,301-0090,赤水玄珠,20
4228803,https://www.digital.archives.go.jp/api/iiif/4228803/manifest.json,301-0090,赤水玄珠,21
4228805,https://www.digital.archives.go.jp/api/iiif/4228805/manifest.json,301-0090,赤水玄珠,22
4228807,https://www.digital.archives.go.jp/api/iiif/4228807/manifest.json,301-0090,赤水玄珠,23
4116391,https://www.digital.archives.go.jp/api/iiif/4116391/manifest.json,301-0090,赤水玄珠,24
4116393,https://www.digital.archives.go.jp/api/iiif/4116393/manifest.json,301-0090,赤水玄珠,25
4116395,https://www.digital.archives.go.jp/api/iiif/4116395/manifest.json,301-0090,赤水玄珠,26
4117235,https://www.digital.archives.go.jp/api/iiif/4117235/manifest.json,301-0090,赤水玄珠,27
4228809,https://www.digital.archives.go.jp/api/iiif/4228809/manifest.json,301-0090,赤水玄珠,28
4228810,https://www.digital.archives.go.jp/api/iiif/4228810/manifest.json,301-0090,赤水玄珠,29
4228813,https://www.digital.archives.go.jp/api/iiif/4228813/manifest.json,301-0090,赤水玄珠,30
4229705,https://www.digital.archives.go.jp/api/iiif/4229705/manifest.json,301-0090,赤水玄珠,31
4229707,https://www.digital.archives.go.jp/api/iiif/4229707/manifest.json,301-0090,赤水玄珠,32
4229709,https://www.digital.archives.go.jp/api/iiif/4229709/manifest.json,301-0090,赤水玄珠,33
4229711,https://www.digital.archives.go.jp/api/iiif/4229711/manifest.json,301-0090,赤水玄珠,34
4229713,https://www.digital.archives.go.jp/api/iiif/4229713/manifest.json,301-0090,赤水玄珠,35
4229714,https://www.digital.archives.go.jp/api/iiif/4229714/manifest.json,301-0090,赤水玄珠,36
4229715,https://www.digital.archives.go.jp/api/iiif/4229715/manifest.json,301-0090,赤水玄珠,37
4229716,https://www.digital.archives.go.jp/api/iiif/4229716/manifest.json,301-0090,赤水玄珠,38
4229717,https://www.digital.archives.go.jp/api/iiif/4229717/manifest.json,301-0090,赤水玄珠,39
4229718,https://www.digital.archives.go.jp/api/iiif/4229718/manifest.json,301-0090,赤水玄珠,40
4229720,https://www.digital.archives.go.jp/api/iiif/4229720/manifest.json,301-0090,赤水玄珠,41
4216004,https://www.digital.archives.go.jp/api/iiif/4216004/manifest.json,301-0090,赤水玄珠,42
4216005,https://www.digital.archives.go.jp/api/iiif/4216005/manifest.json,301-0090,赤水玄珠,43
4216006,https://www.digital.archives.go.jp/api/iiif/4216006/manifest.json,301-0090,赤水玄珠,44
4915680,https://www.digital.archives.go.jp/api/iiif/4915680/manifest.json,302-0131,醫方類聚,16
577872,https://www.digital.archives.go.jp/api/iiif/577872/manifest.json,301-0148,薛氏醫按,1
577871,https://www.digital.archives.go.jp/api/iiif/577871/manifest.json,301-0148,薛氏醫按,2
577782,https://www.digital.archives.go.jp/api/iiif/577782/manifest.json,301-0148,薛氏醫按,3
577874,https://www.digital.archives.go.jp/api/iiif/577874/manifest.json,301-0148,薛氏醫按,4
577873,https://www.digital.archives.go.jp/api/iiif/577873/manifest.json,301-0148,薛氏醫按,5
577781,https://www.digital.archives.go.jp/api/iiif/577781/manifest.json,301-0148,薛氏醫按,6
577864,https://www.digital.archives.go.jp/api/iiif/577864/manifest.json,301-0148,薛氏醫按,7
577875,https://www.digital.archives.go.jp/api/iiif/577875/manifest.json,301-0148,薛氏醫按,8
577877,https://www.digital.archives.go.jp/api/iiif/577877/manifest.json,301-0148,薛氏醫按,9
577876,https://www.digital.archives.go.jp/api/iiif/577876/manifest.json,301-0148,薛氏醫按,10
577783,https://www.digital.archives.go.jp/api/iiif/577783/manifest.json,301-0148,薛氏醫按,11
577972,https://www.digital.archives.go.jp/api/iiif/577972/manifest.json,301-0148,薛氏醫按,12
577878,https://www.digital.archives.go.jp/api/iiif/577878/manifest.json,301-0148,薛氏醫按,13
577866,https://www.digital.archives.go.jp/api/iiif/577866/manifest.json,301-0148,薛氏醫按,14
577973,https://www.digital.archives.go.jp/api/iiif/577973/manifest.json,301-0148,薛氏醫按,15
577784,https://www.digital.archives.go.jp/api/iiif/577784/manifest.json,301-0148,薛氏醫按,16
577975,https://www.digital.archives.go.jp/api/iiif/577975/manifest.json,301-0148,薛氏醫按,17
577974,https://www.digital.archives.go.jp/api/iiif/577974/manifest.json,301-0148,薛氏醫按,18
577977,https://www.digital.archives.go.jp/api/iiif/577977/manifest.json,301-0148,薛氏醫按,19
577976,https://www.digital.archives.go.jp/api/iiif/577976/manifest.json,301-0148,薛氏醫按,20
577785,https://www.digital.archives.go.jp/api/iiif/577785/manifest.json,301-0148,薛氏醫按,21
577979,https://www.digital.archives.go.jp/api/iiif/577979/manifest.json,301-0148,薛氏醫按,22
577978,https://www.digital.archives.go.jp/api/iiif/577978/manifest.json,301-0148,薛氏醫按,23
577980,https://www.digital.archives.go.jp/api/iiif/577980/manifest.json,301-0148,薛氏醫按,24
577786,https://www.digital.archives.go.jp/api/iiif/577786/manifest.json,301-0148,薛氏醫按,25
577982,https://www.digital.archives.go.jp/api/iiif/577982/manifest.json,301-0148,薛氏醫按,26
577981,https://www.digital.archives.go.jp/api/iiif/577981/manifest.json,301-0148,薛氏醫按,27
577983,https://www.digital.archives.go.jp/api/iiif/577983/manifest.json,301-0148,薛氏醫按,28
577787,https://www.digital.archives.go.jp/api/iiif/577787/manifest.json,301-0148,薛氏醫按,29
577868,https://www.digital.archives.go.jp/api/iiif/577868/manifest.json,301-0148,薛氏醫按,30
577985,https://www.digital.archives.go.jp/api/iiif/577985/manifest.json,301-0148,薛氏醫按,31
577865,https://www.digital.archives.go.jp/api/iiif/577865/manifest.json,301-0148,薛氏醫按,32
577984,https://www.digital.archives.go.jp/api/iiif/577984/manifest.json,301-0148,薛氏醫按,33
577788,https://www.digital.archives.go.jp/api/iiif/577788/manifest.json,301-0148,薛氏醫按,34
578074,https://www.digital.archives.go.jp/api/iiif/578074/manifest.json,301-0148,薛氏醫按,35
577867,https://www.digital.archives.go.jp/api/iiif/577867/manifest.json,301-0148,薛氏醫按,36
577790,https://www.digital.archives.go.jp/api/iiif/577790/manifest.json,301-0148,薛氏醫按,37
578076,https://www.digital.archives.go.jp/api/iiif/578076/manifest.json,301-0148,薛氏醫按,38
578075,https://www.digital.archives.go.jp/api/iiif/578075/manifest.json,301-0148,薛氏醫按,39
578078,https://www.digital.archives.go.jp/api/iiif/578078/manifest.json,301-0148,薛氏醫按,40
578077,https://www.digital.archives.go.jp/api/iiif/578077/manifest.json,301-0148,薛氏醫按,41
578080,https://www.digital.archives.go.jp/api/iiif/578080/manifest.json,301-0148,薛氏醫按,42
578079,https://www.digital.archives.go.jp/api/iiif/578079/manifest.json,301-0148,薛氏醫按,43
577870,https://www.digital.archives.go.jp/api/iiif/577870/manifest.json,301-0148,薛氏醫按,44
578082,https://www.digital.archives.go.jp/api/iiif/578082/manifest.json,301-0148,薛氏醫按,45
577789,https://www.digital.archives.go.jp/api/iiif/577789/manifest.json,301-0148,薛氏醫按,46
578081,https://www.digital.archives.go.jp/api/iiif/578081/manifest.json,301-0148,薛氏醫按,47
577869,https://www.digital.archives.go.jp/api/iiif/577869/manifest.json,301-0148,薛氏醫按,48
4915416,https://www.digital.archives.go.jp/api/iiif/4915416/manifest.json,302-0085,御纂醫宗金鑑,6
4915419,https://www.digital.archives.go.jp/api/iiif/4915419/manifest.json,302-0085,御纂醫宗金鑑,9
4915420,https://www.digital.archives.go.jp/api/iiif/4915420/manifest.json,302-0085,御纂醫宗金鑑,10
4915421,https://www.digital.archives.go.jp/api/iiif/4915421/manifest.json,302-0085,御纂醫宗金鑑,11
4915424,https://www.digital.archives.go.jp/api/iiif/4915424/manifest.json,302-0085,御纂醫宗金鑑,14
4915425,https://www.digital.archives.go.jp/api/iiif/4915425/manifest.json,302-0085,御纂醫宗金鑑,15
4915426,https://www.digital.archives.go.jp/api/iiif/4915426/manifest.json,302-0085,御纂醫宗金鑑,16
4915427,https://www.digital.archives.go.jp/api/iiif/4915427/manifest.json,302-0085,御纂醫宗金鑑,17
4915428,https://www.digital.archives.go.jp/api/iiif/4915428/manifest.json,302-0085,御纂醫宗金鑑,18
4915429,https://www.digital.archives.go.jp/api/iiif/4915429/manifest.json,302-0085,御纂醫宗金鑑,19
4915430,https://www.digital.archives.go.jp/api/iiif/4915430/manifest.json,302-0085,御纂醫宗金鑑,20
4915432,https://www.digital.archives.go.jp/api/iiif/4915432/manifest.json,302-0085,御纂醫宗金鑑,22
4915433,https://www.digital.archives.go.jp/api/iiif/4915433/manifest.json,302-0085,御纂醫宗金鑑,23
4915435,https://www.digital.archives.go.jp/api/iiif/4915435/manifest.json,302-0085,御纂醫宗金鑑,25
4915436,https://www.digital.archives.go.jp/api/iiif/4915436/manifest.json,302-0085,御纂醫宗金鑑,26
4915437,https://www.digital.archives.go.jp/api/iiif/4915437/manifest.json,302-0085,御纂醫宗金鑑,27
4915438,https://www.digital.archives.go.jp/api/iiif/4915438/manifest.json,302-0085,御纂醫宗金鑑,28
4915439,https://www.digital.archives.go.jp/api/iiif/4915439/manifest.json,302-0085,御纂醫宗金鑑,29
4915440,https://www.digital.archives.go.jp/api/iiif/4915440/manifest.json,302-0085,御纂醫宗金鑑,30
4915441,https://www.digital.archives.go.jp/api/iiif/4915441/manifest.json,302-0085,御纂醫宗金鑑,31
4915442,https://www.digital.archives.go.jp/api/iiif/4915442/manifest.json,302-0085,御纂醫宗金鑑,32
4915443,https://www.digital.archives.go.jp/api/iiif/4915443/manifest.json,302-0085,御纂醫宗金鑑,33
4915444,https://www.digital.archives.go.jp/api/iiif/4915444/manifest.json,302-0085,御纂醫宗金鑑,34
4915445,https://www.digital.archives.go.jp/api/iiif/4915445/manifest.json,302-0085,御纂醫宗金鑑,35
4915446,https://www.digital.archives.go.jp/api/iiif/4915446/manifest.json,302-0085,御纂醫宗金鑑,36
4915447,https://www.digital.archives.go.jp/api/iiif/4915447/manifest.json,302-0085,御纂醫宗金鑑,37
4915448,https://www.digital.archives.go.jp/api/iiif/4915448/manifest.json,302-0085,御纂醫宗金鑑,38
4915449,https://www.digital.archives.go.jp/api/iiif/4915449/manifest.json,302-0085,御纂醫宗金鑑,39
4915450,https://www.digital.archives.go.jp/api/iiif/4915450/manifest.json,302-0085,御纂醫宗金鑑,40
4915453,https://www.digital.archives.go.jp/api/iiif/4915453/manifest.json,302-0085,御纂醫宗金鑑,43
4915457,https://www.digital.archives.go.jp/api/iiif/4915457/manifest.json,302-0085,御纂醫宗金鑑,47
4775022,https://www.digital.archives.go.jp/api/iiif/4775022/manifest.json,304-0298,本草綱目,1
4775025,https://www.digital.archives.go.jp/api/iiif/4775025/manifest.json,304-0298,本草綱目,2
4775026,https://www.digital.archives.go.jp/api/iiif/4775026/manifest.json,304-0298,本草綱目,3
4775028,https://www.digital.archives.go.jp/api/iiif/4775028/manifest.json,304-0298,本草綱目,4
4775030,https://www.digital.archives.go.jp/api/iiif/4775030/manifest.json,304-0298,本草綱目,5
4775032,https://www.digital.archives.go.jp/api/iiif/4775032/manifest.json,304-0298,本草綱目,6
4775034,https://www.digital.archives.go.jp/api/iiif/4775034/manifest.json,304-0298,本草綱目,7
4775036,https://www.digital.archives.go.jp/api/iiif/4775036/manifest.json,304-0298,本草綱目,8
4775038,https://www.digital.archives.go.jp/api/iiif/4775038/manifest.json,304-0298,本草綱目,9
4775040,https://www.digital.archives.go.jp/api/iiif/4775040/manifest.json,304-0298,本草綱目,10
4775041,https://www.digital.archives.go.jp/api/iiif/4775041/manifest.json,304-0298,本草綱目,11
4775043,https://www.digital.archives.go.jp/api/iiif/4775043/manifest.json,304-0298,本草綱目,12
4775045,https://www.digital.archives.go.jp/api/iiif/4775045/manifest.json,304-0298,本草綱目,13
4775047,https://www.digital.archives.go.jp/api/iiif/4775047/manifest.json,304-0298,本草綱目,14
4775049,https://www.digital.archives.go.jp/api/iiif/4775049/manifest.json,304-0298,本草綱目,15
4775051,https://www.digital.archives.go.jp/api/iiif/4775051/manifest.json,304-0298,本草綱目,16
4775053,https://www.digital.archives.go.jp/api/iiif/4775053/manifest.json,304-0298,本草綱目,17
4775055,https://www.digital.archives.go.jp/api/iiif/4775055/manifest.json,304-0298,本草綱目,18
4775057,https://www.digital.archives.go.jp/api/iiif/4775057/manifest.json,304-0298,本草綱目,19
4775058,https://www.digital.archives.go.jp/api/iiif/4775058/manifest.json,304-0298,本草綱目,20
4775059,https://www.digital.archives.go.jp/api/iiif/4775059/manifest.json,304-0298,本草綱目,21
4775060,https://www.digital.archives.go.jp/api/iiif/4775060/manifest.json,304-0298,本草綱目,22
4775061,https://www.digital.archives.go.jp/api/iiif/4775061/manifest.json,304-0298,本草綱目,23
4775062,https://www.digital.archives.go.jp/api/iiif/4775062/manifest.json,304-0298,本草綱目,24
4775063,https://www.digital.archives.go.jp/api/iiif/4775063/manifest.json,304-0298,本草綱目,25
4775064,https://www.digital.archives.go.jp/api/iiif/4775064/manifest.json,304-0298,本草綱目,26
4775065,https://www.digital.archives.go.jp/api/iiif/4775065/manifest.json,304-0298,本草綱目,27
4775066,https://www.digital.archives.go.jp/api/iiif/4775066/manifest.json,304-0298,本草綱目,28
4775067,https://www.digital.archives.go.jp/api/iiif/4775067/manifest.json,304-0298,本草綱目,29
4775068,https://www.digital.archives.go.jp/api/iiif/4775068/manifest.json,304-0298,本草綱目,30
4775069,https://www.digital.archives.go.jp/api/iiif/4775069/manifest.json,304-0298,本草綱目,31
4775071,https://www.digital.archives.go.jp/api/iiif/4775071/manifest.json,304-0298,本草綱目,32
4775072,https://www.digital.archives.go.jp/api/iiif/4775072/manifest.json,304-0298,本草綱目,33
4775073,https://www.digital.archives.go.jp/api/iiif/4775073/manifest.json,304-0298,本草綱目,34
4775074,https://www.digital.archives.go.jp/api/iiif/4775074/manifest.json,304-0298,本草綱目,35
4775075,https://www.digital.archives.go.jp/api/iiif/4775075/manifest.json,304-0298,本草綱目,36
4775076,https://www.digital.archives.go.jp/api/iiif/4775076/manifest.json,304-0298,本草綱目,37
4775077,https://www.digital.archives.go.jp/api/iiif/4775077/manifest.json,304-0298,本草綱目,38
4775078,https://www.digital.archives.go.jp/api/iiif/4775078/manifest.json,304-0298,本草綱目,39
4775079,https://www.digital.archives.go.jp/api/iiif/4775079/manifest.json,304-0298,本草綱目,40
4775080,https://www.digital.archives.go.jp/api/iiif/4775080/manifest.json,304-0298,本草綱目,41
4775081,https://www.digital.archives.go.jp/api/iiif/4775081/manifest.json,304-0298,本草綱目,42
4775082,https://www.digital.archives.go.jp/api/iiif/4775082/manifest.json,304-0298,本草綱目,43
4775083,https://www.digital.archives.go.jp/api/iiif/4775083/manifest.json,304-0298,本草綱目,44
4775084,https://www.digital.archives.go.jp/api/iiif/4775084/manifest.json,304-0298,本草綱目,45
4775085,https://www.digital.archives.go.jp/api/iiif/4775085/manifest.json,304-0298,本草綱目,46
4775086,https://www.digital.archives.go.jp/api/iiif/4775086/manifest.json,304-0298,本草綱目,47
4775087,https://www.digital.archives.go.jp/api/iiif/4775087/manifest.json,304-0298,本草綱目,48
4770135,https://www.digital.archives.go.jp/api/iiif/4770135/manifest.json,301-0091,赤水玄珠,1
4770136,https://www.digital.archives.go.jp/api/iiif/4770136/manifest.json,301-0091,赤水玄珠,2
4770137,https://www.digital.archives.go.jp/api/iiif/4770137/manifest.json,301-0091,赤水玄珠,3
4770138,https://www.digital.archives.go.jp/api/iiif/4770138/manifest.json,301-0091,赤水玄珠,4
4770139,https://www.digital.archives.go.jp/api/iiif/4770139/manifest.json,301-0091,赤水玄珠,5
4770140,https://www.digital.archives.go.jp/api/iiif/4770140/manifest.json,301-0091,赤水玄珠,6
4770141,https://www.digital.archives.go.jp/api/iiif/4770141/manifest.json,301-0091,赤水玄珠,7
4770142,https://www.digital.archives.go.jp/api/iiif/4770142/manifest.json,301-0091,赤水玄珠,8
4770143,https://www.digital.archives.go.jp/api/iiif/4770143/manifest.json,301-0091,赤水玄珠,9
4770144,https://www.digital.archives.go.jp/api/iiif/4770144/manifest.json,301-0091,赤水玄珠,10
4770145,https://www.digital.archives.go.jp/api/iiif/4770145/manifest.json,301-0091,赤水玄珠,11
4770146,https://www.digital.archives.go.jp/api/iiif/4770146/manifest.json,301-0091,赤水玄珠,12
4770147,https://www.digital.archives.go.jp/api/iiif/4770147/manifest.json,301-0091,赤水玄珠,13
4770148,https://www.digital.archives.go.jp/api/iiif/4770148/manifest.json,301-0091,赤水玄珠,14
4770149,https://www.digital.archives.go.jp/api/iiif/4770149/manifest.json,301-0091,赤水玄珠,15
4770150,https://www.digital.archives.go.jp/api/iiif/4770150/manifest.json,301-0091,赤水玄珠,16
4770151,https://www.digital.archives.go.jp/api/iiif/4770151/manifest.json,301-0091,赤水玄珠,17
4770152,https://www.digital.archives.go.jp/api/iiif/4770152/manifest.json,301-0091,赤水玄珠,18
4770153,https://www.digital.archives.go.jp/api/iiif/4770153/manifest.json,301-0091,赤水玄珠,19
4770154,https://www.digital.archives.go.jp/api/iiif/4770154/manifest.json,301-0091,赤水玄珠,20
4770155,https://www.digital.archives.go.jp/api/iiif/4770155/manifest.json,301-0091,赤水玄珠,21
4770156,https://www.digital.archives.go.jp/api/iiif/4770156/manifest.json,301-0091,赤水玄珠,22
4770157,https://www.digital.archives.go.jp/api/iiif/4770157/manifest.json,301-0091,赤水玄珠,23
4770158,https://www.digital.archives.go.jp/api/iiif/4770158/manifest.json,301-0091,赤水玄珠,24
4770159,https://www.digital.archives.go.jp/api/iiif/4770159/manifest.json,301-0091,赤水玄珠,25
4770160,https://www.digital.archives.go.jp/api/iiif/4770160/manifest.json,301-0091,赤水玄珠,26
4770161,https://www.digital.archives.go.jp/api/iiif/4770161/manifest.json,301-0091,赤水玄珠,27
4770162,https://www.digital.archives.go.jp/api/iiif/4770162/manifest.json,301-0091,赤水玄珠,28
4770163,https://www.digital.archives.go.jp/api/iiif/4770163/manifest.json,301-0091,赤水玄珠,29
4770164,https://www.digital.archives.go.jp/api/iiif/4770164/manifest.json,301-0091,赤水玄珠,30
4770165,https://www.digital.archives.go.jp/api/iiif/4770165/manifest.json,301-0091,赤水玄珠,31
4770166,https://www.digital.archives.go.jp/api/iiif/4770166/manifest.json,301-0091,赤水玄珠,32
4770167,https://www.digital.archives.go.jp/api/iiif/4770167/manifest.json,301-0091,赤水玄珠,33
4770168,https://www.digital.archives.go.jp/api/iiif/4770168/manifest.json,301-0091,赤水玄珠,34
4770169,https://www.digital.archives.go.jp/api/iiif/4770169/manifest.json,301-0091,赤水玄珠,35
4770170,https://www.digital.archives.go.jp/api/iiif/4770170/manifest.json,301-0091,赤水玄珠,36
4770171,https://www.digital.archives.go.jp/api/iiif/4770171/manifest.json,301-0091,赤水玄珠,37
4770172,https://www.digital.archives.go.jp/api/iiif/4770172/manifest.json,301-0091,赤水玄珠,38
4770173,https://www.digital.archives.go.jp/api/iiif/4770173/manifest.json,301-0091,赤水玄珠,39
4770174,https://www.digital.archives.go.jp/api/iiif/4770174/manifest.json,301-0091,赤水玄珠,40
4770175,https://www.digital.archives.go.jp/api/iiif/4770175/manifest.json,301-0091,赤水玄珠,41
4770176,https://www.digital.archives.go.jp/api/iiif/4770176/manifest.json,301-0091,赤水玄珠,42
4770177,https://www.digital.archives.go.jp/api/iiif/4770177/manifest.json,301-0091,赤水玄珠,43
4770178,https://www.digital.archives.go.jp/api/iiif/4770178/manifest.json,301-0091,赤水玄珠,44
4770179,https://www.digital.archives.go.jp/api/iiif/4770179/manifest.json,301-0091,赤水玄珠,45
4770180,https://www.digital.archives.go.jp/api/iiif/4770180/manifest.json,301-0091,赤水玄珠,46
4770181,https://www.digital.archives.go.jp/api/iiif/4770181/manifest.json,301-0091,赤水玄珠,47
4770182,https://www.digital.archives.go.jp/api/iiif/4770182/manifest.json,301-0091,赤水玄珠,48
4770183,https://www.digital.archives.go.jp/api/iiif/4770183/manifest.json,301-0091,赤水玄珠,49
4770184,https://www.digital.archives.go.jp/api/iiif/4770184/manifest.json,301-0091,赤水玄珠,50
4770185,https://www.digital.archives.go.jp/api/iiif/4770185/manifest.json,301-0091,赤水玄珠,51
4406512,https://www.digital.archives.go.jp/api/iiif/4406512/manifest.json,049-0016,瘍醫大全,1
4430402,https://www.digital.archives.go.jp/api/iiif/4430402/manifest.json,049-0016,瘍醫大全,2
4430404,https://www.digital.archives.go.jp/api/iiif/4430404/manifest.json,049-0016,瘍醫大全,3
4430406,https://www.digital.archives.go.jp/api/iiif/4430406/manifest.json,049-0016,瘍醫大全,4
4430408,https://www.digital.archives.go.jp/api/iiif/4430408/manifest.json,049-0016,瘍醫大全,5
4406515,https://www.digital.archives.go.jp/api/iiif/4406515/manifest.json,049-0016,瘍醫大全,6
4406516,https://www.digital.archives.go.jp/api/iiif/4406516/manifest.json,049-0016,瘍醫大全,7
4406519,https://www.digital.archives.go.jp/api/iiif/4406519/manifest.json,049-0016,瘍醫大全,8
4406521,https://www.digital.archives.go.jp/api/iiif/4406521/manifest.json,049-0016,瘍醫大全,9
4406523,https://www.digital.archives.go.jp/api/iiif/4406523/manifest.json,049-0016,瘍醫大全,10
4430410,https://www.digital.archives.go.jp/api/iiif/4430410/manifest.json,049-0016,瘍醫大全,12
4430411,https://www.digital.archives.go.jp/api/iiif/4430411/manifest.json,049-0016,瘍醫大全,13
4430412,https://www.digital.archives.go.jp/api/iiif/4430412/manifest.json,049-0016,瘍醫大全,14
4423910,https://www.digital.archives.go.jp/api/iiif/4423910/manifest.json,049-0016,瘍醫大全,15
4420982,https://www.digital.archives.go.jp/api/iiif/4420982/manifest.json,049-0016,瘍醫大全,16
4423912,https://www.digital.archives.go.jp/api/iiif/4423912/manifest.json,049-0016,瘍醫大全,17
4423914,https://www.digital.archives.go.jp/api/iiif/4423914/manifest.json,049-0016,瘍醫大全,18
4423916,https://www.digital.archives.go.jp/api/iiif/4423916/manifest.json,049-0016,瘍醫大全,19
4423917,https://www.digital.archives.go.jp/api/iiif/4423917/manifest.json,049-0016,瘍醫大全,20
4423918,https://www.digital.archives.go.jp/api/iiif/4423918/manifest.json,049-0016,瘍醫大全,21
4423919,https://www.digital.archives.go.jp/api/iiif/4423919/manifest.json,049-0016,瘍醫大全,22
4423920,https://www.digital.archives.go.jp/api/iiif/4423920/manifest.json,049-0016,瘍醫大全,23
4423921,https://www.digital.archives.go.jp/api/iiif/4423921/manifest.json,049-0016,瘍醫大全,24
4423922,https://www.digital.archives.go.jp/api/iiif/4423922/manifest.json,049-0016,瘍醫大全,25
4420984,https://www.digital.archives.go.jp/api/iiif/4420984/manifest.json,049-0016,瘍醫大全,26
4420985,https://www.digital.archives.go.jp/api/iiif/4420985/manifest.json,049-0016,瘍醫大全,27
4424852,https://www.digital.archives.go.jp/api/iiif/4424852/manifest.json,049-0016,瘍醫大全,29
4420986,https://www.digital.archives.go.jp/api/iiif/4420986/manifest.json,049-0016,瘍醫大全,30
4420988,https://www.digital.archives.go.jp/api/iiif/4420988/manifest.json,049-0016,瘍醫大全,31
4420990,https://www.digital.archives.go.jp/api/iiif/4420990/manifest.json,049-0016,瘍醫大全,32
4420992,https://www.digital.archives.go.jp/api/iiif/4420992/manifest.json,049-0016,瘍醫大全,33
4420994,https://www.digital.archives.go.jp/api/iiif/4420994/manifest.json,049-0016,瘍醫大全,34
4420995,https://www.digital.archives.go.jp/api/iiif/4420995/manifest.json,049-0016,瘍醫大全,35
4421935,https://www.digital.archives.go.jp/api/iiif/4421935/manifest.json,049-0016,瘍醫大全,36
4421936,https://www.digital.archives.go.jp/api/iiif/4421936/manifest.json,049-0016,瘍醫大全,37
4421937,https://www.digital.archives.go.jp/api/iiif/4421937/manifest.json,049-0016,瘍醫大全,38
4421939,https://www.digital.archives.go.jp/api/iiif/4421939/manifest.json,049-0016,瘍醫大全,39
4421941,https://www.digital.archives.go.jp/api/iiif/4421941/manifest.json,049-0016,瘍醫大全,40
4421944,https://www.digital.archives.go.jp/api/iiif/4421944/manifest.json,049-0016,瘍醫大全,41
4421945,https://www.digital.archives.go.jp/api/iiif/4421945/manifest.json,049-0016,瘍醫大全,42
4421948,https://www.digital.archives.go.jp/api/iiif/4421948/manifest.json,049-0016,瘍醫大全,44
4421950,https://www.digital.archives.go.jp/api/iiif/4421950/manifest.json,049-0016,瘍醫大全,45
4422874,https://www.digital.archives.go.jp/api/iiif/4422874/manifest.json,049-0016,瘍醫大全,46
4422879,https://www.digital.archives.go.jp/api/iiif/4422879/manifest.json,049-0016,瘍醫大全,47
4422882,https://www.digital.archives.go.jp/api/iiif/4422882/manifest.json,049-0016,瘍醫大全,48
4422883,https://www.digital.archives.go.jp/api/iiif/4422883/manifest.json,049-0016,瘍醫大全,49
4422885,https://www.digital.archives.go.jp/api/iiif/4422885/manifest.json,049-0016,瘍醫大全,50
4422887,https://www.digital.archives.go.jp/api/iiif/4422887/manifest.json,049-0016,瘍醫大全,51
4422888,https://www.digital.archives.go.jp/api/iiif/4422888/manifest.json,049-0016,瘍醫大全,52
4422890,https://www.digital.archives.go.jp/api/iiif/4422890/manifest.json,049-0016,瘍醫大全,53
4423809,https://www.digital.archives.go.jp/api/iiif/4423809/manifest.json,049-0016,瘍醫大全,54
4423810,https://www.digital.archives.go.jp/api/iiif/4423810/manifest.json,049-0016,瘍醫大全,55
4423812,https://www.digital.archives.go.jp/api/iiif/4423812/manifest.json,049-0016,瘍醫大全,56
4423814,https://www.digital.archives.go.jp/api/iiif/4423814/manifest.json,049-0016,瘍醫大全,57
4423818,https://www.digital.archives.go.jp/api/iiif/4423818/manifest.json,049-0016,瘍醫大全,61
4423819,https://www.digital.archives.go.jp/api/iiif/4423819/manifest.json,049-0016,瘍醫大全,62
4423820,https://www.digital.archives.go.jp/api/iiif/4423820/manifest.json,049-0016,瘍醫大全,63
4423821,https://www.digital.archives.go.jp/api/iiif/4423821/manifest.json,049-0016,瘍醫大全,64
4915266,https://www.digital.archives.go.jp/api/iiif/4915266/manifest.json,302-0079,御纂醫宗金鑑,1
4915267,https://www.digital.archives.go.jp/api/iiif/4915267/manifest.json,302-0079,御纂醫宗金鑑,2
4915268,https://www.digital.archives.go.jp/api/iiif/4915268/manifest.json,302-0079,御纂醫宗金鑑,3
4915269,https://www.digital.archives.go.jp/api/iiif/4915269/manifest.json,302-0079,御纂醫宗金鑑,4
4915270,https://www.digital.archives.go.jp/api/iiif/4915270/manifest.json,302-0079,御纂醫宗金鑑,5
4915271,https://www.digital.archives.go.jp/api/iiif/4915271/manifest.json,302-0079,御纂醫宗金鑑,6
4915272,https://www.digital.archives.go.jp/api/iiif/4915272/manifest.json,302-0079,御纂醫宗金鑑,7
4915273,https://www.digital.archives.go.jp/api/iiif/4915273/manifest.json,302-0079,御纂醫宗金鑑,8
4915274,https://www.digital.archives.go.jp/api/iiif/4915274/manifest.json,302-0079,御纂醫宗金鑑,9
4915275,https://www.digital.archives.go.jp/api/iiif/4915275/manifest.json,302-0079,御纂醫宗金鑑,10
4915276,https://www.digital.archives.go.jp/api/iiif/4915276/manifest.json,302-0079,御纂醫宗金鑑,11
4915277,https://www.digital.archives.go.jp/api/iiif/4915277/manifest.json,302-0079,御纂醫宗金鑑,12
4915278,https://www.digital.archives.go.jp/api/iiif/4915278/manifest.json,302-0079,御纂醫宗金鑑,13
4915279,https://www.digital.archives.go.jp/api/iiif/4915279/manifest.json,302-0079,御纂醫宗金鑑,14
4915280,https://www.digital.archives.go.jp/api/iiif/4915280/manifest.json,302-0079,御纂醫宗金鑑,15
4915281,https://www.digital.archives.go.jp/api/iiif/4915281/manifest.json,302-0079,御纂醫宗金鑑,16
4915282,https://www.digital.archives.go.jp/api/iiif/4915282/manifest.json,302-0079,御纂醫宗金鑑,17
4915283,https://www.digital.archives.go.jp/api/iiif/4915283/manifest.json,302-0079,御纂醫宗金鑑,18
4915284,https://www.digital.archives.go.jp/api/iiif/4915284/manifest.json,302-0079,御纂醫宗金鑑,19
4915285,https://www.digital.archives.go.jp/api/iiif/4915285/manifest.json,302-0079,御纂醫宗金鑑,20
4915286,https://www.digital.archives.go.jp/api/iiif/4915286/manifest.json,302-0079,御纂醫宗金鑑,21
4915287,https://www.digital.archives.go.jp/api/iiif/4915287/manifest.json,302-0079,御纂醫宗金鑑,22
4915288,https://www.digital.archives.go.jp/api/iiif/4915288/manifest.json,302-0079,御纂醫宗金鑑,23
4915289,https://www.digital.archives.go.jp/api/iiif/4915289/manifest.json,302-0079,御纂醫宗金鑑,24
4915290,https://www.digital.archives.go.jp/api/iiif/4915290/manifest.json,302-0079,御纂醫宗金鑑,25
4915291,https://www.digital.archives.go.jp/api/iiif/4915291/manifest.json,302-0079,御纂醫宗金鑑,26
4915292,https://www.digital.archives.go.jp/api/iiif/4915292/manifest.json,302-0079,御纂醫宗金鑑,27
4915293,https://www.digital.archives.go.jp/api/iiif/4915293/manifest.json,302-0079,御纂醫宗金鑑,28
4915294,https://www.digital.archives.go.jp/api/iiif/4915294/manifest.json,302-0079,御纂醫宗金鑑,29
4915295,https://www.digital.archives.go.jp/api/iiif/4915295/manifest.json,302-0079,御纂醫宗金鑑,30
4915296,https://www.digital.archives.go.jp/api/iiif/4915296/manifest.json,302-0079,御纂醫宗金鑑,31
4915297,https://www.digital.archives.go.jp/api/iiif/4915297/manifest.json,302-0079,御纂醫宗金鑑,32
4915298,https://www.digital.archives.go.jp/api/iiif/4915298/manifest.json,302-0079,御纂醫宗金鑑,33
4915299,https://www.digital.archives.go.jp/api/iiif/4915299/manifest.json,302-0079,御纂醫宗金鑑,34
4915300,https://www.digital.archives.go.jp/api/iiif/4915300/manifest.json,302-0079,御纂醫宗金鑑,35
4915301,https://www.digital.archives.go.jp/api/iiif/4915301/manifest.json,302-0079,御纂醫宗金鑑,36
4915302,https://www.digital.archives.go.jp/api/iiif/4915302/manifest.json,302-0079,御纂醫宗金鑑,37
4915303,https://www.digital.archives.go.jp/api/iiif/4915303/manifest.json,302-0079,御纂醫宗金鑑,38
4915304,https://www.digital.archives.go.jp/api/iiif/4915304/manifest.json,302-0079,御纂醫宗金鑑,39
4915305,https://www.digital.archives.go.jp/api/iiif/4915305/manifest.json,302-0079,御纂醫宗金鑑,40
4915306,https://www.digital.archives.go.jp/api/iiif/4915306/manifest.json,302-0079,御纂醫宗金鑑,41
4915307,https://www.digital.archives.go.jp/api/iiif/4915307/manifest.json,302-0079,御纂醫宗金鑑,42
4915308,https://www.digital.archives.go.jp/api/iiif/4915308/manifest.json,302-0079,御纂醫宗金鑑,43
4915309,https://www.digital.archives.go.jp/api/iiif/4915309/manifest.json,302-0079,御纂醫宗金鑑,44
4915310,https://www.digital.archives.go.jp/api/iiif/4915310/manifest.json,302-0079,御纂醫宗金鑑,45
4915311,https://www.digital.archives.go.jp/api/iiif/4915311/manifest.json,302-0079,御纂醫宗金鑑,46
4915312,https://www.digital.archives.go.jp/api/iiif/4915312/manifest.json,302-0079,御纂醫宗金鑑,47
4915313,https://www.digital.archives.go.jp/api/iiif/4915313/manifest.json,302-0079,御纂醫宗金鑑,48
4915314,https://www.digital.archives.go.jp/api/iiif/4915314/manifest.json,302-0079,御纂醫宗金鑑,49
4915315,https://www.digital.archives.go.jp/api/iiif/4915315/manifest.json,302-0079,御纂醫宗金鑑,50
4915316,https://www.digital.archives.go.jp/api/iiif/4915316/manifest.json,302-0079,御纂醫宗金鑑,51
4915317,https://www.digital.archives.go.jp/api/iiif/4915317/manifest.json,302-0079,御纂醫宗金鑑,52
4915318,https://www.digital.archives.go.jp/api/iiif/4915318/manifest.json,302-0079,御纂醫宗金鑑,53
4915319,https://www.digital.archives.go.jp/api/iiif/4915319/manifest.json,302-0079,御纂醫宗金鑑,54
4915320,https://www.digital.archives.go.jp/api/iiif/4915320/manifest.json,302-0079,御纂醫宗金鑑,55
4915321,https://www.digital.archives.go.jp/api/iiif/4915321/manifest.json,302-0079,御纂醫宗金鑑,56
4915322,https://www.digital.archives.go.jp/api/iiif/4915322/manifest.json,302-0079,御纂醫宗金鑑,57
4915323,https://www.digital.archives.go.jp/api/iiif/4915323/manifest.json,302-0079,御纂醫宗金鑑,58
4915324,https://www.digital.archives.go.jp/api/iiif/4915324/manifest.json,302-0079,御纂醫宗金鑑,59
4915325,https://www.digital.archives.go.jp/api/iiif/4915325/manifest.json,302-0079,御纂醫宗金鑑,60
4915326,https://www.digital.archives.go.jp/api/iiif/4915326/manifest.json,302-0079,御纂醫宗金鑑,61
4915327,https://www.digital.archives.go.jp/api/iiif/4915327/manifest.json,302-0079,御纂醫宗金鑑,62
4915328,https://www.digital.archives.go.jp/api/iiif/4915328/manifest.json,302-0079,御纂醫宗金鑑,63
4915329,https://www.digital.archives.go.jp/api/iiif/4915329/manifest.json,302-0079,御纂醫宗金鑑,64
4915347,https://www.digital.archives.go.jp/api/iiif/4915347/manifest.json,302-0084,御纂醫宗金鑑,1
4915348,https://www.digital.archives.go.jp/api/iiif/4915348/manifest.json,302-0084,御纂醫宗金鑑,2
4915349,https://www.digital.archives.go.jp/api/iiif/4915349/manifest.json,302-0084,御纂醫宗金鑑,3
4915350,https://www.digital.archives.go.jp/api/iiif/4915350/manifest.json,302-0084,御纂醫宗金鑑,4
4915351,https://www.digital.archives.go.jp/api/iiif/4915351/manifest.json,302-0084,御纂醫宗金鑑,5
4915352,https://www.digital.archives.go.jp/api/iiif/4915352/manifest.json,302-0084,御纂醫宗金鑑,6
4915353,https://www.digital.archives.go.jp/api/iiif/4915353/manifest.json,302-0084,御纂醫宗金鑑,7
4915354,https://www.digital.archives.go.jp/api/iiif/4915354/manifest.json,302-0084,御纂醫宗金鑑,8
4915355,https://www.digital.archives.go.jp/api/iiif/4915355/manifest.json,302-0084,御纂醫宗金鑑,9
4915356,https://www.digital.archives.go.jp/api/iiif/4915356/manifest.json,302-0084,御纂醫宗金鑑,10
4915357,https://www.digital.archives.go.jp/api/iiif/4915357/manifest.json,302-0084,御纂醫宗金鑑,11
4915358,https://www.digital.archives.go.jp/api/iiif/4915358/manifest.json,302-0084,御纂醫宗金鑑,12
4915359,https://www.digital.archives.go.jp/api/iiif/4915359/manifest.json,302-0084,御纂醫宗金鑑,13
4915360,https://www.digital.archives.go.jp/api/iiif/4915360/manifest.json,302-0084,御纂醫宗金鑑,14
4915361,https://www.digital.archives.go.jp/api/iiif/4915361/manifest.json,302-0084,御纂醫宗金鑑,15
4915362,https://www.digital.archives.go.jp/api/iiif/4915362/manifest.json,302-0084,御纂醫宗金鑑,16
4915363,https://www.digital.archives.go.jp/api/iiif/4915363/manifest.json,302-0084,御纂醫宗金鑑,17
4915364,https://www.digital.archives.go.jp/api/iiif/4915364/manifest.json,302-0084,御纂醫宗金鑑,18
4915365,https://www.digital.archives.go.jp/api/iiif/4915365/manifest.json,302-0084,御纂醫宗金鑑,19
4915366,https://www.digital.archives.go.jp/api/iiif/4915366/manifest.json,302-0084,御纂醫宗金鑑,20
4915367,https://www.digital.archives.go.jp/api/iiif/4915367/manifest.json,302-0084,御纂醫宗金鑑,21
4915368,https://www.digital.archives.go.jp/api/iiif/4915368/manifest.json,302-0084,御纂醫宗金鑑,22
4915369,https://www.digital.archives.go.jp/api/iiif/4915369/manifest.json,302-0084,御纂醫宗金鑑,23
4915370,https://www.digital.archives.go.jp/api/iiif/4915370/manifest.json,302-0084,御纂醫宗金鑑,24
4915371,https://www.digital.archives.go.jp/api/iiif/4915371/manifest.json,302-0084,御纂醫宗金鑑,25
4915372,https://www.digital.archives.go.jp/api/iiif/4915372/manifest.json,302-0084,御纂醫宗金鑑,26
4915373,https://www.digital.archives.go.jp/api/iiif/4915373/manifest.json,302-0084,御纂醫宗金鑑,27
4915374,https://www.digital.archives.go.jp/api/iiif/4915374/manifest.json,302-0084,御纂醫宗金鑑,28
4915375,https://www.digital.archives.go.jp/api/iiif/4915375/manifest.json,302-0084,御纂醫宗金鑑,29
4915376,https://www.digital.archives.go.jp/api/iiif/4915376/manifest.json,302-0084,御纂醫宗金鑑,30
4915377,https://www.digital.archives.go.jp/api/iiif/4915377/manifest.json,302-0084,御纂醫宗金鑑,31
4915378,https://www.digital.archives.go.jp/api/iiif/4915378/manifest.json,302-0084,御纂醫宗金鑑,32
4915379,https://www.digital.archives.go.jp/api/iiif/4915379/manifest.json,302-0084,御纂醫宗金鑑,33
4915380,https://www.digital.archives.go.jp/api/iiif/4915380/manifest.json,302-0084,御纂醫宗金鑑,34
4915381,https://www.digital.archives.go.jp/api/iiif/4915381/manifest.json,302-0084,御纂醫宗金鑑,35
4915382,https://www.digital.archives.go.jp/api/iiif/4915382/manifest.json,302-0084,御纂醫宗金鑑,36
4915383,https://www.digital.archives.go.jp/api/iiif/4915383/manifest.json,302-0084,御纂醫宗金鑑,37
4915384,https://www.digital.archives.go.jp/api/iiif/4915384/manifest.json,302-0084,御纂醫宗金鑑,38
4915385,https://www.digital.archives.go.jp/api/iiif/4915385/manifest.json,302-0084,御纂醫宗金鑑,39
4915386,https://www.digital.archives.go.jp/api/iiif/4915386/manifest.json,302-0084,御纂醫宗金鑑,40
4915387,https://www.digital.archives.go.jp/api/iiif/4915387/manifest.json,302-0084,御纂醫宗金鑑,41
4915388,https://www.digital.archives.go.jp/api/iiif/4915388/manifest.json,302-0084,御纂醫宗金鑑,42
4915389,https://www.digital.archives.go.jp/api/iiif/4915389/manifest.json,302-0084,御纂醫宗金鑑,43
4915390,https://www.digital.archives.go.jp/api/iiif/4915390/manifest.json,302-0084,御纂醫宗金鑑,44
4915391,https://www.digital.archives.go.jp/api/iiif/4915391/manifest.json,302-0084,御纂醫宗金鑑,45
4915392,https://www.digital.archives.go.jp/api/iiif/4915392/manifest.json,302-0084,御纂醫宗金鑑,46
4915393,https://www.digital.archives.go.jp/api/iiif/4915393/manifest.json,302-0084,御纂醫宗金鑑,47
4915394,https://www.digital.archives.go.jp/api/iiif/4915394/manifest.json,302-0084,御纂醫宗金鑑,48
4915395,https://www.digital.archives.go.jp/api/iiif/4915395/manifest.json,302-0084,御纂醫宗金鑑,49
4915396,https://www.digital.archives.go.jp/api/iiif/4915396/manifest.json,302-0084,御纂醫宗金鑑,50
4915397,https://www.digital.archives.go.jp/api/iiif/4915397/manifest.json,302-0084,御纂醫宗金鑑,51
4915398,https://www.digital.archives.go.jp/api/iiif/4915398/manifest.json,302-0084,御纂醫宗金鑑,52
4915399,https://www.digital.archives.go.jp/api/iiif/4915399/manifest.json,302-0084,御纂醫宗金鑑,53
4915400,https://www.digital.archives.go.jp/api/iiif/4915400/manifest.json,302-0084,御纂醫宗金鑑,54
4915401,https://www.digital.archives.go.jp/api/iiif/4915401/manifest.json,302-0084,御纂醫宗金鑑,55
4915402,https://www.digital.archives.go.jp/api/iiif/4915402/manifest.json,302-0084,御纂醫宗金鑑,56
4915403,https://www.digital.archives.go.jp/api/iiif/4915403/manifest.json,302-0084,御纂醫宗金鑑,57
4915404,https://www.digital.archives.go.jp/api/iiif/4915404/manifest.json,302-0084,御纂醫宗金鑑,58
4915405,https://www.digital.archives.go.jp/api/iiif/4915405/manifest.json,302-0084,御纂醫宗金鑑,59
4915406,https://www.digital.archives.go.jp/api/iiif/4915406/manifest.json,302-0084,御纂醫宗金鑑,60
4915407,https://www.digital.archives.go.jp/api/iiif/4915407/manifest.json,302-0084,御纂醫宗金鑑,61
4915408,https://www.digital.archives.go.jp/api/iiif/4915408/manifest.json,302-0084,御纂醫宗金鑑,62
4915409,https://www.digital.archives.go.jp/api/iiif/4915409/manifest.json,302-0084,御纂醫宗金鑑,63
4915410,https://www.digital.archives.go.jp/api/iiif/4915410/manifest.json,302-0084,御纂醫宗金鑑,64
4918441,https://www.digital.archives.go.jp/api/iiif/4918441/manifest.json,305-0018,孫真人千金方衍義,1
4918442,https://www.digital.archives.go.jp/api/iiif/4918442/manifest.json,305-0018,孫真人千金方衍義,2
4918443,https://www.digital.archives.go.jp/api/iiif/4918443/manifest.json,305-0018,孫真人千金方衍義,3
4918444,https://www.digital.archives.go.jp/api/iiif/4918444/manifest.json,305-0018,孫真人千金方衍義,4
4918445,https://www.digital.archives.go.jp/api/iiif/4918445/manifest.json,305-0018,孫真人千金方衍義,5
4918446,https://www.digital.archives.go.jp/api/iiif/4918446/manifest.json,305-0018,孫真人千金方衍義,6
4918447,https://www.digital.archives.go.jp/api/iiif/4918447/manifest.json,305-0018,孫真人千金方衍義,7
4918448,https://www.digital.archives.go.jp/api/iiif/4918448/manifest.json,305-0018,孫真人千金方衍義,8
4918449,https://www.digital.archives.go.jp/api/iiif/4918449/manifest.json,305-0018,孫真人千金方衍義,9
4918450,https://www.digital.archives.go.jp/api/iiif/4918450/manifest.json,305-0018,孫真人千金方衍義,10
4918451,https://www.digital.archives.go.jp/api/iiif/4918451/manifest.json,305-0018,孫真人千金方衍義,11
4918452,https://www.digital.archives.go.jp/api/iiif/4918452/manifest.json,305-0018,孫真人千金方衍義,12
4918453,https://www.digital.archives.go.jp/api/iiif/4918453/manifest.json,305-0018,孫真人千金方衍義,13
4918454,https://www.digital.archives.go.jp/api/iiif/4918454/manifest.json,305-0018,孫真人千金方衍義,14
4918455,https://www.digital.archives.go.jp/api/iiif/4918455/manifest.json,305-0018,孫真人千金方衍義,15
4918456,https://www.digital.archives.go.jp/api/iiif/4918456/manifest.json,305-0018,孫真人千金方衍義,16
4918457,https://www.digital.archives.go.jp/api/iiif/4918457/manifest.json,305-0018,孫真人千金方衍義,17
4918458,https://www.digital.archives.go.jp/api/iiif/4918458/manifest.json,305-0018,孫真人千金方衍義,18
4918459,https://www.digital.archives.go.jp/api/iiif/4918459/manifest.json,305-0018,孫真人千金方衍義,19
4918460,https://www.digital.archives.go.jp/api/iiif/4918460/manifest.json,305-0018,孫真人千金方衍義,20
4918461,https://www.digital.archives.go.jp/api/iiif/4918461/manifest.json,305-0018,孫真人千金方衍義,21
4918462,https://www.digital.archives.go.jp/api/iiif/4918462/manifest.json,305-0018,孫真人千金方衍義,22
4918463,https://www.digital.archives.go.jp/api/iiif/4918463/manifest.json,305-0018,孫真人千金方衍義,23
4918464,https://www.digital.archives.go.jp/api/iiif/4918464/manifest.json,305-0018,孫真人千金方衍義,24
4918465,https://www.digital.archives.go.jp/api/iiif/4918465/manifest.json,305-0018,孫真人千金方衍義,25
4918466,https://www.digital.archives.go.jp/api/iiif/4918466/manifest.json,305-0018,孫真人千金方衍義,26
4918467,https://www.digital.archives.go.jp/api/iiif/4918467/manifest.json,305-0018,孫真人千金方衍義,27
4918468,https://www.digital.archives.go.jp/api/iiif/4918468/manifest.json,305-0018,孫真人千金方衍義,28
4918469,https://www.digital.archives.go.jp/api/iiif/4918469/manifest.json,305-0018,孫真人千金方衍義,29
4918470,https://www.digital.archives.go.jp/api/iiif/4918470/manifest.json,305-0018,孫真人千金方衍義,30
4918471,https://www.digital.archives.go.jp/api/iiif/4918471/manifest.json,305-0018,孫真人千金方衍義,31
4918472,https://www.digital.archives.go.jp/api/iiif/4918472/manifest.json,305-0018,孫真人千金方衍義,32
4918473,https://www.digital.archives.go.jp/api/iiif/4918473/manifest.json,305-0018,孫真人千金方衍義,33
4918474,https://www.digital.archives.go.jp/api/iiif/4918474/manifest.json,305-0018,孫真人千金方衍義,34
4918475,https://www.digital.archives.go.jp/api/iiif/4918475/manifest.json,305-0018,孫真人千金方衍義,35
4918476,https://www.digital.archives.go.jp/api/iiif/4918476/manifest.json,305-0018,孫真人千金方衍義,36
4918477,https://www.digital.archives.go.jp/api/iiif/4918477/manifest.json,305-0018,孫真人千金方衍義,37
4918478,https://www.digital.archives.go.jp/api/iiif/4918478/manifest.json,305-0018,孫真人千金方衍義,38
4918479,https://www.digital.archives.go.jp/api/iiif/4918479/manifest.json,305-0018,孫真人千金方衍義,39
4918480,https://www.digital.archives.go.jp/api/iiif/4918480/manifest.json,305-0018,孫真人千金方衍義,40
4918481,https://www.digital.archives.go.jp/api/iiif/4918481/manifest.json,305-0018,孫真人千金方衍義,41
4918482,https://www.digital.archives.go.jp/api/iiif/4918482/manifest.json,305-0018,孫真人千金方衍義,42
4918483,https://www.digital.archives.go.jp/api/iiif/4918483/manifest.json,305-0018,孫真人千金方衍義,43
4918484,https://www.digital.archives.go.jp/api/iiif/4918484/manifest.json,305-0018,孫真人千金方衍義,44
4918485,https://www.digital.archives.go.jp/api/iiif/4918485/manifest.json,305-0018,孫真人千金方衍義,45
4918486,https://www.digital.archives.go.jp/api/iiif/4918486/manifest.json,305-0018,孫真人千金方衍義,46
4918487,https://www.digital.archives.go.jp/api/iiif/4918487/manifest.json,305-0018,孫真人千金方衍義,47
4918488,https://www.digital.archives.go.jp/api/iiif/4918488/manifest.json,305-0018,孫真人千金方衍義,48
4918489,https://www.digital.archives.go.jp/api/iiif/4918489/manifest.json,305-0018,孫真人千金方衍義,49
4918490,https://www.digital.archives.go.jp/api/iiif/4918490/manifest.json,305-0018,孫真人千金方衍義,50
4918492,https://www.digital.archives.go.jp/api/iiif/4918492/manifest.json,305-0018,孫真人千金方衍義,52
4918493,https://www.digital.archives.go.jp/api/iiif/4918493/manifest.json,305-0018,孫真人千金方衍義,53
4918494,https://www.digital.archives.go.jp/api/iiif/4918494/manifest.json,305-0018,孫真人千金方衍義,54
4918495,https://www.digital.archives.go.jp/api/iiif/4918495/manifest.json,305-0018,孫真人千金方衍義,55
4918496,https://www.digital.archives.go.jp/api/iiif/4918496/manifest.json,305-0018,孫真人千金方衍義,56
4918497,https://www.digital.archives.go.jp/api/iiif/4918497/manifest.json,305-0018,孫真人千金方衍義,57
4918498,https://www.digital.archives.go.jp/api/iiif/4918498/manifest.json,305-0018,孫真人千金方衍義,58
4918499,https://www.digital.archives.go.jp/api/iiif/4918499/manifest.json,305-0018,孫真人千金方衍義,59
4918500,https://www.digital.archives.go.jp/api/iiif/4918500/manifest.json,305-0018,孫真人千金方衍義,60
4918501,https://www.digital.archives.go.jp/api/iiif/4918501/manifest.json,305-0018,孫真人千金方衍義,61
4918502,https://www.digital.archives.go.jp/api/iiif/4918502/manifest.json,305-0018,孫真人千金方衍義,62
4918503,https://www.digital.archives.go.jp/api/iiif/4918503/manifest.json,305-0018,孫真人千金方衍義,63
4918504,https://www.digital.archives.go.jp/api/iiif/4918504/manifest.json,305-0018,孫真人千金方衍義,64
587951,https://www.digital.archives.go.jp/api/iiif/587951/manifest.json,301-0063,證治準繩,1
587953,https://www.digital.archives.go.jp/api/iiif/587953/manifest.json,301-0063,證治準繩,2
587954,https://www.digital.archives.go.jp/api/iiif/587954/manifest.json,301-0063,證治準繩,3
587758,https://www.digital.archives.go.jp/api/iiif/587758/manifest.json,301-0063,證治準繩,4
587955,https://www.digital.archives.go.jp/api/iiif/587955/manifest.json,301-0063,證治準繩,5
587956,https://www.digital.archives.go.jp/api/iiif/587956/manifest.json,301-0063,證治準繩,6
587843,https://www.digital.archives.go.jp/api/iiif/587843/manifest.json,301-0063,證治準繩,7
588052,https://www.digital.archives.go.jp/api/iiif/588052/manifest.json,301-0063,證治準繩,8
588054,https://www.digital.archives.go.jp/api/iiif/588054/manifest.json,301-0063,證治準繩,9
588053,https://www.digital.archives.go.jp/api/iiif/588053/manifest.json,301-0063,證治準繩,10
587943,https://www.digital.archives.go.jp/api/iiif/587943/manifest.json,301-0063,證治準繩,11
587842,https://www.digital.archives.go.jp/api/iiif/587842/manifest.json,301-0063,證治準繩,12
588056,https://www.digital.archives.go.jp/api/iiif/588056/manifest.json,301-0063,證治準繩,13
588055,https://www.digital.archives.go.jp/api/iiif/588055/manifest.json,301-0063,證治準繩,14
587845,https://www.digital.archives.go.jp/api/iiif/587845/manifest.json,301-0063,證治準繩,15
588058,https://www.digital.archives.go.jp/api/iiif/588058/manifest.json,301-0063,證治準繩,16
587944,https://www.digital.archives.go.jp/api/iiif/587944/manifest.json,301-0063,證治準繩,17
588057,https://www.digital.archives.go.jp/api/iiif/588057/manifest.json,301-0063,證治準繩,18
587844,https://www.digital.archives.go.jp/api/iiif/587844/manifest.json,301-0063,證治準繩,19
588060,https://www.digital.archives.go.jp/api/iiif/588060/manifest.json,301-0063,證治準繩,20
588059,https://www.digital.archives.go.jp/api/iiif/588059/manifest.json,301-0063,證治準繩,21
587847,https://www.digital.archives.go.jp/api/iiif/587847/manifest.json,301-0063,證治準繩,22
587856,https://www.digital.archives.go.jp/api/iiif/587856/manifest.json,301-0063,證治準繩,23
588061,https://www.digital.archives.go.jp/api/iiif/588061/manifest.json,301-0063,證治準繩,24
588063,https://www.digital.archives.go.jp/api/iiif/588063/manifest.json,301-0063,證治準繩,25
588062,https://www.digital.archives.go.jp/api/iiif/588062/manifest.json,301-0063,證治準繩,26
587945,https://www.digital.archives.go.jp/api/iiif/587945/manifest.json,301-0063,證治準繩,27
588064,https://www.digital.archives.go.jp/api/iiif/588064/manifest.json,301-0063,證治準繩,28
588065,https://www.digital.archives.go.jp/api/iiif/588065/manifest.json,301-0063,證治準繩,29
588067,https://www.digital.archives.go.jp/api/iiif/588067/manifest.json,301-0063,證治準繩,30
587846,https://www.digital.archives.go.jp/api/iiif/587846/manifest.json,301-0063,證治準繩,31
588066,https://www.digital.archives.go.jp/api/iiif/588066/manifest.json,301-0063,證治準繩,32
587946,https://www.digital.archives.go.jp/api/iiif/587946/manifest.json,301-0063,證治準繩,33
587849,https://www.digital.archives.go.jp/api/iiif/587849/manifest.json,301-0063,證治準繩,34
588160,https://www.digital.archives.go.jp/api/iiif/588160/manifest.json,301-0063,證治準繩,35
588162,https://www.digital.archives.go.jp/api/iiif/588162/manifest.json,301-0063,證治準繩,36
588161,https://www.digital.archives.go.jp/api/iiif/588161/manifest.json,301-0063,證治準繩,37
587848,https://www.digital.archives.go.jp/api/iiif/587848/manifest.json,301-0063,證治準繩,38
588164,https://www.digital.archives.go.jp/api/iiif/588164/manifest.json,301-0063,證治準繩,39
588163,https://www.digital.archives.go.jp/api/iiif/588163/manifest.json,301-0063,證治準繩,40
587851,https://www.digital.archives.go.jp/api/iiif/587851/manifest.json,301-0063,證治準繩,41
588166,https://www.digital.archives.go.jp/api/iiif/588166/manifest.json,301-0063,證治準繩,42
587947,https://www.digital.archives.go.jp/api/iiif/587947/manifest.json,301-0063,證治準繩,43
588165,https://www.digital.archives.go.jp/api/iiif/588165/manifest.json,301-0063,證治準繩,44
587850,https://www.digital.archives.go.jp/api/iiif/587850/manifest.json,301-0063,證治準繩,45
588167,https://www.digital.archives.go.jp/api/iiif/588167/manifest.json,301-0063,證治準繩,46
588169,https://www.digital.archives.go.jp/api/iiif/588169/manifest.json,301-0063,證治準繩,47
587853,https://www.digital.archives.go.jp/api/iiif/587853/manifest.json,301-0063,證治準繩,48
587948,https://www.digital.archives.go.jp/api/iiif/587948/manifest.json,301-0063,證治準繩,49
588168,https://www.digital.archives.go.jp/api/iiif/588168/manifest.json,301-0063,證治準繩,50
588170,https://www.digital.archives.go.jp/api/iiif/588170/manifest.json,301-0063,證治準繩,51
588172,https://www.digital.archives.go.jp/api/iiif/588172/manifest.json,301-0063,證治準繩,52
587852,https://www.digital.archives.go.jp/api/iiif/587852/manifest.json,301-0063,證治準繩,53
588171,https://www.digital.archives.go.jp/api/iiif/588171/manifest.json,301-0063,證治準繩,54
587950,https://www.digital.archives.go.jp/api/iiif/587950/manifest.json,301-0063,證治準繩,55
588174,https://www.digital.archives.go.jp/api/iiif/588174/manifest.json,301-0063,證治準繩,56
587854,https://www.digital.archives.go.jp/api/iiif/587854/manifest.json,301-0063,證治準繩,57
587952,https://www.digital.archives.go.jp/api/iiif/587952/manifest.json,301-0063,證治準繩,58
588173,https://www.digital.archives.go.jp/api/iiif/588173/manifest.json,301-0063,證治準繩,59
587855,https://www.digital.archives.go.jp/api/iiif/587855/manifest.json,301-0063,證治準繩,60
587949,https://www.digital.archives.go.jp/api/iiif/587949/manifest.json,301-0063,證治準繩,61
588269,https://www.digital.archives.go.jp/api/iiif/588269/manifest.json,301-0063,證治準繩,62
588270,https://www.digital.archives.go.jp/api/iiif/588270/manifest.json,301-0063,證治準繩,63
588272,https://www.digital.archives.go.jp/api/iiif/588272/manifest.json,301-0063,證治準繩,64
587942,https://www.digital.archives.go.jp/api/iiif/587942/manifest.json,301-0063,證治準繩,65
584441,https://www.digital.archives.go.jp/api/iiif/584441/manifest.json,301-0062,證治準繩,1
584444,https://www.digital.archives.go.jp/api/iiif/584444/manifest.json,301-0062,證治準繩,2
584443,https://www.digital.archives.go.jp/api/iiif/584443/manifest.json,301-0062,證治準繩,3
585309,https://www.digital.archives.go.jp/api/iiif/585309/manifest.json,301-0062,證治準繩,4
587578,https://www.digital.archives.go.jp/api/iiif/587578/manifest.json,301-0062,證治準繩,5
584433,https://www.digital.archives.go.jp/api/iiif/584433/manifest.json,301-0062,證治準繩,6
585367,https://www.digital.archives.go.jp/api/iiif/585367/manifest.json,301-0062,證治準繩,7
584445,https://www.digital.archives.go.jp/api/iiif/584445/manifest.json,301-0062,證治準繩,8
587580,https://www.digital.archives.go.jp/api/iiif/587580/manifest.json,301-0062,證治準繩,9
587579,https://www.digital.archives.go.jp/api/iiif/587579/manifest.json,301-0062,證治準繩,10
587582,https://www.digital.archives.go.jp/api/iiif/587582/manifest.json,301-0062,證治準繩,11
585366,https://www.digital.archives.go.jp/api/iiif/585366/manifest.json,301-0062,證治準繩,12
587581,https://www.digital.archives.go.jp/api/iiif/587581/manifest.json,301-0062,證治準繩,13
584432,https://www.digital.archives.go.jp/api/iiif/584432/manifest.json,301-0062,證治準繩,14
585368,https://www.digital.archives.go.jp/api/iiif/585368/manifest.json,301-0062,證治準繩,15
587583,https://www.digital.archives.go.jp/api/iiif/587583/manifest.json,301-0062,證治準繩,16
587584,https://www.digital.archives.go.jp/api/iiif/587584/manifest.json,301-0062,證治準繩,17
587586,https://www.digital.archives.go.jp/api/iiif/587586/manifest.json,301-0062,證治準繩,18
585370,https://www.digital.archives.go.jp/api/iiif/585370/manifest.json,301-0062,證治準繩,19
587585,https://www.digital.archives.go.jp/api/iiif/587585/manifest.json,301-0062,證治準繩,20
587588,https://www.digital.archives.go.jp/api/iiif/587588/manifest.json,301-0062,證治準繩,21
584435,https://www.digital.archives.go.jp/api/iiif/584435/manifest.json,301-0062,證治準繩,22
587587,https://www.digital.archives.go.jp/api/iiif/587587/manifest.json,301-0062,證治準繩,23
587589,https://www.digital.archives.go.jp/api/iiif/587589/manifest.json,301-0062,證治準繩,24
587591,https://www.digital.archives.go.jp/api/iiif/587591/manifest.json,301-0062,證治準繩,25
585369,https://www.digital.archives.go.jp/api/iiif/585369/manifest.json,301-0062,證治準繩,26
587590,https://www.digital.archives.go.jp/api/iiif/587590/manifest.json,301-0062,證治準繩,27
587593,https://www.digital.archives.go.jp/api/iiif/587593/manifest.json,301-0062,證治準繩,28
585372,https://www.digital.archives.go.jp/api/iiif/585372/manifest.json,301-0062,證治準繩,29
587592,https://www.digital.archives.go.jp/api/iiif/587592/manifest.json,301-0062,證治準繩,30
584434,https://www.digital.archives.go.jp/api/iiif/584434/manifest.json,301-0062,證治準繩,31
587650,https://www.digital.archives.go.jp/api/iiif/587650/manifest.json,301-0062,證治準繩,32
585371,https://www.digital.archives.go.jp/api/iiif/585371/manifest.json,301-0062,證治準繩,33
587649,https://www.digital.archives.go.jp/api/iiif/587649/manifest.json,301-0062,證治準繩,34
587651,https://www.digital.archives.go.jp/api/iiif/587651/manifest.json,301-0062,證治準繩,35
585374,https://www.digital.archives.go.jp/api/iiif/585374/manifest.json,301-0062,證治準繩,36
587653,https://www.digital.archives.go.jp/api/iiif/587653/manifest.json,301-0062,證治準繩,37
587652,https://www.digital.archives.go.jp/api/iiif/587652/manifest.json,301-0062,證治準繩,38
587655,https://www.digital.archives.go.jp/api/iiif/587655/manifest.json,301-0062,證治準繩,39
584437,https://www.digital.archives.go.jp/api/iiif/584437/manifest.json,301-0062,證治準繩,40
585373,https://www.digital.archives.go.jp/api/iiif/585373/manifest.json,301-0062,證治準繩,41
587654,https://www.digital.archives.go.jp/api/iiif/587654/manifest.json,301-0062,證治準繩,42
587657,https://www.digital.archives.go.jp/api/iiif/587657/manifest.json,301-0062,證治準繩,43
585376,https://www.digital.archives.go.jp/api/iiif/585376/manifest.json,301-0062,證治準繩,44
587656,https://www.digital.archives.go.jp/api/iiif/587656/manifest.json,301-0062,證治準繩,45
584436,https://www.digital.archives.go.jp/api/iiif/584436/manifest.json,301-0062,證治準繩,46
587658,https://www.digital.archives.go.jp/api/iiif/587658/manifest.json,301-0062,證治準繩,47
585375,https://www.digital.archives.go.jp/api/iiif/585375/manifest.json,301-0062,證治準繩,48
587660,https://www.digital.archives.go.jp/api/iiif/587660/manifest.json,301-0062,證治準繩,49
587659,https://www.digital.archives.go.jp/api/iiif/587659/manifest.json,301-0062,證治準繩,50
584438,https://www.digital.archives.go.jp/api/iiif/584438/manifest.json,301-0062,證治準繩,51
587662,https://www.digital.archives.go.jp/api/iiif/587662/manifest.json,301-0062,證治準繩,52
587661,https://www.digital.archives.go.jp/api/iiif/587661/manifest.json,301-0062,證治準繩,53
587664,https://www.digital.archives.go.jp/api/iiif/587664/manifest.json,301-0062,證治準繩,54
585378,https://www.digital.archives.go.jp/api/iiif/585378/manifest.json,301-0062,證治準繩,55
587663,https://www.digital.archives.go.jp/api/iiif/587663/manifest.json,301-0062,證治準繩,56
584439,https://www.digital.archives.go.jp/api/iiif/584439/manifest.json,301-0062,證治準繩,57
585377,https://www.digital.archives.go.jp/api/iiif/585377/manifest.json,301-0062,證治準繩,58
587746,https://www.digital.archives.go.jp/api/iiif/587746/manifest.json,301-0062,證治準繩,59
587745,https://www.digital.archives.go.jp/api/iiif/587745/manifest.json,301-0062,證治準繩,60
587748,https://www.digital.archives.go.jp/api/iiif/587748/manifest.json,301-0062,證治準繩,61
585380,https://www.digital.archives.go.jp/api/iiif/585380/manifest.json,301-0062,證治準繩,62
587747,https://www.digital.archives.go.jp/api/iiif/587747/manifest.json,301-0062,證治準繩,63
587750,https://www.digital.archives.go.jp/api/iiif/587750/manifest.json,301-0062,證治準繩,64
585379,https://www.digital.archives.go.jp/api/iiif/585379/manifest.json,301-0062,證治準繩,65
584440,https://www.digital.archives.go.jp/api/iiif/584440/manifest.json,301-0062,證治準繩,66
587749,https://www.digital.archives.go.jp/api/iiif/587749/manifest.json,301-0062,證治準繩,67
587752,https://www.digital.archives.go.jp/api/iiif/587752/manifest.json,301-0062,證治準繩,68
587751,https://www.digital.archives.go.jp/api/iiif/587751/manifest.json,301-0062,證治準繩,69
584430,https://www.digital.archives.go.jp/api/iiif/584430/manifest.json,301-0062,證治準繩,70
587754,https://www.digital.archives.go.jp/api/iiif/587754/manifest.json,301-0062,證治準繩,71
584442,https://www.digital.archives.go.jp/api/iiif/584442/manifest.json,301-0062,證治準繩,72
585381,https://www.digital.archives.go.jp/api/iiif/585381/manifest.json,301-0062,證治準繩,73
587753,https://www.digital.archives.go.jp/api/iiif/587753/manifest.json,301-0062,證治準繩,74
587755,https://www.digital.archives.go.jp/api/iiif/587755/manifest.json,301-0062,證治準繩,75
587757,https://www.digital.archives.go.jp/api/iiif/587757/manifest.json,301-0062,證治準繩,76
584431,https://www.digital.archives.go.jp/api/iiif/584431/manifest.json,301-0062,證治準繩,77
587756,https://www.digital.archives.go.jp/api/iiif/587756/manifest.json,301-0062,證治準繩,78
4916418,https://www.digital.archives.go.jp/api/iiif/4916418/manifest.json,303-0002,醫方類聚,1
4916419,https://www.digital.archives.go.jp/api/iiif/4916419/manifest.json,303-0002,醫方類聚,2
4916420,https://www.digital.archives.go.jp/api/iiif/4916420/manifest.json,303-0002,醫方類聚,3
4916421,https://www.digital.archives.go.jp/api/iiif/4916421/manifest.json,303-0002,醫方類聚,4
4916422,https://www.digital.archives.go.jp/api/iiif/4916422/manifest.json,303-0002,醫方類聚,5
4916423,https://www.digital.archives.go.jp/api/iiif/4916423/manifest.json,303-0002,醫方類聚,6
4916424,https://www.digital.archives.go.jp/api/iiif/4916424/manifest.json,303-0002,醫方類聚,7
4916425,https://www.digital.archives.go.jp/api/iiif/4916425/manifest.json,303-0002,醫方類聚,8
4916426,https://www.digital.archives.go.jp/api/iiif/4916426/manifest.json,303-0002,醫方類聚,9
4916427,https://www.digital.archives.go.jp/api/iiif/4916427/manifest.json,303-0002,醫方類聚,10
4916428,https://www.digital.archives.go.jp/api/iiif/4916428/manifest.json,303-0002,醫方類聚,11
4916429,https://www.digital.archives.go.jp/api/iiif/4916429/manifest.json,303-0002,醫方類聚,12
4916430,https://www.digital.archives.go.jp/api/iiif/4916430/manifest.json,303-0002,醫方類聚,13
4916431,https://www.digital.archives.go.jp/api/iiif/4916431/manifest.json,303-0002,醫方類聚,14
4916432,https://www.digital.archives.go.jp/api/iiif/4916432/manifest.json,303-0002,醫方類聚,15
4916433,https://www.digital.archives.go.jp/api/iiif/4916433/manifest.json,303-0002,醫方類聚,16
4916434,https://www.digital.archives.go.jp/api/iiif/4916434/manifest.json,303-0002,醫方類聚,17
4916435,https://www.digital.archives.go.jp/api/iiif/4916435/manifest.json,303-0002,醫方類聚,18
4916436,https://www.digital.archives.go.jp/api/iiif/4916436/manifest.json,303-0002,醫方類聚,19
4916437,https://www.digital.archives.go.jp/api/iiif/4916437/manifest.json,303-0002,醫方類聚,20
4916438,https://www.digital.archives.go.jp/api/iiif/4916438/manifest.json,303-0002,醫方類聚,21
4916439,https://www.digital.archives.go.jp/api/iiif/4916439/manifest.json,303-0002,醫方類聚,22
4916440,https://www.digital.archives.go.jp/api/iiif/4916440/manifest.json,303-0002,醫方類聚,23
4916441,https://www.digital.archives.go.jp/api/iiif/4916441/manifest.json,303-0002,醫方類聚,24
4916442,https://www.digital.archives.go.jp/api/iiif/4916442/manifest.json,303-0002,醫方類聚,25
4916443,https://www.digital.archives.go.jp/api/iiif/4916443/manifest.json,303-0002,醫方類聚,26
4916444,https://www.digital.archives.go.jp/api/iiif/4916444/manifest.json,303-0002,醫方類聚,27
4916445,https://www.digital.archives.go.jp/api/iiif/4916445/manifest.json,303-0002,醫方類聚,28
4916446,https://www.digital.archives.go.jp/api/iiif/4916446/manifest.json,303-0002,醫方類聚,29
4916447,https://www.digital.archives.go.jp/api/iiif/4916447/manifest.json,303-0002,醫方類聚,30
4916448,https://www.digital.archives.go.jp/api/iiif/4916448/manifest.json,303-0002,醫方類聚,31
4916449,https://www.digital.archives.go.jp/api/iiif/4916449/manifest.json,303-0002,醫方類聚,32
4916450,https://www.digital.archives.go.jp/api/iiif/4916450/manifest.json,303-0002,醫方類聚,33
4916451,https://www.digital.archives.go.jp/api/iiif/4916451/manifest.json,303-0002,醫方類聚,34
4916452,https://www.digital.archives.go.jp/api/iiif/4916452/manifest.json,303-0002,醫方類聚,35
4916453,https://www.digital.archives.go.jp/api/iiif/4916453/manifest.json,303-0002,醫方類聚,36
4916454,https://www.digital.archives.go.jp/api/iiif/4916454/manifest.json,303-0002,醫方類聚,37
4916455,https://www.digital.archives.go.jp/api/iiif/4916455/manifest.json,303-0002,醫方類聚,38
4916456,https://www.digital.archives.go.jp/api/iiif/4916456/manifest.json,303-0002,醫方類聚,39
4916457,https://www.digital.archives.go.jp/api/iiif/4916457/manifest.json,303-0002,醫方類聚,40
4916458,https://www.digital.archives.go.jp/api/iiif/4916458/manifest.json,303-0002,醫方類聚,41
4916459,https://www.digital.archives.go.jp/api/iiif/4916459/manifest.json,303-0002,醫方類聚,42
4916460,https://www.digital.archives.go.jp/api/iiif/4916460/manifest.json,303-0002,醫方類聚,43
4916461,https://www.digital.archives.go.jp/api/iiif/4916461/manifest.json,303-0002,醫方類聚,44
4916463,https://www.digital.archives.go.jp/api/iiif/4916463/manifest.json,303-0002,醫方類聚,46
4916464,https://www.digital.archives.go.jp/api/iiif/4916464/manifest.json,303-0002,醫方類聚,47
4916465,https://www.digital.archives.go.jp/api/iiif/4916465/manifest.json,303-0002,醫方類聚,48
4916466,https://www.digital.archives.go.jp/api/iiif/4916466/manifest.json,303-0002,醫方類聚,49
4916467,https://www.digital.archives.go.jp/api/iiif/4916467/manifest.json,303-0002,醫方類聚,50
4916468,https://www.digital.archives.go.jp/api/iiif/4916468/manifest.json,303-0002,醫方類聚,51
4916469,https://www.digital.archives.go.jp/api/iiif/4916469/manifest.json,303-0002,醫方類聚,52
4916470,https://www.digital.archives.go.jp/api/iiif/4916470/manifest.json,303-0002,醫方類聚,53
4916471,https://www.digital.archives.go.jp/api/iiif/4916471/manifest.json,303-0002,醫方類聚,54
4916472,https://www.digital.archives.go.jp/api/iiif/4916472/manifest.json,303-0002,醫方類聚,55
4916473,https://www.digital.archives.go.jp/api/iiif/4916473/manifest.json,303-0002,醫方類聚,56
4916474,https://www.digital.archives.go.jp/api/iiif/4916474/manifest.json,303-0002,醫方類聚,57
4916475,https://www.digital.archives.go.jp/api/iiif/4916475/manifest.json,303-0002,醫方類聚,58
4916476,https://www.digital.archives.go.jp/api/iiif/4916476/manifest.json,303-0002,醫方類聚,59
4916477,https://www.digital.archives.go.jp/api/iiif/4916477/manifest.json,303-0002,醫方類聚,60
4916478,https://www.digital.archives.go.jp/api/iiif/4916478/manifest.json,303-0002,醫方類聚,61
4916479,https://www.digital.archives.go.jp/api/iiif/4916479/manifest.json,303-0002,醫方類聚,62
4916480,https://www.digital.archives.go.jp/api/iiif/4916480/manifest.json,303-0002,醫方類聚,63
4916481,https://www.digital.archives.go.jp/api/iiif/4916481/manifest.json,303-0002,醫方類聚,64
4916482,https://www.digital.archives.go.jp/api/iiif/4916482/manifest.json,303-0002,醫方類聚,65
4916483,https://www.digital.archives.go.jp/api/iiif/4916483/manifest.json,303-0002,醫方類聚,66
4916484,https://www.digital.archives.go.jp/api/iiif/4916484/manifest.json,303-0002,醫方類聚,67
4916485,https://www.digital.archives.go.jp/api/iiif/4916485/manifest.json,303-0002,醫方類聚,68
4916486,https://www.digital.archives.go.jp/api/iiif/4916486/manifest.json,303-0002,醫方類聚,69
4916487,https://www.digital.archives.go.jp/api/iiif/4916487/manifest.json,303-0002,醫方類聚,70
4916488,https://www.digital.archives.go.jp/api/iiif/4916488/manifest.json,303-0002,醫方類聚,71
4916489,https://www.digital.archives.go.jp/api/iiif/4916489/manifest.json,303-0002,醫方類聚,72
4916490,https://www.digital.archives.go.jp/api/iiif/4916490/manifest.json,303-0002,醫方類聚,73
4916491,https://www.digital.archives.go.jp/api/iiif/4916491/manifest.json,303-0002,醫方類聚,74
4916492,https://www.digital.archives.go.jp/api/iiif/4916492/manifest.json,303-0002,醫方類聚,75
4916493,https://www.digital.archives.go.jp/api/iiif/4916493/manifest.json,303-0002,醫方類聚,76
4916494,https://www.digital.archives.go.jp/api/iiif/4916494/manifest.json,303-0002,醫方類聚,77
4916495,https://www.digital.archives.go.jp/api/iiif/4916495/manifest.json,303-0002,醫方類聚,78
4916496,https://www.digital.archives.go.jp/api/iiif/4916496/manifest.json,303-0002,醫方類聚,79
593719,https://www.digital.archives.go.jp/api/iiif/593719/manifest.json,301-0061,證治準繩,1
593765,https://www.digital.archives.go.jp/api/iiif/593765/manifest.json,301-0061,證治準繩,2
593764,https://www.digital.archives.go.jp/api/iiif/593764/manifest.json,301-0061,證治準繩,3
593766,https://www.digital.archives.go.jp/api/iiif/593766/manifest.json,301-0061,證治準繩,4
593760,https://www.digital.archives.go.jp/api/iiif/593760/manifest.json,301-0061,證治準繩,5
593761,https://www.digital.archives.go.jp/api/iiif/593761/manifest.json,301-0061,證治準繩,6
593762,https://www.digital.archives.go.jp/api/iiif/593762/manifest.json,301-0061,證治準繩,7
593747,https://www.digital.archives.go.jp/api/iiif/593747/manifest.json,301-0061,證治準繩,8
593720,https://www.digital.archives.go.jp/api/iiif/593720/manifest.json,301-0061,證治準繩,9
593763,https://www.digital.archives.go.jp/api/iiif/593763/manifest.json,301-0061,證治準繩,10
593767,https://www.digital.archives.go.jp/api/iiif/593767/manifest.json,301-0061,證治準繩,11
593721,https://www.digital.archives.go.jp/api/iiif/593721/manifest.json,301-0061,證治準繩,12
593768,https://www.digital.archives.go.jp/api/iiif/593768/manifest.json,301-0061,證治準繩,13
593748,https://www.digital.archives.go.jp/api/iiif/593748/manifest.json,301-0061,證治準繩,14
593722,https://www.digital.archives.go.jp/api/iiif/593722/manifest.json,301-0061,證治準繩,15
593785,https://www.digital.archives.go.jp/api/iiif/593785/manifest.json,301-0061,證治準繩,16
593784,https://www.digital.archives.go.jp/api/iiif/593784/manifest.json,301-0061,證治準繩,17
593786,https://www.digital.archives.go.jp/api/iiif/593786/manifest.json,301-0061,證治準繩,18
593723,https://www.digital.archives.go.jp/api/iiif/593723/manifest.json,301-0061,證治準繩,19
593787,https://www.digital.archives.go.jp/api/iiif/593787/manifest.json,301-0061,證治準繩,20
593788,https://www.digital.archives.go.jp/api/iiif/593788/manifest.json,301-0061,證治準繩,21
593724,https://www.digital.archives.go.jp/api/iiif/593724/manifest.json,301-0061,證治準繩,22
593749,https://www.digital.archives.go.jp/api/iiif/593749/manifest.json,301-0061,證治準繩,23
593789,https://www.digital.archives.go.jp/api/iiif/593789/manifest.json,301-0061,證治準繩,24
593790,https://www.digital.archives.go.jp/api/iiif/593790/manifest.json,301-0061,證治準繩,25
593791,https://www.digital.archives.go.jp/api/iiif/593791/manifest.json,301-0061,證治準繩,26
593746,https://www.digital.archives.go.jp/api/iiif/593746/manifest.json,301-0061,證治準繩,27
593753,https://www.digital.archives.go.jp/api/iiif/593753/manifest.json,301-0061,證治準繩,28
593792,https://www.digital.archives.go.jp/api/iiif/593792/manifest.json,301-0061,證治準繩,29
593793,https://www.digital.archives.go.jp/api/iiif/593793/manifest.json,301-0061,證治準繩,30
593794,https://www.digital.archives.go.jp/api/iiif/593794/manifest.json,301-0061,證治準繩,31
593725,https://www.digital.archives.go.jp/api/iiif/593725/manifest.json,301-0061,證治準繩,32
593795,https://www.digital.archives.go.jp/api/iiif/593795/manifest.json,301-0061,證治準繩,33
593796,https://www.digital.archives.go.jp/api/iiif/593796/manifest.json,301-0061,證治準繩,34
593726,https://www.digital.archives.go.jp/api/iiif/593726/manifest.json,301-0061,證治準繩,35
593797,https://www.digital.archives.go.jp/api/iiif/593797/manifest.json,301-0061,證治準繩,36
593754,https://www.digital.archives.go.jp/api/iiif/593754/manifest.json,301-0061,證治準繩,37
593798,https://www.digital.archives.go.jp/api/iiif/593798/manifest.json,301-0061,證治準繩,38
593734,https://www.digital.archives.go.jp/api/iiif/593734/manifest.json,301-0061,證治準繩,39
593799,https://www.digital.archives.go.jp/api/iiif/593799/manifest.json,301-0061,證治準繩,40
593816,https://www.digital.archives.go.jp/api/iiif/593816/manifest.json,301-0061,證治準繩,41
593735,https://www.digital.archives.go.jp/api/iiif/593735/manifest.json,301-0061,證治準繩,42
593755,https://www.digital.archives.go.jp/api/iiif/593755/manifest.json,301-0061,證治準繩,43
593815,https://www.digital.archives.go.jp/api/iiif/593815/manifest.json,301-0061,證治準繩,44
4117246,https://www.digital.archives.go.jp/api/iiif/4117246/manifest.json,301-0061,證治準繩,45
593817,https://www.digital.archives.go.jp/api/iiif/593817/manifest.json,301-0061,證治準繩,46
593736,https://www.digital.archives.go.jp/api/iiif/593736/manifest.json,301-0061,證治準繩,47
593818,https://www.digital.archives.go.jp/api/iiif/593818/manifest.json,301-0061,證治準繩,48
593820,https://www.digital.archives.go.jp/api/iiif/593820/manifest.json,301-0061,證治準繩,49
593737,https://www.digital.archives.go.jp/api/iiif/593737/manifest.json,301-0061,證治準繩,50
593819,https://www.digital.archives.go.jp/api/iiif/593819/manifest.json,301-0061,證治準繩,51
593822,https://www.digital.archives.go.jp/api/iiif/593822/manifest.json,301-0061,證治準繩,52
593821,https://www.digital.archives.go.jp/api/iiif/593821/manifest.json,301-0061,證治準繩,53
593738,https://www.digital.archives.go.jp/api/iiif/593738/manifest.json,301-0061,證治準繩,54
593756,https://www.digital.archives.go.jp/api/iiif/593756/manifest.json,301-0061,證治準繩,55
593823,https://www.digital.archives.go.jp/api/iiif/593823/manifest.json,301-0061,證治準繩,56
593825,https://www.digital.archives.go.jp/api/iiif/593825/manifest.json,301-0061,證治準繩,57
593739,https://www.digital.archives.go.jp/api/iiif/593739/manifest.json,301-0061,證治準繩,58
593824,https://www.digital.archives.go.jp/api/iiif/593824/manifest.json,301-0061,證治準繩,59
593757,https://www.digital.archives.go.jp/api/iiif/593757/manifest.json,301-0061,證治準繩,60
593740,https://www.digital.archives.go.jp/api/iiif/593740/manifest.json,301-0061,證治準繩,61
593826,https://www.digital.archives.go.jp/api/iiif/593826/manifest.json,301-0061,證治準繩,62
593827,https://www.digital.archives.go.jp/api/iiif/593827/manifest.json,301-0061,證治準繩,63
593828,https://www.digital.archives.go.jp/api/iiif/593828/manifest.json,301-0061,證治準繩,64
593741,https://www.digital.archives.go.jp/api/iiif/593741/manifest.json,301-0061,證治準繩,65
593848,https://www.digital.archives.go.jp/api/iiif/593848/manifest.json,301-0061,證治準繩,66
593847,https://www.digital.archives.go.jp/api/iiif/593847/manifest.json,301-0061,證治準繩,67
593742,https://www.digital.archives.go.jp/api/iiif/593742/manifest.json,301-0061,證治準繩,68
593758,https://www.digital.archives.go.jp/api/iiif/593758/manifest.json,301-0061,證治準繩,69
593849,https://www.digital.archives.go.jp/api/iiif/593849/manifest.json,301-0061,證治準繩,70
593851,https://www.digital.archives.go.jp/api/iiif/593851/manifest.json,301-0061,證治準繩,71
593850,https://www.digital.archives.go.jp/api/iiif/593850/manifest.json,301-0061,證治準繩,72
593743,https://www.digital.archives.go.jp/api/iiif/593743/manifest.json,301-0061,證治準繩,73
593852,https://www.digital.archives.go.jp/api/iiif/593852/manifest.json,301-0061,證治準繩,74
4117247,https://www.digital.archives.go.jp/api/iiif/4117247/manifest.json,301-0061,證治準繩,75
593744,https://www.digital.archives.go.jp/api/iiif/593744/manifest.json,301-0061,證治準繩,76
593853,https://www.digital.archives.go.jp/api/iiif/593853/manifest.json,301-0061,證治準繩,77
593759,https://www.digital.archives.go.jp/api/iiif/593759/manifest.json,301-0061,證治準繩,78
593854,https://www.digital.archives.go.jp/api/iiif/593854/manifest.json,301-0061,證治準繩,79
593745,https://www.digital.archives.go.jp/api/iiif/593745/manifest.json,301-0061,證治準繩,80
585162,https://www.digital.archives.go.jp/api/iiif/585162/manifest.json,301-0059,古今醫統正脈全書,1
585163,https://www.digital.archives.go.jp/api/iiif/585163/manifest.json,301-0059,古今醫統正脈全書,2
585164,https://www.digital.archives.go.jp/api/iiif/585164/manifest.json,301-0059,古今醫統正脈全書,3
585000,https://www.digital.archives.go.jp/api/iiif/585000/manifest.json,301-0059,古今醫統正脈全書,4
585063,https://www.digital.archives.go.jp/api/iiif/585063/manifest.json,301-0059,古今醫統正脈全書,5
585165,https://www.digital.archives.go.jp/api/iiif/585165/manifest.json,301-0059,古今醫統正脈全書,6
585166,https://www.digital.archives.go.jp/api/iiif/585166/manifest.json,301-0059,古今醫統正脈全書,7
585168,https://www.digital.archives.go.jp/api/iiif/585168/manifest.json,301-0059,古今醫統正脈全書,8
585001,https://www.digital.archives.go.jp/api/iiif/585001/manifest.json,301-0059,古今醫統正脈全書,9
585062,https://www.digital.archives.go.jp/api/iiif/585062/manifest.json,301-0059,古今醫統正脈全書,10
585167,https://www.digital.archives.go.jp/api/iiif/585167/manifest.json,301-0059,古今醫統正脈全書,11
585002,https://www.digital.archives.go.jp/api/iiif/585002/manifest.json,301-0059,古今醫統正脈全書,12
585170,https://www.digital.archives.go.jp/api/iiif/585170/manifest.json,301-0059,古今醫統正脈全書,13
585169,https://www.digital.archives.go.jp/api/iiif/585169/manifest.json,301-0059,古今醫統正脈全書,14
585171,https://www.digital.archives.go.jp/api/iiif/585171/manifest.json,301-0059,古今醫統正脈全書,15
585172,https://www.digital.archives.go.jp/api/iiif/585172/manifest.json,301-0059,古今醫統正脈全書,16
585003,https://www.digital.archives.go.jp/api/iiif/585003/manifest.json,301-0059,古今醫統正脈全書,17
585065,https://www.digital.archives.go.jp/api/iiif/585065/manifest.json,301-0059,古今醫統正脈全書,18
585174,https://www.digital.archives.go.jp/api/iiif/585174/manifest.json,301-0059,古今醫統正脈全書,19
585173,https://www.digital.archives.go.jp/api/iiif/585173/manifest.json,301-0059,古今醫統正脈全書,20
585004,https://www.digital.archives.go.jp/api/iiif/585004/manifest.json,301-0059,古今醫統正脈全書,21
585230,https://www.digital.archives.go.jp/api/iiif/585230/manifest.json,301-0059,古今醫統正脈全書,22
585064,https://www.digital.archives.go.jp/api/iiif/585064/manifest.json,301-0059,古今醫統正脈全書,23
585229,https://www.digital.archives.go.jp/api/iiif/585229/manifest.json,301-0059,古今醫統正脈全書,24
585232,https://www.digital.archives.go.jp/api/iiif/585232/manifest.json,301-0059,古今醫統正脈全書,25
585005,https://www.digital.archives.go.jp/api/iiif/585005/manifest.json,301-0059,古今醫統正脈全書,26
585231,https://www.digital.archives.go.jp/api/iiif/585231/manifest.json,301-0059,古今醫統正脈全書,27
585234,https://www.digital.archives.go.jp/api/iiif/585234/manifest.json,301-0059,古今醫統正脈全書,28
585061,https://www.digital.archives.go.jp/api/iiif/585061/manifest.json,301-0059,古今醫統正脈全書,29
585066,https://www.digital.archives.go.jp/api/iiif/585066/manifest.json,301-0059,古今醫統正脈全書,30
585112,https://www.digital.archives.go.jp/api/iiif/585112/manifest.json,301-0059,古今醫統正脈全書,31
585111,https://www.digital.archives.go.jp/api/iiif/585111/manifest.json,301-0059,古今醫統正脈全書,32
585113,https://www.digital.archives.go.jp/api/iiif/585113/manifest.json,301-0059,古今醫統正脈全書,33
585006,https://www.digital.archives.go.jp/api/iiif/585006/manifest.json,301-0059,古今醫統正脈全書,34
585105,https://www.digital.archives.go.jp/api/iiif/585105/manifest.json,301-0059,古今醫統正脈全書,35
585114,https://www.digital.archives.go.jp/api/iiif/585114/manifest.json,301-0059,古今醫統正脈全書,36
585115,https://www.digital.archives.go.jp/api/iiif/585115/manifest.json,301-0059,古今醫統正脈全書,37
585116,https://www.digital.archives.go.jp/api/iiif/585116/manifest.json,301-0059,古今醫統正脈全書,38
585007,https://www.digital.archives.go.jp/api/iiif/585007/manifest.json,301-0059,古今醫統正脈全書,39
585117,https://www.digital.archives.go.jp/api/iiif/585117/manifest.json,301-0059,古今醫統正脈全書,40
585119,https://www.digital.archives.go.jp/api/iiif/585119/manifest.json,301-0059,古今醫統正脈全書,41
585008,https://www.digital.archives.go.jp/api/iiif/585008/manifest.json,301-0059,古今醫統正脈全書,42
585067,https://www.digital.archives.go.jp/api/iiif/585067/manifest.json,301-0059,古今醫統正脈全書,43
585118,https://www.digital.archives.go.jp/api/iiif/585118/manifest.json,301-0059,古今醫統正脈全書,44
585161,https://www.digital.archives.go.jp/api/iiif/585161/manifest.json,301-0059,古今醫統正脈全書,45
585160,https://www.digital.archives.go.jp/api/iiif/585160/manifest.json,301-0059,古今醫統正脈全書,46
585053,https://www.digital.archives.go.jp/api/iiif/585053/manifest.json,301-0059,古今醫統正脈全書,47
585233,https://www.digital.archives.go.jp/api/iiif/585233/manifest.json,301-0059,古今醫統正脈全書,48
585235,https://www.digital.archives.go.jp/api/iiif/585235/manifest.json,301-0059,古今醫統正脈全書,49
585106,https://www.digital.archives.go.jp/api/iiif/585106/manifest.json,301-0059,古今醫統正脈全書,50
585054,https://www.digital.archives.go.jp/api/iiif/585054/manifest.json,301-0059,古今醫統正脈全書,51
585236,https://www.digital.archives.go.jp/api/iiif/585236/manifest.json,301-0059,古今醫統正脈全書,52
585237,https://www.digital.archives.go.jp/api/iiif/585237/manifest.json,301-0059,古今醫統正脈全書,53
585055,https://www.digital.archives.go.jp/api/iiif/585055/manifest.json,301-0059,古今醫統正脈全書,54
585239,https://www.digital.archives.go.jp/api/iiif/585239/manifest.json,301-0059,古今醫統正脈全書,55
585107,https://www.digital.archives.go.jp/api/iiif/585107/manifest.json,301-0059,古今醫統正脈全書,56
585238,https://www.digital.archives.go.jp/api/iiif/585238/manifest.json,301-0059,古今醫統正脈全書,57
585241,https://www.digital.archives.go.jp/api/iiif/585241/manifest.json,301-0059,古今醫統正脈全書,58
585240,https://www.digital.archives.go.jp/api/iiif/585240/manifest.json,301-0059,古今醫統正脈全書,59
585242,https://www.digital.archives.go.jp/api/iiif/585242/manifest.json,301-0059,古今醫統正脈全書,60
585056,https://www.digital.archives.go.jp/api/iiif/585056/manifest.json,301-0059,古今醫統正脈全書,61
585243,https://www.digital.archives.go.jp/api/iiif/585243/manifest.json,301-0059,古今醫統正脈全書,62
585297,https://www.digital.archives.go.jp/api/iiif/585297/manifest.json,301-0059,古今醫統正脈全書,63
585296,https://www.digital.archives.go.jp/api/iiif/585296/manifest.json,301-0059,古今醫統正脈全書,64
585108,https://www.digital.archives.go.jp/api/iiif/585108/manifest.json,301-0059,古今醫統正脈全書,65
585298,https://www.digital.archives.go.jp/api/iiif/585298/manifest.json,301-0059,古今醫統正脈全書,66
585057,https://www.digital.archives.go.jp/api/iiif/585057/manifest.json,301-0059,古今醫統正脈全書,67
585299,https://www.digital.archives.go.jp/api/iiif/585299/manifest.json,301-0059,古今醫統正脈全書,68
585300,https://www.digital.archives.go.jp/api/iiif/585300/manifest.json,301-0059,古今醫統正脈全書,69
585058,https://www.digital.archives.go.jp/api/iiif/585058/manifest.json,301-0059,古今醫統正脈全書,70
585110,https://www.digital.archives.go.jp/api/iiif/585110/manifest.json,301-0059,古今醫統正脈全書,71
585302,https://www.digital.archives.go.jp/api/iiif/585302/manifest.json,301-0059,古今醫統正脈全書,72
585301,https://www.digital.archives.go.jp/api/iiif/585301/manifest.json,301-0059,古今醫統正脈全書,73
585304,https://www.digital.archives.go.jp/api/iiif/585304/manifest.json,301-0059,古今醫統正脈全書,74
585059,https://www.digital.archives.go.jp/api/iiif/585059/manifest.json,301-0059,古今醫統正脈全書,75
585109,https://www.digital.archives.go.jp/api/iiif/585109/manifest.json,301-0059,古今醫統正脈全書,76
585303,https://www.digital.archives.go.jp/api/iiif/585303/manifest.json,301-0059,古今醫統正脈全書,77
585060,https://www.digital.archives.go.jp/api/iiif/585060/manifest.json,301-0059,古今醫統正脈全書,78
585305,https://www.digital.archives.go.jp/api/iiif/585305/manifest.json,301-0059,古今醫統正脈全書,79
585306,https://www.digital.archives.go.jp/api/iiif/585306/manifest.json,301-0059,古今醫統正脈全書,80
585307,https://www.digital.archives.go.jp/api/iiif/585307/manifest.json,301-0059,古今醫統正脈全書,81
585308,https://www.digital.archives.go.jp/api/iiif/585308/manifest.json,301-0059,古今醫統正脈全書,82
594137,https://www.digital.archives.go.jp/api/iiif/594137/manifest.json,301-0060,證治準繩,1
594259,https://www.digital.archives.go.jp/api/iiif/594259/manifest.json,301-0060,證治準繩,2
594260,https://www.digital.archives.go.jp/api/iiif/594260/manifest.json,301-0060,證治準繩,3
594262,https://www.digital.archives.go.jp/api/iiif/594262/manifest.json,301-0060,證治準繩,4
594261,https://www.digital.archives.go.jp/api/iiif/594261/manifest.json,301-0060,證治準繩,5
594129,https://www.digital.archives.go.jp/api/iiif/594129/manifest.json,301-0060,證治準繩,6
594264,https://www.digital.archives.go.jp/api/iiif/594264/manifest.json,301-0060,證治準繩,7
595810,https://www.digital.archives.go.jp/api/iiif/595810/manifest.json,301-0060,證治準繩,8
594263,https://www.digital.archives.go.jp/api/iiif/594263/manifest.json,301-0060,證治準繩,9
594266,https://www.digital.archives.go.jp/api/iiif/594266/manifest.json,301-0060,證治準繩,10
594265,https://www.digital.archives.go.jp/api/iiif/594265/manifest.json,301-0060,證治準繩,11
595812,https://www.digital.archives.go.jp/api/iiif/595812/manifest.json,301-0060,證治準繩,12
594132,https://www.digital.archives.go.jp/api/iiif/594132/manifest.json,301-0060,證治準繩,13
594268,https://www.digital.archives.go.jp/api/iiif/594268/manifest.json,301-0060,證治準繩,14
594267,https://www.digital.archives.go.jp/api/iiif/594267/manifest.json,301-0060,證治準繩,15
594270,https://www.digital.archives.go.jp/api/iiif/594270/manifest.json,301-0060,證治準繩,16
595811,https://www.digital.archives.go.jp/api/iiif/595811/manifest.json,301-0060,證治準繩,17
594131,https://www.digital.archives.go.jp/api/iiif/594131/manifest.json,301-0060,證治準繩,18
594269,https://www.digital.archives.go.jp/api/iiif/594269/manifest.json,301-0060,證治準繩,19
595814,https://www.digital.archives.go.jp/api/iiif/595814/manifest.json,301-0060,證治準繩,20
594272,https://www.digital.archives.go.jp/api/iiif/594272/manifest.json,301-0060,證治準繩,21
594271,https://www.digital.archives.go.jp/api/iiif/594271/manifest.json,301-0060,證治準繩,22
594273,https://www.digital.archives.go.jp/api/iiif/594273/manifest.json,301-0060,證治準繩,23
594377,https://www.digital.archives.go.jp/api/iiif/594377/manifest.json,301-0060,證治準繩,24
595813,https://www.digital.archives.go.jp/api/iiif/595813/manifest.json,301-0060,證治準繩,25
594274,https://www.digital.archives.go.jp/api/iiif/594274/manifest.json,301-0060,證治準繩,26
594134,https://www.digital.archives.go.jp/api/iiif/594134/manifest.json,301-0060,證治準繩,27
595815,https://www.digital.archives.go.jp/api/iiif/595815/manifest.json,301-0060,證治準繩,28
594378,https://www.digital.archives.go.jp/api/iiif/594378/manifest.json,301-0060,證治準繩,29
594379,https://www.digital.archives.go.jp/api/iiif/594379/manifest.json,301-0060,證治準繩,30
594381,https://www.digital.archives.go.jp/api/iiif/594381/manifest.json,301-0060,證治準繩,31
595964,https://www.digital.archives.go.jp/api/iiif/595964/manifest.json,301-0060,證治準繩,32
594380,https://www.digital.archives.go.jp/api/iiif/594380/manifest.json,301-0060,證治準繩,33
595979,https://www.digital.archives.go.jp/api/iiif/595979/manifest.json,301-0060,證治準繩,34
594382,https://www.digital.archives.go.jp/api/iiif/594382/manifest.json,301-0060,證治準繩,35
594133,https://www.digital.archives.go.jp/api/iiif/594133/manifest.json,301-0060,證治準繩,36
594383,https://www.digital.archives.go.jp/api/iiif/594383/manifest.json,301-0060,證治準繩,37
595816,https://www.digital.archives.go.jp/api/iiif/595816/manifest.json,301-0060,證治準繩,38
594385,https://www.digital.archives.go.jp/api/iiif/594385/manifest.json,301-0060,證治準繩,39
594384,https://www.digital.archives.go.jp/api/iiif/594384/manifest.json,301-0060,證治準繩,40
595966,https://www.digital.archives.go.jp/api/iiif/595966/manifest.json,301-0060,證治準繩,41
594135,https://www.digital.archives.go.jp/api/iiif/594135/manifest.json,301-0060,證治準繩,42
594387,https://www.digital.archives.go.jp/api/iiif/594387/manifest.json,301-0060,證治準繩,43
594386,https://www.digital.archives.go.jp/api/iiif/594386/manifest.json,301-0060,證治準繩,44
594388,https://www.digital.archives.go.jp/api/iiif/594388/manifest.json,301-0060,證治準繩,45
595965,https://www.digital.archives.go.jp/api/iiif/595965/manifest.json,301-0060,證治準繩,46
594390,https://www.digital.archives.go.jp/api/iiif/594390/manifest.json,301-0060,證治準繩,47
594389,https://www.digital.archives.go.jp/api/iiif/594389/manifest.json,301-0060,證治準繩,48
594391,https://www.digital.archives.go.jp/api/iiif/594391/manifest.json,301-0060,證治準繩,49
595968,https://www.digital.archives.go.jp/api/iiif/595968/manifest.json,301-0060,證治準繩,50
594136,https://www.digital.archives.go.jp/api/iiif/594136/manifest.json,301-0060,證治準繩,51
594464,https://www.digital.archives.go.jp/api/iiif/594464/manifest.json,301-0060,證治準繩,52
594392,https://www.digital.archives.go.jp/api/iiif/594392/manifest.json,301-0060,證治準繩,53
595967,https://www.digital.archives.go.jp/api/iiif/595967/manifest.json,301-0060,證治準繩,54
594466,https://www.digital.archives.go.jp/api/iiif/594466/manifest.json,301-0060,證治準繩,55
594465,https://www.digital.archives.go.jp/api/iiif/594465/manifest.json,301-0060,證治準繩,56
594467,https://www.digital.archives.go.jp/api/iiif/594467/manifest.json,301-0060,證治準繩,57
595969,https://www.digital.archives.go.jp/api/iiif/595969/manifest.json,301-0060,證治準繩,58
594124,https://www.digital.archives.go.jp/api/iiif/594124/manifest.json,301-0060,證治準繩,59
594469,https://www.digital.archives.go.jp/api/iiif/594469/manifest.json,301-0060,證治準繩,60
594468,https://www.digital.archives.go.jp/api/iiif/594468/manifest.json,301-0060,證治準繩,61
595970,https://www.digital.archives.go.jp/api/iiif/595970/manifest.json,301-0060,證治準繩,62
594123,https://www.digital.archives.go.jp/api/iiif/594123/manifest.json,301-0060,證治準繩,63
594471,https://www.digital.archives.go.jp/api/iiif/594471/manifest.json,301-0060,證治準繩,64
594470,https://www.digital.archives.go.jp/api/iiif/594470/manifest.json,301-0060,證治準繩,65
594472,https://www.digital.archives.go.jp/api/iiif/594472/manifest.json,301-0060,證治準繩,66
594473,https://www.digital.archives.go.jp/api/iiif/594473/manifest.json,301-0060,證治準繩,67
595971,https://www.digital.archives.go.jp/api/iiif/595971/manifest.json,301-0060,證治準繩,68
594475,https://www.digital.archives.go.jp/api/iiif/594475/manifest.json,301-0060,證治準繩,69
594125,https://www.digital.archives.go.jp/api/iiif/594125/manifest.json,301-0060,證治準繩,70
595972,https://www.digital.archives.go.jp/api/iiif/595972/manifest.json,301-0060,證治準繩,71
594474,https://www.digital.archives.go.jp/api/iiif/594474/manifest.json,301-0060,證治準繩,72
594476,https://www.digital.archives.go.jp/api/iiif/594476/manifest.json,301-0060,證治準繩,73
594478,https://www.digital.archives.go.jp/api/iiif/594478/manifest.json,301-0060,證治準繩,74
595973,https://www.digital.archives.go.jp/api/iiif/595973/manifest.json,301-0060,證治準繩,75
594127,https://www.digital.archives.go.jp/api/iiif/594127/manifest.json,301-0060,證治準繩,76
594477,https://www.digital.archives.go.jp/api/iiif/594477/manifest.json,301-0060,證治準繩,77
595974,https://www.digital.archives.go.jp/api/iiif/595974/manifest.json,301-0060,證治準繩,78
594563,https://www.digital.archives.go.jp/api/iiif/594563/manifest.json,301-0060,證治準繩,79
594565,https://www.digital.archives.go.jp/api/iiif/594565/manifest.json,301-0060,證治準繩,80
594564,https://www.digital.archives.go.jp/api/iiif/594564/manifest.json,301-0060,證治準繩,81
594566,https://www.digital.archives.go.jp/api/iiif/594566/manifest.json,301-0060,證治準繩,82
595976,https://www.digital.archives.go.jp/api/iiif/595976/manifest.json,301-0060,證治準繩,83
594567,https://www.digital.archives.go.jp/api/iiif/594567/manifest.json,301-0060,證治準繩,84
594126,https://www.digital.archives.go.jp/api/iiif/594126/manifest.json,301-0060,證治準繩,85
595975,https://www.digital.archives.go.jp/api/iiif/595975/manifest.json,301-0060,證治準繩,86
594568,https://www.digital.archives.go.jp/api/iiif/594568/manifest.json,301-0060,證治準繩,87
594569,https://www.digital.archives.go.jp/api/iiif/594569/manifest.json,301-0060,證治準繩,88
594571,https://www.digital.archives.go.jp/api/iiif/594571/manifest.json,301-0060,證治準繩,89
595977,https://www.digital.archives.go.jp/api/iiif/595977/manifest.json,301-0060,證治準繩,90
594128,https://www.digital.archives.go.jp/api/iiif/594128/manifest.json,301-0060,證治準繩,91
594572,https://www.digital.archives.go.jp/api/iiif/594572/manifest.json,301-0060,證治準繩,92
594570,https://www.digital.archives.go.jp/api/iiif/594570/manifest.json,301-0060,證治準繩,93
594573,https://www.digital.archives.go.jp/api/iiif/594573/manifest.json,301-0060,證治準繩,94
595978,https://www.digital.archives.go.jp/api/iiif/595978/manifest.json,301-0060,證治準繩,95
594574,https://www.digital.archives.go.jp/api/iiif/594574/manifest.json,301-0060,證治準繩,96
594576,https://www.digital.archives.go.jp/api/iiif/594576/manifest.json,301-0060,證治準繩,97
594575,https://www.digital.archives.go.jp/api/iiif/594575/manifest.json,301-0060,證治準繩,98
594122,https://www.digital.archives.go.jp/api/iiif/594122/manifest.json,301-0060,證治準繩,99
594130,https://www.digital.archives.go.jp/api/iiif/594130/manifest.json,301-0060,證治準繩,100
588394,https://www.digital.archives.go.jp/api/iiif/588394/manifest.json,301-0064,證治準繩,1
588605,https://www.digital.archives.go.jp/api/iiif/588605/manifest.json,301-0064,證治準繩,2
588603,https://www.digital.archives.go.jp/api/iiif/588603/manifest.json,301-0064,證治準繩,3
588604,https://www.digital.archives.go.jp/api/iiif/588604/manifest.json,301-0064,證治準繩,4
588489,https://www.digital.archives.go.jp/api/iiif/588489/manifest.json,301-0064,證治準繩,5
588271,https://www.digital.archives.go.jp/api/iiif/588271/manifest.json,301-0064,證治準繩,6
588606,https://www.digital.archives.go.jp/api/iiif/588606/manifest.json,301-0064,證治準繩,7
588607,https://www.digital.archives.go.jp/api/iiif/588607/manifest.json,301-0064,證治準繩,8
588273,https://www.digital.archives.go.jp/api/iiif/588273/manifest.json,301-0064,證治準繩,9
588608,https://www.digital.archives.go.jp/api/iiif/588608/manifest.json,301-0064,證治準繩,10
588610,https://www.digital.archives.go.jp/api/iiif/588610/manifest.json,301-0064,證治準繩,11
588609,https://www.digital.archives.go.jp/api/iiif/588609/manifest.json,301-0064,證治準繩,12
588274,https://www.digital.archives.go.jp/api/iiif/588274/manifest.json,301-0064,證治準繩,13
588490,https://www.digital.archives.go.jp/api/iiif/588490/manifest.json,301-0064,證治準繩,14
588611,https://www.digital.archives.go.jp/api/iiif/588611/manifest.json,301-0064,證治準繩,15
588276,https://www.digital.archives.go.jp/api/iiif/588276/manifest.json,301-0064,證治準繩,16
588612,https://www.digital.archives.go.jp/api/iiif/588612/manifest.json,301-0064,證治準繩,17
588615,https://www.digital.archives.go.jp/api/iiif/588615/manifest.json,301-0064,證治準繩,18
588614,https://www.digital.archives.go.jp/api/iiif/588614/manifest.json,301-0064,證治準繩,19
588488,https://www.digital.archives.go.jp/api/iiif/588488/manifest.json,301-0064,證治準繩,20
588275,https://www.digital.archives.go.jp/api/iiif/588275/manifest.json,301-0064,證治準繩,21
588613,https://www.digital.archives.go.jp/api/iiif/588613/manifest.json,301-0064,證治準繩,22
588616,https://www.digital.archives.go.jp/api/iiif/588616/manifest.json,301-0064,證治準繩,23
588279,https://www.digital.archives.go.jp/api/iiif/588279/manifest.json,301-0064,證治準繩,24
588723,https://www.digital.archives.go.jp/api/iiif/588723/manifest.json,301-0064,證治準繩,25
588724,https://www.digital.archives.go.jp/api/iiif/588724/manifest.json,301-0064,證治準繩,26
588725,https://www.digital.archives.go.jp/api/iiif/588725/manifest.json,301-0064,證治準繩,27
588278,https://www.digital.archives.go.jp/api/iiif/588278/manifest.json,301-0064,證治準繩,28
588492,https://www.digital.archives.go.jp/api/iiif/588492/manifest.json,301-0064,證治準繩,29
588726,https://www.digital.archives.go.jp/api/iiif/588726/manifest.json,301-0064,證治準繩,30
588727,https://www.digital.archives.go.jp/api/iiif/588727/manifest.json,301-0064,證治準繩,31
588728,https://www.digital.archives.go.jp/api/iiif/588728/manifest.json,301-0064,證治準繩,32
588729,https://www.digital.archives.go.jp/api/iiif/588729/manifest.json,301-0064,證治準繩,33
588491,https://www.digital.archives.go.jp/api/iiif/588491/manifest.json,301-0064,證治準繩,34
588277,https://www.digital.archives.go.jp/api/iiif/588277/manifest.json,301-0064,證治準繩,35
588731,https://www.digital.archives.go.jp/api/iiif/588731/manifest.json,301-0064,證治準繩,36
588730,https://www.digital.archives.go.jp/api/iiif/588730/manifest.json,301-0064,證治準繩,37
588280,https://www.digital.archives.go.jp/api/iiif/588280/manifest.json,301-0064,證治準繩,38
588734,https://www.digital.archives.go.jp/api/iiif/588734/manifest.json,301-0064,證治準繩,39
588732,https://www.digital.archives.go.jp/api/iiif/588732/manifest.json,301-0064,證治準繩,40
588733,https://www.digital.archives.go.jp/api/iiif/588733/manifest.json,301-0064,證治準繩,41
588281,https://www.digital.archives.go.jp/api/iiif/588281/manifest.json,301-0064,證治準繩,42
588493,https://www.digital.archives.go.jp/api/iiif/588493/manifest.json,301-0064,證治準繩,43
588735,https://www.digital.archives.go.jp/api/iiif/588735/manifest.json,301-0064,證治準繩,44
588282,https://www.digital.archives.go.jp/api/iiif/588282/manifest.json,301-0064,證治準繩,45
588737,https://www.digital.archives.go.jp/api/iiif/588737/manifest.json,301-0064,證治準繩,46
588736,https://www.digital.archives.go.jp/api/iiif/588736/manifest.json,301-0064,證治準繩,47
588738,https://www.digital.archives.go.jp/api/iiif/588738/manifest.json,301-0064,證治準繩,48
588495,https://www.digital.archives.go.jp/api/iiif/588495/manifest.json,301-0064,證治準繩,49
588283,https://www.digital.archives.go.jp/api/iiif/588283/manifest.json,301-0064,證治準繩,50
588853,https://www.digital.archives.go.jp/api/iiif/588853/manifest.json,301-0064,證治準繩,51
588852,https://www.digital.archives.go.jp/api/iiif/588852/manifest.json,301-0064,證治準繩,52
588380,https://www.digital.archives.go.jp/api/iiif/588380/manifest.json,301-0064,證治準繩,53
588856,https://www.digital.archives.go.jp/api/iiif/588856/manifest.json,301-0064,證治準繩,54
588854,https://www.digital.archives.go.jp/api/iiif/588854/manifest.json,301-0064,證治準繩,55
588855,https://www.digital.archives.go.jp/api/iiif/588855/manifest.json,301-0064,證治準繩,56
588379,https://www.digital.archives.go.jp/api/iiif/588379/manifest.json,301-0064,證治準繩,57
588857,https://www.digital.archives.go.jp/api/iiif/588857/manifest.json,301-0064,證治準繩,58
588494,https://www.digital.archives.go.jp/api/iiif/588494/manifest.json,301-0064,證治準繩,59
588858,https://www.digital.archives.go.jp/api/iiif/588858/manifest.json,301-0064,證治準繩,60
578506,https://www.digital.archives.go.jp/api/iiif/578506/manifest.json,301-0064,證治準繩,61
577083,https://www.digital.archives.go.jp/api/iiif/577083/manifest.json,301-0064,證治準繩,62
577082,https://www.digital.archives.go.jp/api/iiif/577082/manifest.json,301-0064,證治準繩,63
588382,https://www.digital.archives.go.jp/api/iiif/588382/manifest.json,301-0064,證治準繩,64
577084,https://www.digital.archives.go.jp/api/iiif/577084/manifest.json,301-0064,證治準繩,65
588496,https://www.digital.archives.go.jp/api/iiif/588496/manifest.json,301-0064,證治準繩,66
588381,https://www.digital.archives.go.jp/api/iiif/588381/manifest.json,301-0064,證治準繩,67
577085,https://www.digital.archives.go.jp/api/iiif/577085/manifest.json,301-0064,證治準繩,68
577087,https://www.digital.archives.go.jp/api/iiif/577087/manifest.json,301-0064,證治準繩,69
577088,https://www.digital.archives.go.jp/api/iiif/577088/manifest.json,301-0064,證治準繩,70
588384,https://www.digital.archives.go.jp/api/iiif/588384/manifest.json,301-0064,證治準繩,71
588498,https://www.digital.archives.go.jp/api/iiif/588498/manifest.json,301-0064,證治準繩,72
577086,https://www.digital.archives.go.jp/api/iiif/577086/manifest.json,301-0064,證治準繩,73
588383,https://www.digital.archives.go.jp/api/iiif/588383/manifest.json,301-0064,證治準繩,74
577090,https://www.digital.archives.go.jp/api/iiif/577090/manifest.json,301-0064,證治準繩,75
577089,https://www.digital.archives.go.jp/api/iiif/577089/manifest.json,301-0064,證治準繩,76
577093,https://www.digital.archives.go.jp/api/iiif/577093/manifest.json,301-0064,證治準繩,77
577092,https://www.digital.archives.go.jp/api/iiif/577092/manifest.json,301-0064,證治準繩,78
588385,https://www.digital.archives.go.jp/api/iiif/588385/manifest.json,301-0064,證治準繩,79
577091,https://www.digital.archives.go.jp/api/iiif/577091/manifest.json,301-0064,證治準繩,80
588497,https://www.digital.archives.go.jp/api/iiif/588497/manifest.json,301-0064,證治準繩,81
588386,https://www.digital.archives.go.jp/api/iiif/588386/manifest.json,301-0064,證治準繩,82
577094,https://www.digital.archives.go.jp/api/iiif/577094/manifest.json,301-0064,證治準繩,83
577095,https://www.digital.archives.go.jp/api/iiif/577095/manifest.json,301-0064,證治準繩,84
577180,https://www.digital.archives.go.jp/api/iiif/577180/manifest.json,301-0064,證治準繩,85
588387,https://www.digital.archives.go.jp/api/iiif/588387/manifest.json,301-0064,證治準繩,86
588499,https://www.digital.archives.go.jp/api/iiif/588499/manifest.json,301-0064,證治準繩,87
577181,https://www.digital.archives.go.jp/api/iiif/577181/manifest.json,301-0064,證治準繩,88
577096,https://www.digital.archives.go.jp/api/iiif/577096/manifest.json,301-0064,證治準繩,89
577183,https://www.digital.archives.go.jp/api/iiif/577183/manifest.json,301-0064,證治準繩,90
577182,https://www.digital.archives.go.jp/api/iiif/577182/manifest.json,301-0064,證治準繩,91
588500,https://www.digital.archives.go.jp/api/iiif/588500/manifest.json,301-0064,證治準繩,92
588389,https://www.digital.archives.go.jp/api/iiif/588389/manifest.json,301-0064,證治準繩,93
577184,https://www.digital.archives.go.jp/api/iiif/577184/manifest.json,301-0064,證治準繩,94
577185,https://www.digital.archives.go.jp/api/iiif/577185/manifest.json,301-0064,證治準繩,95
588388,https://www.digital.archives.go.jp/api/iiif/588388/manifest.json,301-0064,證治準繩,96
577186,https://www.digital.archives.go.jp/api/iiif/577186/manifest.json,301-0064,證治準繩,97
577187,https://www.digital.archives.go.jp/api/iiif/577187/manifest.json,301-0064,證治準繩,98
577188,https://www.digital.archives.go.jp/api/iiif/577188/manifest.json,301-0064,證治準繩,99
588390,https://www.digital.archives.go.jp/api/iiif/588390/manifest.json,301-0064,證治準繩,100
588501,https://www.digital.archives.go.jp/api/iiif/588501/manifest.json,301-0064,證治準繩,101
577189,https://www.digital.archives.go.jp/api/iiif/577189/manifest.json,301-0064,證治準繩,102
588392,https://www.digital.archives.go.jp/api/iiif/588392/manifest.json,301-0064,證治準繩,103
577190,https://www.digital.archives.go.jp/api/iiif/577190/manifest.json,301-0064,證治準繩,104
577192,https://www.digital.archives.go.jp/api/iiif/577192/manifest.json,301-0064,證治準繩,105
577191,https://www.digital.archives.go.jp/api/iiif/577191/manifest.json,301-0064,證治準繩,106
588502,https://www.digital.archives.go.jp/api/iiif/588502/manifest.json,301-0064,證治準繩,107
588391,https://www.digital.archives.go.jp/api/iiif/588391/manifest.json,301-0064,證治準繩,108
577193,https://www.digital.archives.go.jp/api/iiif/577193/manifest.json,301-0064,證治準繩,109
577194,https://www.digital.archives.go.jp/api/iiif/577194/manifest.json,301-0064,證治準繩,110
588393,https://www.digital.archives.go.jp/api/iiif/588393/manifest.json,301-0064,證治準繩,111
577308,https://www.digital.archives.go.jp/api/iiif/577308/manifest.json,301-0064,證治準繩,112
577306,https://www.digital.archives.go.jp/api/iiif/577306/manifest.json,301-0064,證治準繩,113
577309,https://www.digital.archives.go.jp/api/iiif/577309/manifest.json,301-0064,證治準繩,114
588487,https://www.digital.archives.go.jp/api/iiif/588487/manifest.json,301-0064,證治準繩,115
577311,https://www.digital.archives.go.jp/api/iiif/577311/manifest.json,301-0064,證治準繩,116
588602,https://www.digital.archives.go.jp/api/iiif/588602/manifest.json,301-0064,證治準繩,117
588601,https://www.digital.archives.go.jp/api/iiif/588601/manifest.json,301-0064,證治準繩,118
577307,https://www.digital.archives.go.jp/api/iiif/577307/manifest.json,301-0064,證治準繩,119
577310,https://www.digital.archives.go.jp/api/iiif/577310/manifest.json,301-0064,證治準繩,120
4915710,https://www.digital.archives.go.jp/api/iiif/4915710/manifest.json,302-0132,醫方類聚,2
4915713,https://www.digital.archives.go.jp/api/iiif/4915713/manifest.json,302-0132,醫方類聚,5
4915739,https://www.digital.archives.go.jp/api/iiif/4915739/manifest.json,302-0132,醫方類聚,31
4915752,https://www.digital.archives.go.jp/api/iiif/4915752/manifest.json,302-0132,醫方類聚,44
4915799,https://www.digital.archives.go.jp/api/iiif/4915799/manifest.json,302-0132,醫方類聚,91
4915810,https://www.digital.archives.go.jp/api/iiif/4915810/manifest.json,302-0132,醫方類聚,102
4915813,https://www.digital.archives.go.jp/api/iiif/4915813/manifest.json,302-0132,醫方類聚,105
4915814,https://www.digital.archives.go.jp/api/iiif/4915814/manifest.json,302-0132,醫方類聚,106
4915839,https://www.digital.archives.go.jp/api/iiif/4915839/manifest.json,302-0132,醫方類聚,131
4915867,https://www.digital.archives.go.jp/api/iiif/4915867/manifest.json,302-0132,醫方類聚,159
4915895,https://www.digital.archives.go.jp/api/iiif/4915895/manifest.json,302-0133,醫方類聚,6
4915896,https://www.digital.archives.go.jp/api/iiif/4915896/manifest.json,302-0133,醫方類聚,7
4915910,https://www.digital.archives.go.jp/api/iiif/4915910/manifest.json,302-0133,醫方類聚,21
4915913,https://www.digital.archives.go.jp/api/iiif/4915913/manifest.json,302-0133,醫方類聚,24
4915939,https://www.digital.archives.go.jp/api/iiif/4915939/manifest.json,302-0133,醫方類聚,50
4915999,https://www.digital.archives.go.jp/api/iiif/4915999/manifest.json,302-0133,醫方類聚,110
4916010,https://www.digital.archives.go.jp/api/iiif/4916010/manifest.json,302-0133,醫方類聚,121
4916013,https://www.digital.archives.go.jp/api/iiif/4916013/manifest.json,302-0133,醫方類聚,124
4916039,https://www.digital.archives.go.jp/api/iiif/4916039/manifest.json,302-0133,醫方類聚,150
4916041,https://www.digital.archives.go.jp/api/iiif/4916041/manifest.json,302-0133,醫方類聚,152
4916099,https://www.digital.archives.go.jp/api/iiif/4916099/manifest.json,302-0133,醫方類聚,210
4916139,https://www.digital.archives.go.jp/api/iiif/4916139/manifest.json,302-0133,醫方類聚,250
4916152,https://www.digital.archives.go.jp/api/iiif/4916152/manifest.json,302-0133,醫方類聚,263
4916165,https://www.digital.archives.go.jp/api/iiif/4916165/manifest.json,303-0001,醫方類聚,12
4916166,https://www.digital.archives.go.jp/api/iiif/4916166/manifest.json,303-0001,醫方類聚,13
4916167,https://www.digital.archives.go.jp/api/iiif/4916167/manifest.json,303-0001,醫方類聚,14
4916168,https://www.digital.archives.go.jp/api/iiif/4916168/manifest.json,303-0001,醫方類聚,15
4916169,https://www.digital.archives.go.jp/api/iiif/4916169/manifest.json,303-0001,醫方類聚,16
4916170,https://www.digital.archives.go.jp/api/iiif/4916170/manifest.json,303-0001,醫方類聚,17
4916171,https://www.digital.archives.go.jp/api/iiif/4916171/manifest.json,303-0001,醫方類聚,18
4916172,https://www.digital.archives.go.jp/api/iiif/4916172/manifest.json,303-0001,醫方類聚,19
4916173,https://www.digital.archives.go.jp/api/iiif/4916173/manifest.json,303-0001,醫方類聚,20
4916174,https://www.digital.archives.go.jp/api/iiif/4916174/manifest.json,303-0001,醫方類聚,21
4916175,https://www.digital.archives.go.jp/api/iiif/4916175/manifest.json,303-0001,醫方類聚,22
4916176,https://www.digital.archives.go.jp/api/iiif/4916176/manifest.json,303-0001,醫方類聚,23
4916177,https://www.digital.archives.go.jp/api/iiif/4916177/manifest.json,303-0001,醫方類聚,24
4916178,https://www.digital.archives.go.jp/api/iiif/4916178/manifest.json,303-0001,醫方類聚,25
4916179,https://www.digital.archives.go.jp/api/iiif/4916179/manifest.json,303-0001,醫方類聚,26
4916180,https://www.digital.archives.go.jp/api/iiif/4916180/manifest.json,303-0001,醫方類聚,27
4916181,https://www.digital.archives.go.jp/api/iiif/4916181/manifest.json,303-0001,醫方類聚,28
4916182,https://www.digital.archives.go.jp/api/iiif/4916182/manifest.json,303-0001,醫方類聚,29
4916183,https://www.digital.archives.go.jp/api/iiif/4916183/manifest.json,303-0001,醫方類聚,30
4916184,https://www.digital.archives.go.jp/api/iiif/4916184/manifest.json,303-0001,醫方類聚,31
4916185,https://www.digital.archives.go.jp/api/iiif/4916185/manifest.json,303-0001,醫方類聚,32
4916186,https://www.digital.archives.go.jp/api/iiif/4916186/manifest.json,303-0001,醫方類聚,33
4916187,https://www.digital.archives.go.jp/api/iiif/4916187/manifest.json,303-0001,醫方類聚,34
4916188,https://www.digital.archives.go.jp/api/iiif/4916188/manifest.json,303-0001,醫方類聚,35
4916189,https://www.digital.archives.go.jp/api/iiif/4916189/manifest.json,303-0001,醫方類聚,36
4916190,https://www.digital.archives.go.jp/api/iiif/4916190/manifest.json,303-0001,醫方類聚,37
4916191,https://www.digital.archives.go.jp/api/iiif/4916191/manifest.json,303-0001,醫方類聚,38
4916192,https://www.digital.archives.go.jp/api/iiif/4916192/manifest.json,303-0001,醫方類聚,39
4916193,https://www.digital.archives.go.jp/api/iiif/4916193/manifest.json,303-0001,醫方類聚,40
4916194,https://www.digital.archives.go.jp/api/iiif/4916194/manifest.json,303-0001,醫方類聚,41
4916195,https://www.digital.archives.go.jp/api/iiif/4916195/manifest.json,303-0001,醫方類聚,42
4916196,https://www.digital.archives.go.jp/api/iiif/4916196/manifest.json,303-0001,醫方類聚,43
4916197,https://www.digital.archives.go.jp/api/iiif/4916197/manifest.json,303-0001,醫方類聚,44
4916198,https://www.digital.archives.go.jp/api/iiif/4916198/manifest.json,303-0001,醫方類聚,45
4916199,https://www.digital.archives.go.jp/api/iiif/4916199/manifest.json,303-0001,醫方類聚,46
4916200,https://www.digital.archives.go.jp/api/iiif/4916200/manifest.json,303-0001,醫方類聚,47
4916201,https://www.digital.archives.go.jp/api/iiif/4916201/manifest.json,303-0001,醫方類聚,48
4916202,https://www.digital.archives.go.jp/api/iiif/4916202/manifest.json,303-0001,醫方類聚,49
4916203,https://www.digital.archives.go.jp/api/iiif/4916203/manifest.json,303-0001,醫方類聚,50
4916204,https://www.digital.archives.go.jp/api/iiif/4916204/manifest.json,303-0001,醫方類聚,51
4916205,https://www.digital.archives.go.jp/api/iiif/4916205/manifest.json,303-0001,醫方類聚,52
4916206,https://www.digital.archives.go.jp/api/iiif/4916206/manifest.json,303-0001,醫方類聚,53
4916207,https://www.digital.archives.go.jp/api/iiif/4916207/manifest.json,303-0001,醫方類聚,54
4916208,https://www.digital.archives.go.jp/api/iiif/4916208/manifest.json,303-0001,醫方類聚,55
4916209,https://www.digital.archives.go.jp/api/iiif/4916209/manifest.json,303-0001,醫方類聚,56
4916210,https://www.digital.archives.go.jp/api/iiif/4916210/manifest.json,303-0001,醫方類聚,57
4916211,https://www.digital.archives.go.jp/api/iiif/4916211/manifest.json,303-0001,醫方類聚,58
4916212,https://www.digital.archives.go.jp/api/iiif/4916212/manifest.json,303-0001,醫方類聚,59
4916213,https://www.digital.archives.go.jp/api/iiif/4916213/manifest.json,303-0001,醫方類聚,60
4916214,https://www.digital.archives.go.jp/api/iiif/4916214/manifest.json,303-0001,醫方類聚,61
4916215,https://www.digital.archives.go.jp/api/iiif/4916215/manifest.json,303-0001,醫方類聚,62
4916216,https://www.digital.archives.go.jp/api/iiif/4916216/manifest.json,303-0001,醫方類聚,63
4916217,https://www.digital.archives.go.jp/api/iiif/4916217/manifest.json,303-0001,醫方類聚,64
4916218,https://www.digital.archives.go.jp/api/iiif/4916218/manifest.json,303-0001,醫方類聚,65
4916219,https://www.digital.archives.go.jp/api/iiif/4916219/manifest.json,303-0001,醫方類聚,66
4916220,https://www.digital.archives.go.jp/api/iiif/4916220/manifest.json,303-0001,醫方類聚,67
4916221,https://www.digital.archives.go.jp/api/iiif/4916221/manifest.json,303-0001,醫方類聚,68
4916222,https://www.digital.archives.go.jp/api/iiif/4916222/manifest.json,303-0001,醫方類聚,69
4916223,https://www.digital.archives.go.jp/api/iiif/4916223/manifest.json,303-0001,醫方類聚,70
4916224,https://www.digital.archives.go.jp/api/iiif/4916224/manifest.json,303-0001,醫方類聚,71
4916225,https://www.digital.archives.go.jp/api/iiif/4916225/manifest.json,303-0001,醫方類聚,72
4916226,https://www.digital.archives.go.jp/api/iiif/4916226/manifest.json,303-0001,醫方類聚,73
4916227,https://www.digital.archives.go.jp/api/iiif/4916227/manifest.json,303-0001,醫方類聚,74
4916228,https://www.digital.archives.go.jp/api/iiif/4916228/manifest.json,303-0001,醫方類聚,75
4916229,https://www.digital.archives.go.jp/api/iiif/4916229/manifest.json,303-0001,醫方類聚,76
4916230,https://www.digital.archives.go.jp/api/iiif/4916230/manifest.json,303-0001,醫方類聚,77
4916231,https://www.digital.archives.go.jp/api/iiif/4916231/manifest.json,303-0001,醫方類聚,78
4916232,https://www.digital.archives.go.jp/api/iiif/4916232/manifest.json,303-0001,醫方類聚,79
4916233,https://www.digital.archives.go.jp/api/iiif/4916233/manifest.json,303-0001,醫方類聚,80
4916234,https://www.digital.archives.go.jp/api/iiif/4916234/manifest.json,303-0001,醫方類聚,81
4916235,https://www.digital.archives.go.jp/api/iiif/4916235/manifest.json,303-0001,醫方類聚,82
4916236,https://www.digital.archives.go.jp/api/iiif/4916236/manifest.json,303-0001,醫方類聚,83
4916237,https://www.digital.archives.go.jp/api/iiif/4916237/manifest.json,303-0001,醫方類聚,84
4916238,https://www.digital.archives.go.jp/api/iiif/4916238/manifest.json,303-0001,醫方類聚,85
4916239,https://www.digital.archives.go.jp/api/iiif/4916239/manifest.json,303-0001,醫方類聚,86
4916240,https://www.digital.archives.go.jp/api/iiif/4916240/manifest.json,303-0001,醫方類聚,87
4916241,https://www.digital.archives.go.jp/api/iiif/4916241/manifest.json,303-0001,醫方類聚,88
4916242,https://www.digital.archives.go.jp/api/iiif/4916242/manifest.json,303-0001,醫方類聚,89
4916243,https://www.digital.archives.go.jp/api/iiif/4916243/manifest.json,303-0001,醫方類聚,90
4916244,https://www.digital.archives.go.jp/api/iiif/4916244/manifest.json,303-0001,醫方類聚,91
4916245,https://www.digital.archives.go.jp/api/iiif/4916245/manifest.json,303-0001,醫方類聚,92
4916246,https://www.digital.archives.go.jp/api/iiif/4916246/manifest.json,303-0001,醫方類聚,93
4916247,https://www.digital.archives.go.jp/api/iiif/4916247/manifest.json,303-0001,醫方類聚,94
4916248,https://www.digital.archives.go.jp/api/iiif/4916248/manifest.json,303-0001,醫方類聚,95
4916249,https://www.digital.archives.go.jp/api/iiif/4916249/manifest.json,303-0001,醫方類聚,96
4916250,https://www.digital.archives.go.jp/api/iiif/4916250/manifest.json,303-0001,醫方類聚,97
4916251,https://www.digital.archives.go.jp/api/iiif/4916251/manifest.json,303-0001,醫方類聚,98
4916252,https://www.digital.archives.go.jp/api/iiif/4916252/manifest.json,303-0001,醫方類聚,99
4916262,https://www.digital.archives.go.jp/api/iiif/4916262/manifest.json,303-0001,醫方類聚,109
4916270,https://www.digital.archives.go.jp/api/iiif/4916270/manifest.json,303-0001,醫方類聚,117
4916271,https://www.digital.archives.go.jp/api/iiif/4916271/manifest.json,303-0001,醫方類聚,118
4916273,https://www.digital.archives.go.jp/api/iiif/4916273/manifest.json,303-0001,醫方類聚,120
4916274,https://www.digital.archives.go.jp/api/iiif/4916274/manifest.json,303-0001,醫方類聚,121
4916277,https://www.digital.archives.go.jp/api/iiif/4916277/manifest.json,303-0001,醫方類聚,124
4916278,https://www.digital.archives.go.jp/api/iiif/4916278/manifest.json,303-0001,醫方類聚,125
4916281,https://www.digital.archives.go.jp/api/iiif/4916281/manifest.json,303-0001,醫方類聚,128
4916282,https://www.digital.archives.go.jp/api/iiif/4916282/manifest.json,303-0001,醫方類聚,129
4916284,https://www.digital.archives.go.jp/api/iiif/4916284/manifest.json,303-0001,醫方類聚,131
4916285,https://www.digital.archives.go.jp/api/iiif/4916285/manifest.json,303-0001,醫方類聚,132
4916288,https://www.digital.archives.go.jp/api/iiif/4916288/manifest.json,303-0001,醫方類聚,135
4916289,https://www.digital.archives.go.jp/api/iiif/4916289/manifest.json,303-0001,醫方類聚,136
4916292,https://www.digital.archives.go.jp/api/iiif/4916292/manifest.json,303-0001,醫方類聚,139
4916295,https://www.digital.archives.go.jp/api/iiif/4916295/manifest.json,303-0001,醫方類聚,142
4916296,https://www.digital.archives.go.jp/api/iiif/4916296/manifest.json,303-0001,醫方類聚,143
4916299,https://www.digital.archives.go.jp/api/iiif/4916299/manifest.json,303-0001,醫方類聚,146
4916300,https://www.digital.archives.go.jp/api/iiif/4916300/manifest.json,303-0001,醫方類聚,147
4916301,https://www.digital.archives.go.jp/api/iiif/4916301/manifest.json,303-0001,醫方類聚,148
4916303,https://www.digital.archives.go.jp/api/iiif/4916303/manifest.json,303-0001,醫方類聚,150
4916304,https://www.digital.archives.go.jp/api/iiif/4916304/manifest.json,303-0001,醫方類聚,151
4916307,https://www.digital.archives.go.jp/api/iiif/4916307/manifest.json,303-0001,醫方類聚,154
4916308,https://www.digital.archives.go.jp/api/iiif/4916308/manifest.json,303-0001,醫方類聚,155
4916310,https://www.digital.archives.go.jp/api/iiif/4916310/manifest.json,303-0001,醫方類聚,157
4916312,https://www.digital.archives.go.jp/api/iiif/4916312/manifest.json,303-0001,醫方類聚,159
4916313,https://www.digital.archives.go.jp/api/iiif/4916313/manifest.json,303-0001,醫方類聚,160
4916314,https://www.digital.archives.go.jp/api/iiif/4916314/manifest.json,303-0001,醫方類聚,161
4916317,https://www.digital.archives.go.jp/api/iiif/4916317/manifest.json,303-0001,醫方類聚,164
4916318,https://www.digital.archives.go.jp/api/iiif/4916318/manifest.json,303-0001,醫方類聚,165
4916321,https://www.digital.archives.go.jp/api/iiif/4916321/manifest.json,303-0001,醫方類聚,168
4916322,https://www.digital.archives.go.jp/api/iiif/4916322/manifest.json,303-0001,醫方類聚,169
4916324,https://www.digital.archives.go.jp/api/iiif/4916324/manifest.json,303-0001,醫方類聚,171
4916325,https://www.digital.archives.go.jp/api/iiif/4916325/manifest.json,303-0001,醫方類聚,172
4916328,https://www.digital.archives.go.jp/api/iiif/4916328/manifest.json,303-0001,醫方類聚,175
4916329,https://www.digital.archives.go.jp/api/iiif/4916329/manifest.json,303-0001,醫方類聚,176
4916332,https://www.digital.archives.go.jp/api/iiif/4916332/manifest.json,303-0001,醫方類聚,179
4916335,https://www.digital.archives.go.jp/api/iiif/4916335/manifest.json,303-0001,醫方類聚,182
4916336,https://www.digital.archives.go.jp/api/iiif/4916336/manifest.json,303-0001,醫方類聚,183
4916339,https://www.digital.archives.go.jp/api/iiif/4916339/manifest.json,303-0001,醫方類聚,186
4916340,https://www.digital.archives.go.jp/api/iiif/4916340/manifest.json,303-0001,醫方類聚,187
4916341,https://www.digital.archives.go.jp/api/iiif/4916341/manifest.json,303-0001,醫方類聚,188
4916343,https://www.digital.archives.go.jp/api/iiif/4916343/manifest.json,303-0001,醫方類聚,190
4916344,https://www.digital.archives.go.jp/api/iiif/4916344/manifest.json,303-0001,醫方類聚,191
4916347,https://www.digital.archives.go.jp/api/iiif/4916347/manifest.json,303-0001,醫方類聚,194
4916348,https://www.digital.archives.go.jp/api/iiif/4916348/manifest.json,303-0001,醫方類聚,195
4916351,https://www.digital.archives.go.jp/api/iiif/4916351/manifest.json,303-0001,醫方類聚,198
4916352,https://www.digital.archives.go.jp/api/iiif/4916352/manifest.json,303-0001,醫方類聚,199
4916354,https://www.digital.archives.go.jp/api/iiif/4916354/manifest.json,303-0001,醫方類聚,201
4916355,https://www.digital.archives.go.jp/api/iiif/4916355/manifest.json,303-0001,醫方類聚,202
4916358,https://www.digital.archives.go.jp/api/iiif/4916358/manifest.json,303-0001,醫方類聚,205
4916359,https://www.digital.archives.go.jp/api/iiif/4916359/manifest.json,303-0001,醫方類聚,206
4916362,https://www.digital.archives.go.jp/api/iiif/4916362/manifest.json,303-0001,醫方類聚,209
4916365,https://www.digital.archives.go.jp/api/iiif/4916365/manifest.json,303-0001,醫方類聚,212
4916366,https://www.digital.archives.go.jp/api/iiif/4916366/manifest.json,303-0001,醫方類聚,213
4916369,https://www.digital.archives.go.jp/api/iiif/4916369/manifest.json,303-0001,醫方類聚,216
4916370,https://www.digital.archives.go.jp/api/iiif/4916370/manifest.json,303-0001,醫方類聚,217
4916373,https://www.digital.archives.go.jp/api/iiif/4916373/manifest.json,303-0001,醫方類聚,220
4916376,https://www.digital.archives.go.jp/api/iiif/4916376/manifest.json,303-0001,醫方類聚,223
4916377,https://www.digital.archives.go.jp/api/iiif/4916377/manifest.json,303-0001,醫方類聚,224
4916380,https://www.digital.archives.go.jp/api/iiif/4916380/manifest.json,303-0001,醫方類聚,227
4916381,https://www.digital.archives.go.jp/api/iiif/4916381/manifest.json,303-0001,醫方類聚,228
4916383,https://www.digital.archives.go.jp/api/iiif/4916383/manifest.json,303-0001,醫方類聚,230
4916384,https://www.digital.archives.go.jp/api/iiif/4916384/manifest.json,303-0001,醫方類聚,231
4916387,https://www.digital.archives.go.jp/api/iiif/4916387/manifest.json,303-0001,醫方類聚,234
4916388,https://www.digital.archives.go.jp/api/iiif/4916388/manifest.json,303-0001,醫方類聚,235
4916391,https://www.digital.archives.go.jp/api/iiif/4916391/manifest.json,303-0001,醫方類聚,238
4916392,https://www.digital.archives.go.jp/api/iiif/4916392/manifest.json,303-0001,醫方類聚,239
4916394,https://www.digital.archives.go.jp/api/iiif/4916394/manifest.json,303-0001,醫方類聚,241
4916395,https://www.digital.archives.go.jp/api/iiif/4916395/manifest.json,303-0001,醫方類聚,242
4916398,https://www.digital.archives.go.jp/api/iiif/4916398/manifest.json,303-0001,醫方類聚,245
4916399,https://www.digital.archives.go.jp/api/iiif/4916399/manifest.json,303-0001,醫方類聚,246
4916400,https://www.digital.archives.go.jp/api/iiif/4916400/manifest.json,303-0001,醫方類聚,247
4916403,https://www.digital.archives.go.jp/api/iiif/4916403/manifest.json,303-0001,醫方類聚,250
4916406,https://www.digital.archives.go.jp/api/iiif/4916406/manifest.json,303-0001,醫方類聚,253
4916407,https://www.digital.archives.go.jp/api/iiif/4916407/manifest.json,303-0001,醫方類聚,254
4916408,https://www.digital.archives.go.jp/api/iiif/4916408/manifest.json,303-0001,醫方類聚,255
4916411,https://www.digital.archives.go.jp/api/iiif/4916411/manifest.json,303-0001,醫方類聚,258
4916412,https://www.digital.archives.go.jp/api/iiif/4916412/manifest.json,303-0001,醫方類聚,259
4916414,https://www.digital.archives.go.jp/api/iiif/4916414/manifest.json,303-0001,醫方類聚,261
4916415,https://www.digital.archives.go.jp/api/iiif/4916415/manifest.json,303-0001,醫方類聚,262
1075756,https://www.digital.archives.go.jp/api/iiif/1075756/manifest.json,303-0019,救溺死烟毒編,1
1083812,https://www.digital.archives.go.jp/api/iiif/1083812/manifest.json,303-0121,新刊廣成先生玉函經解,1
1084169,https://www.digital.archives.go.jp/api/iiif/1084169/manifest.json,304-0014,顱顖經,1
1079575,https://www.digital.archives.go.jp/api/iiif/1079575/manifest.json,304-0033,保童水鑑,1
1075722,https://www.digital.archives.go.jp/api/iiif/1075722/manifest.json,304-0182,小易賦,1
1076541,https://www.digital.archives.go.jp/api/iiif/1076541/manifest.json,305-0008,灌園草木識,1
1076546,https://www.digital.archives.go.jp/api/iiif/1076546/manifest.json,305-0013,劉涓子鬼遺方,1
1078229,https://www.digital.archives.go.jp/api/iiif/1078229/manifest.json,305-0024,易簡方,1
1076647,https://www.digital.archives.go.jp/api/iiif/1076647/manifest.json,305-0029,易簡方,1
1076646,https://www.digital.archives.go.jp/api/iiif/1076646/manifest.json,305-0030,易簡方,1
1076739,https://www.digital.archives.go.jp/api/iiif/1076739/manifest.json,305-0059,五臟方,1
1078451,https://www.digital.archives.go.jp/api/iiif/1078451/manifest.json,305-0092,炮炙大法,1
1078280,https://www.digital.archives.go.jp/api/iiif/1078280/manifest.json,305-0111,惠民正方,1
1077082,https://www.digital.archives.go.jp/api/iiif/1077082/manifest.json,305-0112,惠民正方,1
1077081,https://www.digital.archives.go.jp/api/iiif/1077081/manifest.json,305-0113,惠民正方,1
1084017,https://www.digital.archives.go.jp/api/iiif/1084017/manifest.json,305-0116,新刊魯府禁方,1
1077085,https://www.digital.archives.go.jp/api/iiif/1077085/manifest.json,305-0117,新刊魯府禁方,1
1084010,https://www.digital.archives.go.jp/api/iiif/1084010/manifest.json,305-0133,慈惠方,1
1077093,https://www.digital.archives.go.jp/api/iiif/1077093/manifest.json,305-0134,慈惠方,1
1080053,https://www.digital.archives.go.jp/api/iiif/1080053/manifest.json,305-0137,祕傳加減十三方,1
1080054,https://www.digital.archives.go.jp/api/iiif/1080054/manifest.json,305-0140,校增救急易方,1
1078232,https://www.digital.archives.go.jp/api/iiif/1078232/manifest.json,305-0142,拯急遺方,1
1084023,https://www.digital.archives.go.jp/api/iiif/1084023/manifest.json,305-0143,虺後方,1
1078278,https://www.digital.archives.go.jp/api/iiif/1078278/manifest.json,305-0144,羣書鈔方,1
1077216,https://www.digital.archives.go.jp/api/iiif/1077216/manifest.json,305-0150,新刻官板祕傳加減十三方,1
1077220,https://www.digital.archives.go.jp/api/iiif/1077220/manifest.json,305-0156,程氏釋方,1
1084032,https://www.digital.archives.go.jp/api/iiif/1084032/manifest.json,305-0171,見宜先生主方集,1
1078345,https://www.digital.archives.go.jp/api/iiif/1078345/manifest.json,305-0173,製大黃丸方,1
1078129,https://www.digital.archives.go.jp/api/iiif/1078129/manifest.json,305-0188,萬全備急續方,1
1078346,https://www.digital.archives.go.jp/api/iiif/1078346/manifest.json,305-0193,奇疾方,1
1084043,https://www.digital.archives.go.jp/api/iiif/1084043/manifest.json,305-0197,急救仙方,1
1084106,https://www.digital.archives.go.jp/api/iiif/1084106/manifest.json,305-0199,攷事撮要,1
1075653,https://www.digital.archives.go.jp/api/iiif/1075653/manifest.json,305-0207,天經或問,1
1075655,https://www.digital.archives.go.jp/api/iiif/1075655/manifest.json,305-0215,步天歌,1
1075731,https://www.digital.archives.go.jp/api/iiif/1075731/manifest.json,305-0216,重刻革象新書,1
1084432,https://www.digital.archives.go.jp/api/iiif/1084432/manifest.json,305-0226,三家測量合訂,1
1075986,https://www.digital.archives.go.jp/api/iiif/1075986/manifest.json,305-0230,割圓八線互求法,1
1084238,https://www.digital.archives.go.jp/api/iiif/1084238/manifest.json,305-0232,句股六術,1
1075992,https://www.digital.archives.go.jp/api/iiif/1075992/manifest.json,305-0239,揚子太玄經,1
1075994,https://www.digital.archives.go.jp/api/iiif/1075994/manifest.json,305-0242,潛虛,1
3611223,https://www.digital.archives.go.jp/api/iiif/3611223/manifest.json,305-0259,重刻天文祕略,1
3611224,https://www.digital.archives.go.jp/api/iiif/3611224/manifest.json,305-0263,重訂校正魁板句解消砂經節圖地理訣要雪心賦,1
1084440,https://www.digital.archives.go.jp/api/iiif/1084440/manifest.json,305-0268,青囊天機奧旨,1
1084261,https://www.digital.archives.go.jp/api/iiif/1084261/manifest.json,305-0273,羅經解祕傳,1
1084550,https://www.digital.archives.go.jp/api/iiif/1084550/manifest.json,305-0279,新刊應驗天機易卦通神,1
3610908,https://www.digital.archives.go.jp/api/iiif/3610908/manifest.json,305-0291,古今識鑑,1
1084555,https://www.digital.archives.go.jp/api/iiif/1084555/manifest.json,305-0296,子平管見集解,1
3611558,https://www.digital.archives.go.jp/api/iiif/3611558/manifest.json,306-0307,新增鷹鶻方,1
1077035,https://www.digital.archives.go.jp/api/iiif/1077035/manifest.json,306-0311,新增鷹鶻方,1
1077034,https://www.digital.archives.go.jp/api/iiif/1077034/manifest.json,306-0312,古本鷹鶻方,1
1077745,https://www.digital.archives.go.jp/api/iiif/1077745/manifest.json,306-0313,新增鷹鶻方,1
1077037,https://www.digital.archives.go.jp/api/iiif/1077037/manifest.json,306-0314,新增鷹鶻方,1
3610687,https://www.digital.archives.go.jp/api/iiif/3610687/manifest.json,309-0203,大方廣圓覺修多羅了義經,1
1078274,https://www.digital.archives.go.jp/api/iiif/1078274/manifest.json,311-0125,耶蘇門徒金針,1
1078523,https://www.digital.archives.go.jp/api/iiif/1078523/manifest.json,311-0126,耶蘇門徒金針,1
1078203,https://www.digital.archives.go.jp/api/iiif/1078203/manifest.json,312-0312,航海金針,1
4498707,https://www.digital.archives.go.jp/api/iiif/4498707/manifest.json,196-0051,鐫棲霞室居士西方疑諍,1
636611,https://www.digital.archives.go.jp/api/iiif/636611/manifest.json,196-0051,鐫棲霞室居士西方疑諍,2
4918425,https://www.digital.archives.go.jp/api/iiif/4918425/manifest.json,305-0012,寓意草,1
4918426,https://www.digital.archives.go.jp/api/iiif/4918426/manifest.json,305-0012,寓意草,2
4918649,https://www.digital.archives.go.jp/api/iiif/4918649/manifest.json,305-0047,新刊續添是齋百一選方,1
4918650,https://www.digital.archives.go.jp/api/iiif/4918650/manifest.json,305-0047,新刊續添是齋百一選方,2
4772169,https://www.digital.archives.go.jp/api/iiif/4772169/manifest.json,305-0141,新增救急易方,1
4772170,https://www.digital.archives.go.jp/api/iiif/4772170/manifest.json,305-0141,新增救急易方,2
4918872,https://www.digital.archives.go.jp/api/iiif/4918872/manifest.json,305-0155,金鏡內臺方議,1
4918873,https://www.digital.archives.go.jp/api/iiif/4918873/manifest.json,305-0155,金鏡內臺方議,2
4772179,https://www.digital.archives.go.jp/api/iiif/4772179/manifest.json,305-0159,菉竹堂簡便諸方,1
4772180,https://www.digital.archives.go.jp/api/iiif/4772180/manifest.json,305-0159,菉竹堂簡便諸方,2
4918892,https://www.digital.archives.go.jp/api/iiif/4918892/manifest.json,305-0164,時方歌括,1
4918893,https://www.digital.archives.go.jp/api/iiif/4918893/manifest.json,305-0164,時方歌括,2
4918894,https://www.digital.archives.go.jp/api/iiif/4918894/manifest.json,305-0165,時方歌括,1
4918895,https://www.digital.archives.go.jp/api/iiif/4918895/manifest.json,305-0165,時方歌括,2
4918987,https://www.digital.archives.go.jp/api/iiif/4918987/manifest.json,305-0182,祕方集驗,1
4918988,https://www.digital.archives.go.jp/api/iiif/4918988/manifest.json,305-0182,祕方集驗,2
4918995,https://www.digital.archives.go.jp/api/iiif/4918995/manifest.json,305-0185,濟人寶笈,1
4918996,https://www.digital.archives.go.jp/api/iiif/4918996/manifest.json,305-0185,濟人寶笈,2
4919040,https://www.digital.archives.go.jp/api/iiif/4919040/manifest.json,305-0208,校正天經或問,1
4919041,https://www.digital.archives.go.jp/api/iiif/4919041/manifest.json,305-0208,校正天經或問,2
4919042,https://www.digital.archives.go.jp/api/iiif/4919042/manifest.json,305-0209,天經或問,1
4919043,https://www.digital.archives.go.jp/api/iiif/4919043/manifest.json,305-0209,天經或問,2
3743460,https://www.digital.archives.go.jp/api/iiif/3743460/manifest.json,305-0210,革節巵言,1
3742835,https://www.digital.archives.go.jp/api/iiif/3742835/manifest.json,305-0210,革節巵言,2
4919061,https://www.digital.archives.go.jp/api/iiif/4919061/manifest.json,305-0219,皇朝儀器圖式,1
4919062,https://www.digital.archives.go.jp/api/iiif/4919062/manifest.json,305-0219,皇朝儀器圖式,2
4919063,https://www.digital.archives.go.jp/api/iiif/4919063/manifest.json,305-0220,渾蓋通憲圖說,1
4919064,https://www.digital.archives.go.jp/api/iiif/4919064/manifest.json,305-0220,渾蓋通憲圖說,2
4919095,https://www.digital.archives.go.jp/api/iiif/4919095/manifest.json,305-0231,星土釋,1
4919096,https://www.digital.archives.go.jp/api/iiif/4919096/manifest.json,305-0231,星土釋,2
4772197,https://www.digital.archives.go.jp/api/iiif/4772197/manifest.json,305-0234,揚子太玄經,1
4772198,https://www.digital.archives.go.jp/api/iiif/4772198/manifest.json,305-0234,揚子太玄經,2
3671930,https://www.digital.archives.go.jp/api/iiif/3671930/manifest.json,305-0235,集註太玄經,1
3671931,https://www.digital.archives.go.jp/api/iiif/3671931/manifest.json,305-0235,集註太玄經,2
3671981,https://www.digital.archives.go.jp/api/iiif/3671981/manifest.json,305-0251,重刻校增武候八門神書,1
3671982,https://www.digital.archives.go.jp/api/iiif/3671982/manifest.json,305-0251,重刻校增武候八門神書,2
4919158,https://www.digital.archives.go.jp/api/iiif/4919158/manifest.json,305-0262,地理四彈子,1
4919159,https://www.digital.archives.go.jp/api/iiif/4919159/manifest.json,305-0262,地理四彈子,2
3671436,https://www.digital.archives.go.jp/api/iiif/3671436/manifest.json,305-0270,新鐫工師雕斲正式魯班木經匠家鏡,1
3671437,https://www.digital.archives.go.jp/api/iiif/3671437/manifest.json,305-0270,新鐫工師雕斲正式魯班木經匠家鏡,2
4772276,https://www.digital.archives.go.jp/api/iiif/4772276/manifest.json,305-0278,易林補遺,1
4772277,https://www.digital.archives.go.jp/api/iiif/4772277/manifest.json,305-0278,易林補遺,2
4919170,https://www.digital.archives.go.jp/api/iiif/4919170/manifest.json,305-0287,三世相,1
4919171,https://www.digital.archives.go.jp/api/iiif/4919171/manifest.json,305-0287,三世相,2
4919177,https://www.digital.archives.go.jp/api/iiif/4919177/manifest.json,305-0294,重選三世相,1
4919178,https://www.digital.archives.go.jp/api/iiif/4919178/manifest.json,305-0294,重選三世相,2
4762469,https://www.digital.archives.go.jp/api/iiif/4762469/manifest.json,311-0277,新刊京本全真宗眼方外玄言,1
4762470,https://www.digital.archives.go.jp/api/iiif/4762470/manifest.json,311-0277,新刊京本全真宗眼方外玄言,2
4918413,https://www.digital.archives.go.jp/api/iiif/4918413/manifest.json,305-0010,葛仙翁肘後備急方,2
4918414,https://www.digital.archives.go.jp/api/iiif/4918414/manifest.json,305-0010,葛仙翁肘後備急方,3
4918427,https://www.digital.archives.go.jp/api/iiif/4918427/manifest.json,305-0014,寓意草,1
4918428,https://www.digital.archives.go.jp/api/iiif/4918428/manifest.json,305-0014,寓意草,2
4918429,https://www.digital.archives.go.jp/api/iiif/4918429/manifest.json,305-0014,寓意草,3
4918639,https://www.digital.archives.go.jp/api/iiif/4918639/manifest.json,305-0043,新刊續添是齋百一選方,1
4918640,https://www.digital.archives.go.jp/api/iiif/4918640/manifest.json,305-0043,新刊續添是齋百一選方,2
4918641,https://www.digital.archives.go.jp/api/iiif/4918641/manifest.json,305-0043,新刊續添是齋百一選方,3
4918745,https://www.digital.archives.go.jp/api/iiif/4918745/manifest.json,305-0069,仁存孫氏治病活法祕方,1
4918746,https://www.digital.archives.go.jp/api/iiif/4918746/manifest.json,305-0069,仁存孫氏治病活法祕方,2
4918747,https://www.digital.archives.go.jp/api/iiif/4918747/manifest.json,305-0069,仁存孫氏治病活法祕方,3
4772131,https://www.digital.archives.go.jp/api/iiif/4772131/manifest.json,305-0114,新刊續扶壽精方,1
4772132,https://www.digital.archives.go.jp/api/iiif/4772132/manifest.json,305-0114,新刊續扶壽精方,2
4772133,https://www.digital.archives.go.jp/api/iiif/4772133/manifest.json,305-0114,新刊續扶壽精方,3
4918805,https://www.digital.archives.go.jp/api/iiif/4918805/manifest.json,305-0115,新刊續扶壽精方,1
4918806,https://www.digital.archives.go.jp/api/iiif/4918806/manifest.json,305-0115,新刊續扶壽精方,2
4918807,https://www.digital.archives.go.jp/api/iiif/4918807/manifest.json,305-0115,新刊續扶壽精方,3
4918846,https://www.digital.archives.go.jp/api/iiif/4918846/manifest.json,305-0131,小青囊,1
4918847,https://www.digital.archives.go.jp/api/iiif/4918847/manifest.json,305-0131,小青囊,2
4918848,https://www.digital.archives.go.jp/api/iiif/4918848/manifest.json,305-0131,小青囊,3
4918852,https://www.digital.archives.go.jp/api/iiif/4918852/manifest.json,305-0145,金鏡內臺方議,1
4918853,https://www.digital.archives.go.jp/api/iiif/4918853/manifest.json,305-0145,金鏡內臺方議,2
4918854,https://www.digital.archives.go.jp/api/iiif/4918854/manifest.json,305-0145,金鏡內臺方議,3
4918855,https://www.digital.archives.go.jp/api/iiif/4918855/manifest.json,305-0146,金鏡內臺方議,1
4918856,https://www.digital.archives.go.jp/api/iiif/4918856/manifest.json,305-0146,金鏡內臺方議,2
4918857,https://www.digital.archives.go.jp/api/iiif/4918857/manifest.json,305-0146,金鏡內臺方議,3
3671932,https://www.digital.archives.go.jp/api/iiif/3671932/manifest.json,305-0237,揚子太玄經,1
3671933,https://www.digital.archives.go.jp/api/iiif/3671933/manifest.json,305-0237,揚子太玄經,2
3671934,https://www.digital.archives.go.jp/api/iiif/3671934/manifest.json,305-0237,揚子太玄經,3
4919097,https://www.digital.archives.go.jp/api/iiif/4919097/manifest.json,305-0238,太玄經,1
4919098,https://www.digital.archives.go.jp/api/iiif/4919098/manifest.json,305-0238,太玄經,2
4919099,https://www.digital.archives.go.jp/api/iiif/4919099/manifest.json,305-0238,太玄經,3
3669764,https://www.digital.archives.go.jp/api/iiif/3669764/manifest.json,307-0206,草木子,1
3669765,https://www.digital.archives.go.jp/api/iiif/3669765/manifest.json,307-0206,草木子,2
3669766,https://www.digital.archives.go.jp/api/iiif/3669766/manifest.json,307-0206,草木子,3
3745288,https://www.digital.archives.go.jp/api/iiif/3745288/manifest.json,310-0023,大方廣圓覺修多羅了義經集註,1
3745289,https://www.digital.archives.go.jp/api/iiif/3745289/manifest.json,310-0023,大方廣圓覺修多羅了義經集註,2
3745290,https://www.digital.archives.go.jp/api/iiif/3745290/manifest.json,310-0023,大方廣圓覺修多羅了義經集註,3
4918808,https://www.digital.archives.go.jp/api/iiif/4918808/manifest.json,305-0118,新刊魯府禁方,1
4918809,https://www.digital.archives.go.jp/api/iiif/4918809/manifest.json,305-0118,新刊魯府禁方,2
4918810,https://www.digital.archives.go.jp/api/iiif/4918810/manifest.json,305-0118,新刊魯府禁方,3
4918811,https://www.digital.archives.go.jp/api/iiif/4918811/manifest.json,305-0118,新刊魯府禁方,4
4772165,https://www.digital.archives.go.jp/api/iiif/4772165/manifest.json,305-0139,程氏釋方,1
4772166,https://www.digital.archives.go.jp/api/iiif/4772166/manifest.json,305-0139,程氏釋方,2
4772167,https://www.digital.archives.go.jp/api/iiif/4772167/manifest.json,305-0139,程氏釋方,3
4772168,https://www.digital.archives.go.jp/api/iiif/4772168/manifest.json,305-0139,程氏釋方,4
4918874,https://www.digital.archives.go.jp/api/iiif/4918874/manifest.json,305-0157,校增救急易方,1
4918875,https://www.digital.archives.go.jp/api/iiif/4918875/manifest.json,305-0157,校增救急易方,2
4918876,https://www.digital.archives.go.jp/api/iiif/4918876/manifest.json,305-0157,校增救急易方,3
4918877,https://www.digital.archives.go.jp/api/iiif/4918877/manifest.json,305-0157,校增救急易方,4
4918884,https://www.digital.archives.go.jp/api/iiif/4918884/manifest.json,305-0162,時方妙用,1
4918885,https://www.digital.archives.go.jp/api/iiif/4918885/manifest.json,305-0162,時方妙用,2
4918886,https://www.digital.archives.go.jp/api/iiif/4918886/manifest.json,305-0162,時方妙用,3
4918887,https://www.digital.archives.go.jp/api/iiif/4918887/manifest.json,305-0162,時方妙用,4
4918958,https://www.digital.archives.go.jp/api/iiif/4918958/manifest.json,305-0174,平易方,1
4918959,https://www.digital.archives.go.jp/api/iiif/4918959/manifest.json,305-0174,平易方,2
4918960,https://www.digital.archives.go.jp/api/iiif/4918960/manifest.json,305-0174,平易方,3
4918961,https://www.digital.archives.go.jp/api/iiif/4918961/manifest.json,305-0174,平易方,4
4918965,https://www.digital.archives.go.jp/api/iiif/4918965/manifest.json,305-0176,平易方,1
4918966,https://www.digital.archives.go.jp/api/iiif/4918966/manifest.json,305-0176,平易方,2
4918967,https://www.digital.archives.go.jp/api/iiif/4918967/manifest.json,305-0176,平易方,3
4918968,https://www.digital.archives.go.jp/api/iiif/4918968/manifest.json,305-0176,平易方,4
4918991,https://www.digital.archives.go.jp/api/iiif/4918991/manifest.json,305-0184,經驗廣集,1
4918992,https://www.digital.archives.go.jp/api/iiif/4918992/manifest.json,305-0184,經驗廣集,2
4918993,https://www.digital.archives.go.jp/api/iiif/4918993/manifest.json,305-0184,經驗廣集,3
4918994,https://www.digital.archives.go.jp/api/iiif/4918994/manifest.json,305-0184,經驗廣集,4
4918997,https://www.digital.archives.go.jp/api/iiif/4918997/manifest.json,305-0186,仙拈集,1
4918998,https://www.digital.archives.go.jp/api/iiif/4918998/manifest.json,305-0186,仙拈集,2
4918999,https://www.digital.archives.go.jp/api/iiif/4918999/manifest.json,305-0186,仙拈集,3
4919000,https://www.digital.archives.go.jp/api/iiif/4919000/manifest.json,305-0186,仙拈集,4
4919007,https://www.digital.archives.go.jp/api/iiif/4919007/manifest.json,305-0192,平易方,1
4919008,https://www.digital.archives.go.jp/api/iiif/4919008/manifest.json,305-0192,平易方,2
4919009,https://www.digital.archives.go.jp/api/iiif/4919009/manifest.json,305-0192,平易方,3
4919010,https://www.digital.archives.go.jp/api/iiif/4919010/manifest.json,305-0192,平易方,4
4919011,https://www.digital.archives.go.jp/api/iiif/4919011/manifest.json,305-0194,平易方,1
4919012,https://www.digital.archives.go.jp/api/iiif/4919012/manifest.json,305-0194,平易方,2
4919013,https://www.digital.archives.go.jp/api/iiif/4919013/manifest.json,305-0194,平易方,3
4919014,https://www.digital.archives.go.jp/api/iiif/4919014/manifest.json,305-0194,平易方,4
4919036,https://www.digital.archives.go.jp/api/iiif/4919036/manifest.json,305-0206,急救仙方,1
4919037,https://www.digital.archives.go.jp/api/iiif/4919037/manifest.json,305-0206,急救仙方,2
4919038,https://www.digital.archives.go.jp/api/iiif/4919038/manifest.json,305-0206,急救仙方,3
4919039,https://www.digital.archives.go.jp/api/iiif/4919039/manifest.json,305-0206,急救仙方,4
4919065,https://www.digital.archives.go.jp/api/iiif/4919065/manifest.json,305-0221,天象玄機,1
4919066,https://www.digital.archives.go.jp/api/iiif/4919066/manifest.json,305-0221,天象玄機,2
4919067,https://www.digital.archives.go.jp/api/iiif/4919067/manifest.json,305-0221,天象玄機,3
4919068,https://www.digital.archives.go.jp/api/iiif/4919068/manifest.json,305-0221,天象玄機,4
4772193,https://www.digital.archives.go.jp/api/iiif/4772193/manifest.json,305-0233,太玄經,1
4772194,https://www.digital.archives.go.jp/api/iiif/4772194/manifest.json,305-0233,太玄經,2
4772195,https://www.digital.archives.go.jp/api/iiif/4772195/manifest.json,305-0233,太玄經,3
4772196,https://www.digital.archives.go.jp/api/iiif/4772196/manifest.json,305-0233,太玄經,4
3742741,https://www.digital.archives.go.jp/api/iiif/3742741/manifest.json,305-0249,天原發微,1
3742742,https://www.digital.archives.go.jp/api/iiif/3742742/manifest.json,305-0249,天原發微,2
3742743,https://www.digital.archives.go.jp/api/iiif/3742743/manifest.json,305-0249,天原發微,3
3743687,https://www.digital.archives.go.jp/api/iiif/3743687/manifest.json,305-0249,天原發微,4
4772262,https://www.digital.archives.go.jp/api/iiif/4772262/manifest.json,305-0274,葬經翼,1
4772263,https://www.digital.archives.go.jp/api/iiif/4772263/manifest.json,305-0274,葬經翼,2
4772264,https://www.digital.archives.go.jp/api/iiif/4772264/manifest.json,305-0274,葬經翼,3
4772265,https://www.digital.archives.go.jp/api/iiif/4772265/manifest.json,305-0274,葬經翼,4
4772266,https://www.digital.archives.go.jp/api/iiif/4772266/manifest.json,305-0275,焦氏易林,1
4772267,https://www.digital.archives.go.jp/api/iiif/4772267/manifest.json,305-0275,焦氏易林,2
4772268,https://www.digital.archives.go.jp/api/iiif/4772268/manifest.json,305-0275,焦氏易林,3
4772269,https://www.digital.archives.go.jp/api/iiif/4772269/manifest.json,305-0275,焦氏易林,4
4772324,https://www.digital.archives.go.jp/api/iiif/4772324/manifest.json,305-0290,新刊圖像人相編,1
4772325,https://www.digital.archives.go.jp/api/iiif/4772325/manifest.json,305-0290,新刊圖像人相編,2
4772326,https://www.digital.archives.go.jp/api/iiif/4772326/manifest.json,305-0290,新刊圖像人相編,3
4772327,https://www.digital.archives.go.jp/api/iiif/4772327/manifest.json,305-0290,新刊圖像人相編,4
4919191,https://www.digital.archives.go.jp/api/iiif/4919191/manifest.json,305-0297,燕山初集,1
4919192,https://www.digital.archives.go.jp/api/iiif/4919192/manifest.json,305-0297,燕山初集,2
4919193,https://www.digital.archives.go.jp/api/iiif/4919193/manifest.json,305-0297,燕山初集,3
4919194,https://www.digital.archives.go.jp/api/iiif/4919194/manifest.json,305-0297,燕山初集,4
5054412,https://www.digital.archives.go.jp/api/iiif/5054412/manifest.json,310-0011,大方廣圓覺修多羅了義經略疎注,1
5054413,https://www.digital.archives.go.jp/api/iiif/5054413/manifest.json,310-0011,大方廣圓覺修多羅了義經略疎注,2
5054414,https://www.digital.archives.go.jp/api/iiif/5054414/manifest.json,310-0011,大方廣圓覺修多羅了義經略疎注,3
5054415,https://www.digital.archives.go.jp/api/iiif/5054415/manifest.json,310-0011,大方廣圓覺修多羅了義經略疎注,4
4918436,https://www.digital.archives.go.jp/api/iiif/4918436/manifest.json,305-0017,重訂肘後百一方,1
4918437,https://www.digital.archives.go.jp/api/iiif/4918437/manifest.json,305-0017,重訂肘後百一方,2
4918438,https://www.digital.archives.go.jp/api/iiif/4918438/manifest.json,305-0017,重訂肘後百一方,3
4918439,https://www.digital.archives.go.jp/api/iiif/4918439/manifest.json,305-0017,重訂肘後百一方,4
4918440,https://www.digital.archives.go.jp/api/iiif/4918440/manifest.json,305-0017,重訂肘後百一方,5
3671881,https://www.digital.archives.go.jp/api/iiif/3671881/manifest.json,305-0042,新刊續添是齋百一選方,1
3671882,https://www.digital.archives.go.jp/api/iiif/3671882/manifest.json,305-0042,新刊續添是齋百一選方,2
3671883,https://www.digital.archives.go.jp/api/iiif/3671883/manifest.json,305-0042,新刊續添是齋百一選方,3
3671884,https://www.digital.archives.go.jp/api/iiif/3671884/manifest.json,305-0042,新刊續添是齋百一選方,4
3671885,https://www.digital.archives.go.jp/api/iiif/3671885/manifest.json,305-0042,新刊續添是齋百一選方,5
4918651,https://www.digital.archives.go.jp/api/iiif/4918651/manifest.json,305-0048,新刊續添是齋百一選方,1
4918652,https://www.digital.archives.go.jp/api/iiif/4918652/manifest.json,305-0048,新刊續添是齋百一選方,2
4918653,https://www.digital.archives.go.jp/api/iiif/4918653/manifest.json,305-0048,新刊續添是齋百一選方,3
4918654,https://www.digital.archives.go.jp/api/iiif/4918654/manifest.json,305-0048,新刊續添是齋百一選方,4
4918655,https://www.digital.archives.go.jp/api/iiif/4918655/manifest.json,305-0048,新刊續添是齋百一選方,5
4772056,https://www.digital.archives.go.jp/api/iiif/4772056/manifest.json,305-0050,楊氏家藏方,1
4772057,https://www.digital.archives.go.jp/api/iiif/4772057/manifest.json,305-0050,楊氏家藏方,2
4772058,https://www.digital.archives.go.jp/api/iiif/4772058/manifest.json,305-0050,楊氏家藏方,3
4772059,https://www.digital.archives.go.jp/api/iiif/4772059/manifest.json,305-0050,楊氏家藏方,4
4772060,https://www.digital.archives.go.jp/api/iiif/4772060/manifest.json,305-0050,楊氏家藏方,5
4919027,https://www.digital.archives.go.jp/api/iiif/4919027/manifest.json,305-0201,本綱附方集,1
4919028,https://www.digital.archives.go.jp/api/iiif/4919028/manifest.json,305-0201,本綱附方集,2
4919029,https://www.digital.archives.go.jp/api/iiif/4919029/manifest.json,305-0201,本綱附方集,3
4919030,https://www.digital.archives.go.jp/api/iiif/4919030/manifest.json,305-0201,本綱附方集,4
4919031,https://www.digital.archives.go.jp/api/iiif/4919031/manifest.json,305-0201,本綱附方集,5
4772199,https://www.digital.archives.go.jp/api/iiif/4772199/manifest.json,305-0236,太玄經,1
4772200,https://www.digital.archives.go.jp/api/iiif/4772200/manifest.json,305-0236,太玄經,2
4772201,https://www.digital.archives.go.jp/api/iiif/4772201/manifest.json,305-0236,太玄經,3
4772202,https://www.digital.archives.go.jp/api/iiif/4772202/manifest.json,305-0236,太玄經,4
4772203,https://www.digital.archives.go.jp/api/iiif/4772203/manifest.json,305-0236,太玄經,5
4919127,https://www.digital.archives.go.jp/api/iiif/4919127/manifest.json,305-0247,春水船易學,1
4919128,https://www.digital.archives.go.jp/api/iiif/4919128/manifest.json,305-0247,春水船易學,2
4919129,https://www.digital.archives.go.jp/api/iiif/4919129/manifest.json,305-0247,春水船易學,3
4919130,https://www.digital.archives.go.jp/api/iiif/4919130/manifest.json,305-0247,春水船易學,4
4919131,https://www.digital.archives.go.jp/api/iiif/4919131/manifest.json,305-0247,春水船易學,5
3671935,https://www.digital.archives.go.jp/api/iiif/3671935/manifest.json,305-0248,三易洞璣,1
3671936,https://www.digital.archives.go.jp/api/iiif/3671936/manifest.json,305-0248,三易洞璣,2
3671937,https://www.digital.archives.go.jp/api/iiif/3671937/manifest.json,305-0248,三易洞璣,3
3671938,https://www.digital.archives.go.jp/api/iiif/3671938/manifest.json,305-0248,三易洞璣,4
3671980,https://www.digital.archives.go.jp/api/iiif/3671980/manifest.json,305-0248,三易洞璣,5
4919172,https://www.digital.archives.go.jp/api/iiif/4919172/manifest.json,305-0293,新刊校正增釋合併麻衣先生人相編,1
4919173,https://www.digital.archives.go.jp/api/iiif/4919173/manifest.json,305-0293,新刊校正增釋合併麻衣先生人相編,2
4919174,https://www.digital.archives.go.jp/api/iiif/4919174/manifest.json,305-0293,新刊校正增釋合併麻衣先生人相編,3
4919175,https://www.digital.archives.go.jp/api/iiif/4919175/manifest.json,305-0293,新刊校正增釋合併麻衣先生人相編,4
4919176,https://www.digital.archives.go.jp/api/iiif/4919176/manifest.json,305-0293,新刊校正增釋合併麻衣先生人相編,5
4917379,https://www.digital.archives.go.jp/api/iiif/4917379/manifest.json,304-0026,生生直指,1
4917380,https://www.digital.archives.go.jp/api/iiif/4917380/manifest.json,304-0026,生生直指,2
4917381,https://www.digital.archives.go.jp/api/iiif/4917381/manifest.json,304-0026,生生直指,3
4917382,https://www.digital.archives.go.jp/api/iiif/4917382/manifest.json,304-0026,生生直指,4
4917383,https://www.digital.archives.go.jp/api/iiif/4917383/manifest.json,304-0026,生生直指,5
4917384,https://www.digital.archives.go.jp/api/iiif/4917384/manifest.json,304-0026,生生直指,6
4917735,https://www.digital.archives.go.jp/api/iiif/4917735/manifest.json,304-0192,問心堂溫病條辨,3
4917736,https://www.digital.archives.go.jp/api/iiif/4917736/manifest.json,304-0192,問心堂溫病條辨,4
4917737,https://www.digital.archives.go.jp/api/iiif/4917737/manifest.json,304-0192,問心堂溫病條辨,5
4917738,https://www.digital.archives.go.jp/api/iiif/4917738/manifest.json,304-0192,問心堂溫病條辨,6
4771017,https://www.digital.archives.go.jp/api/iiif/4771017/manifest.json,305-0015,葛仙翁肘後備急方,1
4771018,https://www.digital.archives.go.jp/api/iiif/4771018/manifest.json,305-0015,葛仙翁肘後備急方,2
4771019,https://www.digital.archives.go.jp/api/iiif/4771019/manifest.json,305-0015,葛仙翁肘後備急方,3
4771020,https://www.digital.archives.go.jp/api/iiif/4771020/manifest.json,305-0015,葛仙翁肘後備急方,4
4771021,https://www.digital.archives.go.jp/api/iiif/4771021/manifest.json,305-0015,葛仙翁肘後備急方,5
4771023,https://www.digital.archives.go.jp/api/iiif/4771023/manifest.json,305-0015,葛仙翁肘後備急方,6
4918430,https://www.digital.archives.go.jp/api/iiif/4918430/manifest.json,305-0016,寓意艸,1
4918431,https://www.digital.archives.go.jp/api/iiif/4918431/manifest.json,305-0016,寓意艸,2
4918432,https://www.digital.archives.go.jp/api/iiif/4918432/manifest.json,305-0016,寓意艸,3
4918433,https://www.digital.archives.go.jp/api/iiif/4918433/manifest.json,305-0016,寓意艸,4
4918434,https://www.digital.archives.go.jp/api/iiif/4918434/manifest.json,305-0016,寓意艸,5
4919089,https://www.digital.archives.go.jp/api/iiif/4919089/manifest.json,305-0229,高厚蒙求,1
4919090,https://www.digital.archives.go.jp/api/iiif/4919090/manifest.json,305-0229,高厚蒙求,2
4919091,https://www.digital.archives.go.jp/api/iiif/4919091/manifest.json,305-0229,高厚蒙求,3
4919092,https://www.digital.archives.go.jp/api/iiif/4919092/manifest.json,305-0229,高厚蒙求,4
4919093,https://www.digital.archives.go.jp/api/iiif/4919093/manifest.json,305-0229,高厚蒙求,5
4919094,https://www.digital.archives.go.jp/api/iiif/4919094/manifest.json,305-0229,高厚蒙求,6
4772204,https://www.digital.archives.go.jp/api/iiif/4772204/manifest.json,305-0250,新刊博覽古今經史皇極經世書說,1
4772205,https://www.digital.archives.go.jp/api/iiif/4772205/manifest.json,305-0250,新刊博覽古今經史皇極經世書說,2
4772206,https://www.digital.archives.go.jp/api/iiif/4772206/manifest.json,305-0250,新刊博覽古今經史皇極經世書說,3
4772207,https://www.digital.archives.go.jp/api/iiif/4772207/manifest.json,305-0250,新刊博覽古今經史皇極經世書說,4
4772208,https://www.digital.archives.go.jp/api/iiif/4772208/manifest.json,305-0250,新刊博覽古今經史皇極經世書說,5
4772209,https://www.digital.archives.go.jp/api/iiif/4772209/manifest.json,305-0250,新刊博覽古今經史皇極經世書說,6
4919132,https://www.digital.archives.go.jp/api/iiif/4919132/manifest.json,305-0252,三易洞璣,1
4919133,https://www.digital.archives.go.jp/api/iiif/4919133/manifest.json,305-0252,三易洞璣,2
4919134,https://www.digital.archives.go.jp/api/iiif/4919134/manifest.json,305-0252,三易洞璣,3
4919135,https://www.digital.archives.go.jp/api/iiif/4919135/manifest.json,305-0252,三易洞璣,4
4919136,https://www.digital.archives.go.jp/api/iiif/4919136/manifest.json,305-0252,三易洞璣,5
4919137,https://www.digital.archives.go.jp/api/iiif/4919137/manifest.json,305-0252,三易洞璣,6
4772270,https://www.digital.archives.go.jp/api/iiif/4772270/manifest.json,305-0276,大易通變,1
4772271,https://www.digital.archives.go.jp/api/iiif/4772271/manifest.json,305-0276,大易通變,2
4772272,https://www.digital.archives.go.jp/api/iiif/4772272/manifest.json,305-0276,大易通變,3
4772273,https://www.digital.archives.go.jp/api/iiif/4772273/manifest.json,305-0276,大易通變,4
4772274,https://www.digital.archives.go.jp/api/iiif/4772274/manifest.json,305-0276,大易通變,5
4772275,https://www.digital.archives.go.jp/api/iiif/4772275/manifest.json,305-0276,大易通變,6
4772278,https://www.digital.archives.go.jp/api/iiif/4772278/manifest.json,305-0281,大六壬課經集,1
4772279,https://www.digital.archives.go.jp/api/iiif/4772279/manifest.json,305-0281,大六壬課經集,2
4772280,https://www.digital.archives.go.jp/api/iiif/4772280/manifest.json,305-0281,大六壬課經集,3
4772281,https://www.digital.archives.go.jp/api/iiif/4772281/manifest.json,305-0281,大六壬課經集,4
4772282,https://www.digital.archives.go.jp/api/iiif/4772282/manifest.json,305-0281,大六壬課經集,5
4772283,https://www.digital.archives.go.jp/api/iiif/4772283/manifest.json,305-0281,大六壬課經集,6
5390752,https://www.digital.archives.go.jp/api/iiif/5390752/manifest.json,367-0103,新鐫編類古今史鑑故事大方,1
5390753,https://www.digital.archives.go.jp/api/iiif/5390753/manifest.json,367-0103,新鐫編類古今史鑑故事大方,2
5390754,https://www.digital.archives.go.jp/api/iiif/5390754/manifest.json,367-0103,新鐫編類古今史鑑故事大方,3
5390755,https://www.digital.archives.go.jp/api/iiif/5390755/manifest.json,367-0103,新鐫編類古今史鑑故事大方,4
5390756,https://www.digital.archives.go.jp/api/iiif/5390756/manifest.json,367-0103,新鐫編類古今史鑑故事大方,5
5390757,https://www.digital.archives.go.jp/api/iiif/5390757/manifest.json,367-0103,新鐫編類古今史鑑故事大方,6
4772114,https://www.digital.archives.go.jp/api/iiif/4772114/manifest.json,305-0105,攝生衆妙方,1
4772115,https://www.digital.archives.go.jp/api/iiif/4772115/manifest.json,305-0105,攝生衆妙方,2
4772116,https://www.digital.archives.go.jp/api/iiif/4772116/manifest.json,305-0105,攝生衆妙方,3
4772117,https://www.digital.archives.go.jp/api/iiif/4772117/manifest.json,305-0105,攝生衆妙方,4
4772118,https://www.digital.archives.go.jp/api/iiif/4772118/manifest.json,305-0105,攝生衆妙方,5
4772119,https://www.digital.archives.go.jp/api/iiif/4772119/manifest.json,305-0105,攝生衆妙方,6
4772120,https://www.digital.archives.go.jp/api/iiif/4772120/manifest.json,305-0105,攝生衆妙方,7
4918858,https://www.digital.archives.go.jp/api/iiif/4918858/manifest.json,305-0148,淮南昭陽李氏家藏奇驗祕方,1
4918859,https://www.digital.archives.go.jp/api/iiif/4918859/manifest.json,305-0148,淮南昭陽李氏家藏奇驗祕方,2
4918860,https://www.digital.archives.go.jp/api/iiif/4918860/manifest.json,305-0148,淮南昭陽李氏家藏奇驗祕方,3
4918861,https://www.digital.archives.go.jp/api/iiif/4918861/manifest.json,305-0148,淮南昭陽李氏家藏奇驗祕方,4
4918862,https://www.digital.archives.go.jp/api/iiif/4918862/manifest.json,305-0148,淮南昭陽李氏家藏奇驗祕方,5
4918863,https://www.digital.archives.go.jp/api/iiif/4918863/manifest.json,305-0148,淮南昭陽李氏家藏奇驗祕方,6
4918864,https://www.digital.archives.go.jp/api/iiif/4918864/manifest.json,305-0148,淮南昭陽李氏家藏奇驗祕方,7
4918820,https://www.digital.archives.go.jp/api/iiif/4918820/manifest.json,305-0126,傳信尤易方,1
4918821,https://www.digital.archives.go.jp/api/iiif/4918821/manifest.json,305-0126,傳信尤易方,2
4918822,https://www.digital.archives.go.jp/api/iiif/4918822/manifest.json,305-0126,傳信尤易方,3
4918823,https://www.digital.archives.go.jp/api/iiif/4918823/manifest.json,305-0126,傳信尤易方,4
4918824,https://www.digital.archives.go.jp/api/iiif/4918824/manifest.json,305-0126,傳信尤易方,5
4918825,https://www.digital.archives.go.jp/api/iiif/4918825/manifest.json,305-0126,傳信尤易方,6
4918826,https://www.digital.archives.go.jp/api/iiif/4918826/manifest.json,305-0126,傳信尤易方,7
4918827,https://www.digital.archives.go.jp/api/iiif/4918827/manifest.json,305-0126,傳信尤易方,8
4918971,https://www.digital.archives.go.jp/api/iiif/4918971/manifest.json,305-0178,串雅,1
4918972,https://www.digital.archives.go.jp/api/iiif/4918972/manifest.json,305-0178,串雅,2
4918973,https://www.digital.archives.go.jp/api/iiif/4918973/manifest.json,305-0178,串雅,3
4918974,https://www.digital.archives.go.jp/api/iiif/4918974/manifest.json,305-0178,串雅,4
4918975,https://www.digital.archives.go.jp/api/iiif/4918975/manifest.json,305-0178,串雅,5
4918976,https://www.digital.archives.go.jp/api/iiif/4918976/manifest.json,305-0178,串雅,6
4918977,https://www.digital.archives.go.jp/api/iiif/4918977/manifest.json,305-0178,串雅,7
4918978,https://www.digital.archives.go.jp/api/iiif/4918978/manifest.json,305-0178,串雅,8
4772210,https://www.digital.archives.go.jp/api/iiif/4772210/manifest.json,305-0256,地理參贊玄機僊婆集,1
4772211,https://www.digital.archives.go.jp/api/iiif/4772211/manifest.json,305-0256,地理參贊玄機僊婆集,2
4772212,https://www.digital.archives.go.jp/api/iiif/4772212/manifest.json,305-0256,地理參贊玄機僊婆集,3
4772213,https://www.digital.archives.go.jp/api/iiif/4772213/manifest.json,305-0256,地理參贊玄機僊婆集,4
4772214,https://www.digital.archives.go.jp/api/iiif/4772214/manifest.json,305-0256,地理參贊玄機僊婆集,5
4772215,https://www.digital.archives.go.jp/api/iiif/4772215/manifest.json,305-0256,地理參贊玄機僊婆集,6
4772216,https://www.digital.archives.go.jp/api/iiif/4772216/manifest.json,305-0256,地理參贊玄機僊婆集,7
4772217,https://www.digital.archives.go.jp/api/iiif/4772217/manifest.json,305-0256,地理參贊玄機僊婆集,8
4772243,https://www.digital.archives.go.jp/api/iiif/4772243/manifest.json,305-0266,新刊京本釐正總括天機星學正傳,1
4772244,https://www.digital.archives.go.jp/api/iiif/4772244/manifest.json,305-0266,新刊京本釐正總括天機星學正傳,2
4772245,https://www.digital.archives.go.jp/api/iiif/4772245/manifest.json,305-0266,新刊京本釐正總括天機星學正傳,3
4772246,https://www.digital.archives.go.jp/api/iiif/4772246/manifest.json,305-0266,新刊京本釐正總括天機星學正傳,4
4772247,https://www.digital.archives.go.jp/api/iiif/4772247/manifest.json,305-0266,新刊京本釐正總括天機星學正傳,5
4772248,https://www.digital.archives.go.jp/api/iiif/4772248/manifest.json,305-0266,新刊京本釐正總括天機星學正傳,6
4772249,https://www.digital.archives.go.jp/api/iiif/4772249/manifest.json,305-0266,新刊京本釐正總括天機星學正傳,7
4772250,https://www.digital.archives.go.jp/api/iiif/4772250/manifest.json,305-0266,新刊京本釐正總括天機星學正傳,8
4772251,https://www.digital.archives.go.jp/api/iiif/4772251/manifest.json,305-0267,新刊京本釐正總括天機星學正傳,1
4772252,https://www.digital.archives.go.jp/api/iiif/4772252/manifest.json,305-0267,新刊京本釐正總括天機星學正傳,2
4772253,https://www.digital.archives.go.jp/api/iiif/4772253/manifest.json,305-0267,新刊京本釐正總括天機星學正傳,3
4772254,https://www.digital.archives.go.jp/api/iiif/4772254/manifest.json,305-0267,新刊京本釐正總括天機星學正傳,4
4772255,https://www.digital.archives.go.jp/api/iiif/4772255/manifest.json,305-0267,新刊京本釐正總括天機星學正傳,5
4772256,https://www.digital.archives.go.jp/api/iiif/4772256/manifest.json,305-0267,新刊京本釐正總括天機星學正傳,6
4772257,https://www.digital.archives.go.jp/api/iiif/4772257/manifest.json,305-0267,新刊京本釐正總括天機星學正傳,7
4772258,https://www.digital.archives.go.jp/api/iiif/4772258/manifest.json,305-0267,新刊京本釐正總括天機星學正傳,8
4919162,https://www.digital.archives.go.jp/api/iiif/4919162/manifest.json,305-0285,神相全編,1
4919163,https://www.digital.archives.go.jp/api/iiif/4919163/manifest.json,305-0285,神相全編,2
4919164,https://www.digital.archives.go.jp/api/iiif/4919164/manifest.json,305-0285,神相全編,3
4919165,https://www.digital.archives.go.jp/api/iiif/4919165/manifest.json,305-0285,神相全編,4
4919166,https://www.digital.archives.go.jp/api/iiif/4919166/manifest.json,305-0285,神相全編,5
4919167,https://www.digital.archives.go.jp/api/iiif/4919167/manifest.json,305-0285,神相全編,6
4919169,https://www.digital.archives.go.jp/api/iiif/4919169/manifest.json,305-0285,神相全編,8
4918707,https://www.digital.archives.go.jp/api/iiif/4918707/manifest.json,305-0051,楊氏家藏方,1
4918708,https://www.digital.archives.go.jp/api/iiif/4918708/manifest.json,305-0051,楊氏家藏方,2
4918709,https://www.digital.archives.go.jp/api/iiif/4918709/manifest.json,305-0051,楊氏家藏方,3
4918710,https://www.digital.archives.go.jp/api/iiif/4918710/manifest.json,305-0051,楊氏家藏方,4
4918711,https://www.digital.archives.go.jp/api/iiif/4918711/manifest.json,305-0051,楊氏家藏方,5
4918712,https://www.digital.archives.go.jp/api/iiif/4918712/manifest.json,305-0051,楊氏家藏方,6
4918713,https://www.digital.archives.go.jp/api/iiif/4918713/manifest.json,305-0051,楊氏家藏方,7
4918714,https://www.digital.archives.go.jp/api/iiif/4918714/manifest.json,305-0051,楊氏家藏方,8
4918715,https://www.digital.archives.go.jp/api/iiif/4918715/manifest.json,305-0051,楊氏家藏方,9
3744352,https://www.digital.archives.go.jp/api/iiif/3744352/manifest.json,310-0145,禪宗正脈,1
3744353,https://www.digital.archives.go.jp/api/iiif/3744353/manifest.json,310-0145,禪宗正脈,2
3744354,https://www.digital.archives.go.jp/api/iiif/3744354/manifest.json,310-0145,禪宗正脈,3
3744597,https://www.digital.archives.go.jp/api/iiif/3744597/manifest.json,310-0145,禪宗正脈,4
3745009,https://www.digital.archives.go.jp/api/iiif/3745009/manifest.json,310-0145,禪宗正脈,5
3745010,https://www.digital.archives.go.jp/api/iiif/3745010/manifest.json,310-0145,禪宗正脈,6
3745011,https://www.digital.archives.go.jp/api/iiif/3745011/manifest.json,310-0145,禪宗正脈,7
3745012,https://www.digital.archives.go.jp/api/iiif/3745012/manifest.json,310-0145,禪宗正脈,8
3745013,https://www.digital.archives.go.jp/api/iiif/3745013/manifest.json,310-0145,禪宗正脈,9
3745230,https://www.digital.archives.go.jp/api/iiif/3745230/manifest.json,310-0145,禪宗正脈,10
4919138,https://www.digital.archives.go.jp/api/iiif/4919138/manifest.json,305-0253,天原發微,1
4919139,https://www.digital.archives.go.jp/api/iiif/4919139/manifest.json,305-0253,天原發微,2
4919140,https://www.digital.archives.go.jp/api/iiif/4919140/manifest.json,305-0253,天原發微,3
4919141,https://www.digital.archives.go.jp/api/iiif/4919141/manifest.json,305-0253,天原發微,4
4919142,https://www.digital.archives.go.jp/api/iiif/4919142/manifest.json,305-0253,天原發微,5
4919143,https://www.digital.archives.go.jp/api/iiif/4919143/manifest.json,305-0253,天原發微,6
4919144,https://www.digital.archives.go.jp/api/iiif/4919144/manifest.json,305-0253,天原發微,7
4919145,https://www.digital.archives.go.jp/api/iiif/4919145/manifest.json,305-0253,天原發微,8
4919146,https://www.digital.archives.go.jp/api/iiif/4919146/manifest.json,305-0253,天原發微,9
4919147,https://www.digital.archives.go.jp/api/iiif/4919147/manifest.json,305-0253,天原發微,10
3894759,https://www.digital.archives.go.jp/api/iiif/3894759/manifest.json,305-0254,天原發微,1
3894760,https://www.digital.archives.go.jp/api/iiif/3894760/manifest.json,305-0254,天原發微,2
3895483,https://www.digital.archives.go.jp/api/iiif/3895483/manifest.json,305-0254,天原發微,3
3895484,https://www.digital.archives.go.jp/api/iiif/3895484/manifest.json,305-0254,天原發微,4
3895485,https://www.digital.archives.go.jp/api/iiif/3895485/manifest.json,305-0254,天原發微,5
3895486,https://www.digital.archives.go.jp/api/iiif/3895486/manifest.json,305-0254,天原發微,6
3895487,https://www.digital.archives.go.jp/api/iiif/3895487/manifest.json,305-0254,天原發微,7
3895488,https://www.digital.archives.go.jp/api/iiif/3895488/manifest.json,305-0254,天原發微,8
3895489,https://www.digital.archives.go.jp/api/iiif/3895489/manifest.json,305-0254,天原發微,9
3895490,https://www.digital.archives.go.jp/api/iiif/3895490/manifest.json,305-0254,天原發微,10
4919148,https://www.digital.archives.go.jp/api/iiif/4919148/manifest.json,305-0255,三纔發祕,1
4919149,https://www.digital.archives.go.jp/api/iiif/4919149/manifest.json,305-0255,三纔發祕,2
4919150,https://www.digital.archives.go.jp/api/iiif/4919150/manifest.json,305-0255,三纔發祕,3
4919151,https://www.digital.archives.go.jp/api/iiif/4919151/manifest.json,305-0255,三纔發祕,4
4919152,https://www.digital.archives.go.jp/api/iiif/4919152/manifest.json,305-0255,三纔發祕,5
4919153,https://www.digital.archives.go.jp/api/iiif/4919153/manifest.json,305-0255,三纔發祕,6
4919154,https://www.digital.archives.go.jp/api/iiif/4919154/manifest.json,305-0255,三纔發祕,7
4919155,https://www.digital.archives.go.jp/api/iiif/4919155/manifest.json,305-0255,三纔發祕,8
4919156,https://www.digital.archives.go.jp/api/iiif/4919156/manifest.json,305-0255,三纔發祕,9
4919157,https://www.digital.archives.go.jp/api/iiif/4919157/manifest.json,305-0255,三纔發祕,10
5049928,https://www.digital.archives.go.jp/api/iiif/5049928/manifest.json,309-0194,大方廣普賢行願品,1
5049929,https://www.digital.archives.go.jp/api/iiif/5049929/manifest.json,309-0194,大方廣普賢行願品,2
5049930,https://www.digital.archives.go.jp/api/iiif/5049930/manifest.json,309-0194,大方廣普賢行願品,3
5049931,https://www.digital.archives.go.jp/api/iiif/5049931/manifest.json,309-0194,大方廣普賢行願品,4
5049932,https://www.digital.archives.go.jp/api/iiif/5049932/manifest.json,309-0194,大方廣普賢行願品,5
5049933,https://www.digital.archives.go.jp/api/iiif/5049933/manifest.json,309-0194,大方廣普賢行願品,6
5049934,https://www.digital.archives.go.jp/api/iiif/5049934/manifest.json,309-0194,大方廣普賢行願品,7
5049935,https://www.digital.archives.go.jp/api/iiif/5049935/manifest.json,309-0194,大方廣普賢行願品,8
5049936,https://www.digital.archives.go.jp/api/iiif/5049936/manifest.json,309-0194,大方廣普賢行願品,9
5049937,https://www.digital.archives.go.jp/api/iiif/5049937/manifest.json,309-0194,大方廣普賢行願品,10
4772063,https://www.digital.archives.go.jp/api/iiif/4772063/manifest.json,305-0054,楊氏家藏方,3
4772064,https://www.digital.archives.go.jp/api/iiif/4772064/manifest.json,305-0054,楊氏家藏方,4
4772065,https://www.digital.archives.go.jp/api/iiif/4772065/manifest.json,305-0054,楊氏家藏方,5
4772066,https://www.digital.archives.go.jp/api/iiif/4772066/manifest.json,305-0054,楊氏家藏方,6
4772067,https://www.digital.archives.go.jp/api/iiif/4772067/manifest.json,305-0054,楊氏家藏方,7
4772068,https://www.digital.archives.go.jp/api/iiif/4772068/manifest.json,305-0054,楊氏家藏方,8
4772069,https://www.digital.archives.go.jp/api/iiif/4772069/manifest.json,305-0054,楊氏家藏方,9
4772070,https://www.digital.archives.go.jp/api/iiif/4772070/manifest.json,305-0054,楊氏家藏方,10
4772071,https://www.digital.archives.go.jp/api/iiif/4772071/manifest.json,305-0054,楊氏家藏方,11
594910,https://www.digital.archives.go.jp/api/iiif/594910/manifest.json,305-0260,堪輿宗旨,1
595018,https://www.digital.archives.go.jp/api/iiif/595018/manifest.json,305-0260,堪輿宗旨,2
595020,https://www.digital.archives.go.jp/api/iiif/595020/manifest.json,305-0260,堪輿宗旨,3
594909,https://www.digital.archives.go.jp/api/iiif/594909/manifest.json,305-0260,堪輿宗旨,4
595021,https://www.digital.archives.go.jp/api/iiif/595021/manifest.json,305-0260,堪輿宗旨,5
595019,https://www.digital.archives.go.jp/api/iiif/595019/manifest.json,305-0260,堪輿宗旨,7
595025,https://www.digital.archives.go.jp/api/iiif/595025/manifest.json,305-0260,堪輿宗旨,9
595024,https://www.digital.archives.go.jp/api/iiif/595024/manifest.json,305-0260,堪輿宗旨,11
595029,https://www.digital.archives.go.jp/api/iiif/595029/manifest.json,305-0269,堪輿十一種書,1
595135,https://www.digital.archives.go.jp/api/iiif/595135/manifest.json,305-0269,堪輿十一種書,3
595134,https://www.digital.archives.go.jp/api/iiif/595134/manifest.json,305-0269,堪輿十一種書,4
595137,https://www.digital.archives.go.jp/api/iiif/595137/manifest.json,305-0269,堪輿十一種書,5
595136,https://www.digital.archives.go.jp/api/iiif/595136/manifest.json,305-0269,堪輿十一種書,6
595027,https://www.digital.archives.go.jp/api/iiif/595027/manifest.json,305-0269,堪輿十一種書,7
595030,https://www.digital.archives.go.jp/api/iiif/595030/manifest.json,305-0269,堪輿十一種書,8
596179,https://www.digital.archives.go.jp/api/iiif/596179/manifest.json,305-0269,堪輿十一種書,9
596180,https://www.digital.archives.go.jp/api/iiif/596180/manifest.json,305-0269,堪輿十一種書,10
595028,https://www.digital.archives.go.jp/api/iiif/595028/manifest.json,305-0269,堪輿十一種書,11
4915615,https://www.digital.archives.go.jp/api/iiif/4915615/manifest.json,302-0120,辨證奇聞,1
4772228,https://www.digital.archives.go.jp/api/iiif/4772228/manifest.json,305-0264,人子須知地理心學,1
4772230,https://www.digital.archives.go.jp/api/iiif/4772230/manifest.json,305-0264,人子須知地理心學,3
4772234,https://www.digital.archives.go.jp/api/iiif/4772234/manifest.json,305-0264,人子須知地理心學,7
4772235,https://www.digital.archives.go.jp/api/iiif/4772235/manifest.json,305-0264,人子須知地理心學,8
4772236,https://www.digital.archives.go.jp/api/iiif/4772236/manifest.json,305-0264,人子須知地理心學,9
4772237,https://www.digital.archives.go.jp/api/iiif/4772237/manifest.json,305-0264,人子須知地理心學,10
4772239,https://www.digital.archives.go.jp/api/iiif/4772239/manifest.json,305-0264,人子須知地理心學,12
4919179,https://www.digital.archives.go.jp/api/iiif/4919179/manifest.json,305-0295,三命通會,1
4919180,https://www.digital.archives.go.jp/api/iiif/4919180/manifest.json,305-0295,三命通會,2
4919181,https://www.digital.archives.go.jp/api/iiif/4919181/manifest.json,305-0295,三命通會,3
4919182,https://www.digital.archives.go.jp/api/iiif/4919182/manifest.json,305-0295,三命通會,4
4919183,https://www.digital.archives.go.jp/api/iiif/4919183/manifest.json,305-0295,三命通會,5
4919184,https://www.digital.archives.go.jp/api/iiif/4919184/manifest.json,305-0295,三命通會,6
4919185,https://www.digital.archives.go.jp/api/iiif/4919185/manifest.json,305-0295,三命通會,7
4919186,https://www.digital.archives.go.jp/api/iiif/4919186/manifest.json,305-0295,三命通會,8
4919187,https://www.digital.archives.go.jp/api/iiif/4919187/manifest.json,305-0295,三命通會,9
4919189,https://www.digital.archives.go.jp/api/iiif/4919189/manifest.json,305-0295,三命通會,11
4756856,https://www.digital.archives.go.jp/api/iiif/4756856/manifest.json,060-0011,欽定協紀辨方書,17
4756857,https://www.digital.archives.go.jp/api/iiif/4756857/manifest.json,060-0011,欽定協紀辨方書,18
4756858,https://www.digital.archives.go.jp/api/iiif/4756858/manifest.json,060-0011,欽定協紀辨方書,19
4756859,https://www.digital.archives.go.jp/api/iiif/4756859/manifest.json,060-0011,欽定協紀辨方書,20
577326,https://www.digital.archives.go.jp/api/iiif/577326/manifest.json,235-0002,方壺外史,1
577328,https://www.digital.archives.go.jp/api/iiif/577328/manifest.json,235-0002,方壺外史,2
577225,https://www.digital.archives.go.jp/api/iiif/577225/manifest.json,235-0002,方壺外史,3
577327,https://www.digital.archives.go.jp/api/iiif/577327/manifest.json,235-0002,方壺外史,4
577329,https://www.digital.archives.go.jp/api/iiif/577329/manifest.json,235-0002,方壺外史,5
577330,https://www.digital.archives.go.jp/api/iiif/577330/manifest.json,235-0002,方壺外史,6
577325,https://www.digital.archives.go.jp/api/iiif/577325/manifest.json,235-0002,方壺外史,7
577224,https://www.digital.archives.go.jp/api/iiif/577224/manifest.json,235-0002,方壺外史,8
577332,https://www.digital.archives.go.jp/api/iiif/577332/manifest.json,235-0002,方壺外史,9
577331,https://www.digital.archives.go.jp/api/iiif/577331/manifest.json,235-0002,方壺外史,10
577226,https://www.digital.archives.go.jp/api/iiif/577226/manifest.json,235-0002,方壺外史,11
577335,https://www.digital.archives.go.jp/api/iiif/577335/manifest.json,235-0002,方壺外史,12
577333,https://www.digital.archives.go.jp/api/iiif/577333/manifest.json,235-0002,方壺外史,13
577334,https://www.digital.archives.go.jp/api/iiif/577334/manifest.json,235-0002,方壺外史,14
577227,https://www.digital.archives.go.jp/api/iiif/577227/manifest.json,235-0002,方壺外史,15
577324,https://www.digital.archives.go.jp/api/iiif/577324/manifest.json,235-0002,方壺外史,16
577336,https://www.digital.archives.go.jp/api/iiif/577336/manifest.json,235-0002,方壺外史,17
4919044,https://www.digital.archives.go.jp/api/iiif/4919044/manifest.json,305-0213,新製靈臺儀象志,1
4919046,https://www.digital.archives.go.jp/api/iiif/4919046/manifest.json,305-0213,新製靈臺儀象志,3
4919047,https://www.digital.archives.go.jp/api/iiif/4919047/manifest.json,305-0213,新製靈臺儀象志,4
4919048,https://www.digital.archives.go.jp/api/iiif/4919048/manifest.json,305-0213,新製靈臺儀象志,5
4919049,https://www.digital.archives.go.jp/api/iiif/4919049/manifest.json,305-0213,新製靈臺儀象志,6
4919050,https://www.digital.archives.go.jp/api/iiif/4919050/manifest.json,305-0213,新製靈臺儀象志,7
4919051,https://www.digital.archives.go.jp/api/iiif/4919051/manifest.json,305-0213,新製靈臺儀象志,8
4919053,https://www.digital.archives.go.jp/api/iiif/4919053/manifest.json,305-0213,新製靈臺儀象志,10
4919054,https://www.digital.archives.go.jp/api/iiif/4919054/manifest.json,305-0213,新製靈臺儀象志,11
4919055,https://www.digital.archives.go.jp/api/iiif/4919055/manifest.json,305-0213,新製靈臺儀象志,12
4919058,https://www.digital.archives.go.jp/api/iiif/4919058/manifest.json,305-0213,新製靈臺儀象志,15
4918382,https://www.digital.archives.go.jp/api/iiif/4918382/manifest.json,305-0006,重修植物名實圖考,1
4918383,https://www.digital.archives.go.jp/api/iiif/4918383/manifest.json,305-0006,重修植物名實圖考,2
4918384,https://www.digital.archives.go.jp/api/iiif/4918384/manifest.json,305-0006,重修植物名實圖考,3
4918385,https://www.digital.archives.go.jp/api/iiif/4918385/manifest.json,305-0006,重修植物名實圖考,4
4918386,https://www.digital.archives.go.jp/api/iiif/4918386/manifest.json,305-0006,重修植物名實圖考,5
4918389,https://www.digital.archives.go.jp/api/iiif/4918389/manifest.json,305-0006,重修植物名實圖考,8
4918398,https://www.digital.archives.go.jp/api/iiif/4918398/manifest.json,305-0006,重修植物名實圖考,17
4918400,https://www.digital.archives.go.jp/api/iiif/4918400/manifest.json,305-0006,重修植物名實圖考,19
4918401,https://www.digital.archives.go.jp/api/iiif/4918401/manifest.json,305-0006,重修植物名實圖考,20
4918402,https://www.digital.archives.go.jp/api/iiif/4918402/manifest.json,305-0006,重修植物名實圖考,21
4918403,https://www.digital.archives.go.jp/api/iiif/4918403/manifest.json,305-0006,重修植物名實圖考,22
4918404,https://www.digital.archives.go.jp/api/iiif/4918404/manifest.json,305-0006,重修植物名實圖考,23
4919105,https://www.digital.archives.go.jp/api/iiif/4919105/manifest.json,305-0246,皇極經世書緖言,3
4919117,https://www.digital.archives.go.jp/api/iiif/4919117/manifest.json,305-0246,皇極經世書緖言,15
4919118,https://www.digital.archives.go.jp/api/iiif/4919118/manifest.json,305-0246,皇極經世書緖言,16
4919121,https://www.digital.archives.go.jp/api/iiif/4919121/manifest.json,305-0246,皇極經世書緖言,19
4919122,https://www.digital.archives.go.jp/api/iiif/4919122/manifest.json,305-0246,皇極經世書緖言,20
4919123,https://www.digital.archives.go.jp/api/iiif/4919123/manifest.json,305-0246,皇極經世書緖言,21
4919126,https://www.digital.archives.go.jp/api/iiif/4919126/manifest.json,305-0246,皇極經世書緖言,24
3671780,https://www.digital.archives.go.jp/api/iiif/3671780/manifest.json,305-0261,管窺輯要,5
3671815,https://www.digital.archives.go.jp/api/iiif/3671815/manifest.json,305-0261,管窺輯要,11
3671816,https://www.digital.archives.go.jp/api/iiif/3671816/manifest.json,305-0261,管窺輯要,12
3671817,https://www.digital.archives.go.jp/api/iiif/3671817/manifest.json,305-0261,管窺輯要,13
3671838,https://www.digital.archives.go.jp/api/iiif/3671838/manifest.json,305-0261,管窺輯要,15
3671858,https://www.digital.archives.go.jp/api/iiif/3671858/manifest.json,305-0261,管窺輯要,17
582525,https://www.digital.archives.go.jp/api/iiif/582525/manifest.json,303-0024,原病集,1
582526,https://www.digital.archives.go.jp/api/iiif/582526/manifest.json,303-0024,原病集,2
593835,https://www.digital.archives.go.jp/api/iiif/593835/manifest.json,303-0024,原病集,4
582527,https://www.digital.archives.go.jp/api/iiif/582527/manifest.json,303-0024,原病集,5
582519,https://www.digital.archives.go.jp/api/iiif/582519/manifest.json,303-0024,原病集,6
593834,https://www.digital.archives.go.jp/api/iiif/593834/manifest.json,303-0024,原病集,7
582530,https://www.digital.archives.go.jp/api/iiif/582530/manifest.json,303-0024,原病集,9
582615,https://www.digital.archives.go.jp/api/iiif/582615/manifest.json,303-0024,原病集,10
582531,https://www.digital.archives.go.jp/api/iiif/582531/manifest.json,303-0024,原病集,11
582616,https://www.digital.archives.go.jp/api/iiif/582616/manifest.json,303-0024,原病集,12
582520,https://www.digital.archives.go.jp/api/iiif/582520/manifest.json,303-0024,原病集,13
582618,https://www.digital.archives.go.jp/api/iiif/582618/manifest.json,303-0024,原病集,14
582443,https://www.digital.archives.go.jp/api/iiif/582443/manifest.json,303-0024,原病集,15
582617,https://www.digital.archives.go.jp/api/iiif/582617/manifest.json,303-0024,原病集,16
582619,https://www.digital.archives.go.jp/api/iiif/582619/manifest.json,303-0024,原病集,17
582444,https://www.digital.archives.go.jp/api/iiif/582444/manifest.json,303-0024,原病集,18
582521,https://www.digital.archives.go.jp/api/iiif/582521/manifest.json,303-0024,原病集,19
582620,https://www.digital.archives.go.jp/api/iiif/582620/manifest.json,303-0024,原病集,20
582622,https://www.digital.archives.go.jp/api/iiif/582622/manifest.json,303-0024,原病集,21
582524,https://www.digital.archives.go.jp/api/iiif/582524/manifest.json,303-0024,原病集,22
582623,https://www.digital.archives.go.jp/api/iiif/582623/manifest.json,303-0024,原病集,25
582517,https://www.digital.archives.go.jp/api/iiif/582517/manifest.json,303-0024,原病集,26
582624,https://www.digital.archives.go.jp/api/iiif/582624/manifest.json,303-0024,原病集,27
582626,https://www.digital.archives.go.jp/api/iiif/582626/manifest.json,303-0024,原病集,28
582522,https://www.digital.archives.go.jp/api/iiif/582522/manifest.json,303-0024,原病集,30
582625,https://www.digital.archives.go.jp/api/iiif/582625/manifest.json,303-0024,原病集,31
582627,https://www.digital.archives.go.jp/api/iiif/582627/manifest.json,303-0024,原病集,32
582628,https://www.digital.archives.go.jp/api/iiif/582628/manifest.json,303-0024,原病集,33
582518,https://www.digital.archives.go.jp/api/iiif/582518/manifest.json,303-0024,原病集,34
582629,https://www.digital.archives.go.jp/api/iiif/582629/manifest.json,303-0024,原病集,35
582523,https://www.digital.archives.go.jp/api/iiif/582523/manifest.json,303-0024,原病集,36
4917059,https://www.digital.archives.go.jp/api/iiif/4917059/manifest.json,303-0222,馮氏錦嚢祕錄,12
4917064,https://www.digital.archives.go.jp/api/iiif/4917064/manifest.json,303-0222,馮氏錦嚢祕錄,17
4917080,https://www.digital.archives.go.jp/api/iiif/4917080/manifest.json,303-0222,馮氏錦嚢祕錄,33
4918344,https://www.digital.archives.go.jp/api/iiif/4918344/manifest.json,305-0002,重修植物名實圖考,3
4918349,https://www.digital.archives.go.jp/api/iiif/4918349/manifest.json,305-0002,重修植物名實圖考,8
4918359,https://www.digital.archives.go.jp/api/iiif/4918359/manifest.json,305-0002,重修植物名實圖考,18
4918361,https://www.digital.archives.go.jp/api/iiif/4918361/manifest.json,305-0002,重修植物名實圖考,20
4918363,https://www.digital.archives.go.jp/api/iiif/4918363/manifest.json,305-0002,重修植物名實圖考,22
4918364,https://www.digital.archives.go.jp/api/iiif/4918364/manifest.json,305-0002,重修植物名實圖考,23
4918365,https://www.digital.archives.go.jp/api/iiif/4918365/manifest.json,305-0002,重修植物名實圖考,24
4918366,https://www.digital.archives.go.jp/api/iiif/4918366/manifest.json,305-0002,重修植物名實圖考,25
4918368,https://www.digital.archives.go.jp/api/iiif/4918368/manifest.json,305-0002,重修植物名實圖考,27
4918374,https://www.digital.archives.go.jp/api/iiif/4918374/manifest.json,305-0002,重修植物名實圖考,33
4918377,https://www.digital.archives.go.jp/api/iiif/4918377/manifest.json,305-0002,重修植物名實圖考,36
4918379,https://www.digital.archives.go.jp/api/iiif/4918379/manifest.json,305-0002,重修植物名實圖考,38
4918380,https://www.digital.archives.go.jp/api/iiif/4918380/manifest.json,305-0002,重修植物名實圖考,39
4918656,https://www.digital.archives.go.jp/api/iiif/4918656/manifest.json,305-0049,太平聖惠方,1
4918657,https://www.digital.archives.go.jp/api/iiif/4918657/manifest.json,305-0049,太平聖惠方,2
4918658,https://www.digital.archives.go.jp/api/iiif/4918658/manifest.json,305-0049,太平聖惠方,3
4918659,https://www.digital.archives.go.jp/api/iiif/4918659/manifest.json,305-0049,太平聖惠方,4
4918661,https://www.digital.archives.go.jp/api/iiif/4918661/manifest.json,305-0049,太平聖惠方,6
4918662,https://www.digital.archives.go.jp/api/iiif/4918662/manifest.json,305-0049,太平聖惠方,7
4918664,https://www.digital.archives.go.jp/api/iiif/4918664/manifest.json,305-0049,太平聖惠方,9
4918666,https://www.digital.archives.go.jp/api/iiif/4918666/manifest.json,305-0049,太平聖惠方,11
4918667,https://www.digital.archives.go.jp/api/iiif/4918667/manifest.json,305-0049,太平聖惠方,12
4918671,https://www.digital.archives.go.jp/api/iiif/4918671/manifest.json,305-0049,太平聖惠方,16
4918673,https://www.digital.archives.go.jp/api/iiif/4918673/manifest.json,305-0049,太平聖惠方,18
4918676,https://www.digital.archives.go.jp/api/iiif/4918676/manifest.json,305-0049,太平聖惠方,21
4918677,https://www.digital.archives.go.jp/api/iiif/4918677/manifest.json,305-0049,太平聖惠方,22
4918679,https://www.digital.archives.go.jp/api/iiif/4918679/manifest.json,305-0049,太平聖惠方,24
4918683,https://www.digital.archives.go.jp/api/iiif/4918683/manifest.json,305-0049,太平聖惠方,28
4918687,https://www.digital.archives.go.jp/api/iiif/4918687/manifest.json,305-0049,太平聖惠方,32
4918688,https://www.digital.archives.go.jp/api/iiif/4918688/manifest.json,305-0049,太平聖惠方,33
4918691,https://www.digital.archives.go.jp/api/iiif/4918691/manifest.json,305-0049,太平聖惠方,36
4918694,https://www.digital.archives.go.jp/api/iiif/4918694/manifest.json,305-0049,太平聖惠方,39
4918695,https://www.digital.archives.go.jp/api/iiif/4918695/manifest.json,305-0049,太平聖惠方,40
4918698,https://www.digital.archives.go.jp/api/iiif/4918698/manifest.json,305-0049,太平聖惠方,43
4918699,https://www.digital.archives.go.jp/api/iiif/4918699/manifest.json,305-0049,太平聖惠方,44
4918702,https://www.digital.archives.go.jp/api/iiif/4918702/manifest.json,305-0049,太平聖惠方,47
4918703,https://www.digital.archives.go.jp/api/iiif/4918703/manifest.json,305-0049,太平聖惠方,48
4918704,https://www.digital.archives.go.jp/api/iiif/4918704/manifest.json,305-0049,太平聖惠方,49
4918904,https://www.digital.archives.go.jp/api/iiif/4918904/manifest.json,305-0172,方以類聚,1
4918905,https://www.digital.archives.go.jp/api/iiif/4918905/manifest.json,305-0172,方以類聚,2
4918908,https://www.digital.archives.go.jp/api/iiif/4918908/manifest.json,305-0172,方以類聚,5
4918909,https://www.digital.archives.go.jp/api/iiif/4918909/manifest.json,305-0172,方以類聚,6
4918910,https://www.digital.archives.go.jp/api/iiif/4918910/manifest.json,305-0172,方以類聚,7
4918911,https://www.digital.archives.go.jp/api/iiif/4918911/manifest.json,305-0172,方以類聚,8
4918913,https://www.digital.archives.go.jp/api/iiif/4918913/manifest.json,305-0172,方以類聚,10
4918914,https://www.digital.archives.go.jp/api/iiif/4918914/manifest.json,305-0172,方以類聚,11
4918917,https://www.digital.archives.go.jp/api/iiif/4918917/manifest.json,305-0172,方以類聚,14
4918920,https://www.digital.archives.go.jp/api/iiif/4918920/manifest.json,305-0172,方以類聚,17
4918921,https://www.digital.archives.go.jp/api/iiif/4918921/manifest.json,305-0172,方以類聚,18
4918924,https://www.digital.archives.go.jp/api/iiif/4918924/manifest.json,305-0172,方以類聚,21
4918925,https://www.digital.archives.go.jp/api/iiif/4918925/manifest.json,305-0172,方以類聚,22
4918928,https://www.digital.archives.go.jp/api/iiif/4918928/manifest.json,305-0172,方以類聚,25
4918929,https://www.digital.archives.go.jp/api/iiif/4918929/manifest.json,305-0172,方以類聚,26
4918933,https://www.digital.archives.go.jp/api/iiif/4918933/manifest.json,305-0172,方以類聚,30
4918937,https://www.digital.archives.go.jp/api/iiif/4918937/manifest.json,305-0172,方以類聚,34
4918939,https://www.digital.archives.go.jp/api/iiif/4918939/manifest.json,305-0172,方以類聚,36
4918941,https://www.digital.archives.go.jp/api/iiif/4918941/manifest.json,305-0172,方以類聚,38
4918942,https://www.digital.archives.go.jp/api/iiif/4918942/manifest.json,305-0172,方以類聚,39
4918945,https://www.digital.archives.go.jp/api/iiif/4918945/manifest.json,305-0172,方以類聚,42
4918946,https://www.digital.archives.go.jp/api/iiif/4918946/manifest.json,305-0172,方以類聚,43
4918947,https://www.digital.archives.go.jp/api/iiif/4918947/manifest.json,305-0172,方以類聚,44
4918950,https://www.digital.archives.go.jp/api/iiif/4918950/manifest.json,305-0172,方以類聚,47
4918951,https://www.digital.archives.go.jp/api/iiif/4918951/manifest.json,305-0172,方以類聚,48
4918952,https://www.digital.archives.go.jp/api/iiif/4918952/manifest.json,305-0172,方以類聚,49
4918956,https://www.digital.archives.go.jp/api/iiif/4918956/manifest.json,305-0172,方以類聚,53
4918285,https://www.digital.archives.go.jp/api/iiif/4918285/manifest.json,305-0001,植物名實圖考,4
4918289,https://www.digital.archives.go.jp/api/iiif/4918289/manifest.json,305-0001,植物名實圖考,8
4918293,https://www.digital.archives.go.jp/api/iiif/4918293/manifest.json,305-0001,植物名實圖考,12
4918295,https://www.digital.archives.go.jp/api/iiif/4918295/manifest.json,305-0001,植物名實圖考,14
4918297,https://www.digital.archives.go.jp/api/iiif/4918297/manifest.json,305-0001,植物名實圖考,16
4918298,https://www.digital.archives.go.jp/api/iiif/4918298/manifest.json,305-0001,植物名實圖考,17
4918302,https://www.digital.archives.go.jp/api/iiif/4918302/manifest.json,305-0001,植物名實圖考,21
4918303,https://www.digital.archives.go.jp/api/iiif/4918303/manifest.json,305-0001,植物名實圖考,22
4918307,https://www.digital.archives.go.jp/api/iiif/4918307/manifest.json,305-0001,植物名實圖考,26
4918308,https://www.digital.archives.go.jp/api/iiif/4918308/manifest.json,305-0001,植物名實圖考,27
4918312,https://www.digital.archives.go.jp/api/iiif/4918312/manifest.json,305-0001,植物名實圖考,31
4918316,https://www.digital.archives.go.jp/api/iiif/4918316/manifest.json,305-0001,植物名實圖考,35
4918319,https://www.digital.archives.go.jp/api/iiif/4918319/manifest.json,305-0001,植物名實圖考,38
4918320,https://www.digital.archives.go.jp/api/iiif/4918320/manifest.json,305-0001,植物名實圖考,39
4918324,https://www.digital.archives.go.jp/api/iiif/4918324/manifest.json,305-0001,植物名實圖考,43
4918328,https://www.digital.archives.go.jp/api/iiif/4918328/manifest.json,305-0001,植物名實圖考,47
4918332,https://www.digital.archives.go.jp/api/iiif/4918332/manifest.json,305-0001,植物名實圖考,51
4918336,https://www.digital.archives.go.jp/api/iiif/4918336/manifest.json,305-0001,植物名實圖考,55
4918339,https://www.digital.archives.go.jp/api/iiif/4918339/manifest.json,305-0001,植物名實圖考,58
4918340,https://www.digital.archives.go.jp/api/iiif/4918340/manifest.json,305-0001,植物名實圖考,59
