num,folder,aids
別024-0005,別024-0005 飲膳正要,1079184:1
別031-0003,別031-0003 紹興校定經史證類備急本草畫,"4213546:1,4214362:2,4214363:3,4214364:4,4214365:5"
別041-0011,別041-0011 史載之方,1079249:1
別042-0008,別042-0008 本草綱目,"4469707:1,4471784:2,4471785:3,4471787:4,4471788:5,4471790:6,4471791:7,4446095:8,4446097:9,4471792:10,4446099:11,4471794:12,4471796:13,4472584:14,4446101:15,4446944:16,4446946:17,4472587:18,4472589:19,4472590:20,4472592:21,4472593:22,4446948:23,4446950:24,4446952:25,4426991:26"
別043-0011,別043-0011 程氏醫彀醫類,"4036744:1,4036745:2,4036746:3,4036747:4,4036748:5,4036749:6,4036750:7,4036751:8,4036752:9,4036753:10,4036754:11,4036755:12,4036756:13,4036757:14,4036758:15,4037427:16"
別062-0005,別062-0005 嚴氏濟生方,1078228:1
別062-0006,別062-0006 嚴氏濟生續方,1079255:1
別063-0003,別063-0003 新刊黎居士簡易方論,3611065:1
別063-0008,別063-0008 幼幼新書,3006753:1
史073-0015,史073-0015 醫史,"4499667:1,4499670:2,4499682:3,4499675:4"
子003-0004,子003-0004 分類經進近思錄集解,"4429800:1,4410484:2,4410486:3,4410488:4"
子021-0001,子021-0001 黃帝內經素問,"4473508:1,4378884:2,4378886:3,4456505:4,4379677:5,4379678:6,4456506:7,4379680:8"
子021-0002,子021-0002 京本校正解註釋文黃帝內經素問,"4413323:1,4413325:2,4413327:3,4414252:4,4414255:5,4412418:6"
子021-0003,子021-0003 內經知要,"4413352:1,4431340:2"
子021-0004,子021-0004 素問靈樞類纂約註,"4498523:1,4498524:2,4498525:3,4498526:4"
子021-0005,子021-0005 黃帝內經素問,"4432292:1,4416043:2,4416047:3,4416050:4,4416052:5,4416054:6,4416055:7,4416056:8,4416057:9,4416979:10,4416983:11,4416984:12,4416986:13,4416991:14,4417912:15,4417913:16,4432296:17,4432297:18,4432298:19,4417914:20"
子021-0006,子021-0006 王翰林集註黃帝八十一難經,"4498527:1,4498613:2,4498614:3,4498615:4,4498616:5"
子021-0007,子021-0007 圖註八十一難經辨真,"4432304:1,4417920:2,4417922:3,4417924:4"
子021-0008,子021-0008 類經,"4498618:1,4498620:2,4498622:3,4498623:4,4498625:5,4498626:6,4498627:7,636353:8,636591:9,636594:10,636598:11,636600:12,636601:13,636114:14,4498629:15,636117:16,636118:17,636121:18,636122:19,636123:20,636124:21,636126:22,636359:23,636371:24,636605:25,636609:26,636610:27,4498704:28,4498705:29,4498706:30,636613:31,636614:32,636615:33,636618:34,636619:35,636406:36,4498708:37,636410:38,636413:39,636415:40"
子021-0009,子021-0009 華氏中藏經,1079547:1
子021-0010,子021-0010 新刊勿聽子俗解八十一難經,"4495204:1,4495205:2,4495206:3"
子021-0011,子021-0011 臟腑證治圖說人鏡經,"4413356:1,4413358:2,4414285:3"
子021-0012,子021-0012 醫經遡洄集,1079551:1
子021-0013,子021-0013 新編醫經正宗,"4433253:1,4433258:2,4433260:3,4414294:4,4414295:5,4418855:6,4414300:7,4418857:8"
子021-0014,子021-0014 吳梅坡醫經會元保命奇方,"4495207:1,4495208:2,4495845:3,4495846:4,4495847:5,4495848:6,4495849:7,4495850:8,4495851:9,4495852:10"
子021-0015,子021-0015 醫經小學,"4495853:1,4495854:2,636418:3,635932:4"
子021-0016,子021-0016 醫經會解,"4415229:1,4416125:2,4419797:3,4419800:4,4419802:5,4419803:6"
子021-0017,子021-0017 醫經大旨,"4405773:1,4416137:2,4415230:3,4405777:4,4405778:5,4405781:6,4405783:7,4416161:8"
子021-0018,子021-0018 新刻華佗內照圖,1079601:1
子022-0001,子022-0001 諸病源候論,"4756287:1,4756288:2,4756289:3,4756290:4,4756291:5,4756292:6,4756293:7,4756294:8,4756295:9,4756296:10,4756297:11,4756298:12,4756299:13,4756300:14"
子022-0002,子022-0002 脾胃論,1079603:1
子022-0003,子022-0003 刪補頤生微論,"4406703:1,4416171:2,4433268:3,4434220:4"
子022-0004,子022-0004 軒岐救輿論,"4406712:1,4417058:2,4417060:3,4417062:4"
子022-0005,子022-0005 心印紺珠經,"4417064:1,4417065:2"
子022-0006,子022-0006 醫師祕笈,"4417066:1,4417067:2"
子022-0007,子022-0007 易簡方論,"4756301:1,4756302:2,4756303:3,4756304:4,4756305:5,4756306:6,4756307:7,4756308:8,4756309:9,4756310:10,4756311:11,4756312:12"
子022-0008,子022-0008 醫學要則,"4417068:1,4417069:2,4417070:3,4417071:4"
子022-0009,子022-0009 醫學三書論,1079609:1
子022-0010,子022-0010 王氏脈經,"4417072:1,4417073:2,4417074:3,4417993:4"
子022-0011,子022-0011 王氏脈經,"4417994:1,4417995:2,4417996:3"
子022-0012,子022-0012 新刊勿聽子俗解脈訣,"635934:1,635935:2"
子022-0013,子022-0013 新編診脈須知,"4417997:1,4417998:2"
子022-0014,子022-0014 脈訣,1079656:1
子022-0015,子022-0015 鍥王氏祕傳圖註八十一難經評林捷徑統宗,"4417999:1,4418000:2,4418001:3,4418002:4,4418003:5,4418004:6,4418005:7,4418006:8,4418007:9,4418008:10"
子022-0016,子022-0016 圖註王叔和脈訣,"4418930:1,4418931:2"
子022-0017,子022-0017 丹溪朱氏脈因證治,"4418932:1,4418933:2,4418934:3"
子023-0001,子023-0001 大德重校聖濟總錄,"4756313:1,4756314:2,4756315:3,4756316:4,4756317:5,4756318:6,4756319:7,4756320:8,4756321:9,4756322:10,4756323:11,4756324:12,4756325:13,4756326:14,4756327:15,4756328:16,4756329:17,4756330:18,4756331:19,4756332:20,4756333:21,4756334:22,4756335:23,4756336:24,4756337:25,4756338:26,4756339:27,4756340:28,4756341:29,4756342:30,4756343:31,4756344:32,4756345:33,4756346:34,4756347:35,4756348:36,4756349:37,4756350:38,4756351:39,4756352:40,4756353:41,4756354:42,4756355:43,4756356:44,4756357:45,4756358:46,4756359:47,4756360:48,4756361:49,4756362:50,4756363:51,4756364:52,4756365:53,4756366:54,4756367:55,4756368:56,4756369:57,4756370:58,4756371:59,4756372:60,4756373:61,4756374:62,4756375:63,4756376:64,4756377:65,4756378:66,4756379:67,4756380:68,4756381:69,4756382:70,4756383:71,4756384:72,4756385:73,4756386:74,4756387:75,4756388:76,4756389:77,4756390:78,4756391:79,4756392:80,4756393:81,4756394:82,4756395:83,4756396:84,4756397:85,4756398:86,4756399:87,4756400:88,4756401:89,4756402:90,4756403:91,4756404:92,4756405:93,4756406:94,4756407:95,4756408:96,4756409:97,4756410:98,4756411:99,4756412:100,4756413:101,4756414:102,4756415:103,4756416:104,4756417:105,4756418:106,4756419:107,4756420:108,4756421:109,4756422:110,4756423:111,4756424:112,4756425:113,4756426:114,4756427:115,4756428:116,4756429:117,4756430:118,4756431:119,4756432:120,4756433:121,4756434:122,4756435:123,4756436:124,4756437:125,4756438:126,4756439:127,4756440:128,4756441:129,4756442:130,4756443:131,4756444:132,4756445:133,4756446:134,4756447:135,4756448:136,4756449:137,4756450:138,4756451:139,4756452:140,4756453:141,4756454:142,4756455:143,4756456:144,4756457:145,4756458:146,4756459:147,4756460:148,4756461:149,4756462:150,4756463:151,4756464:152,4756465:153,4756466:154,4756467:155,4756468:156,4756469:157,4756470:158,4756471:159,4756472:160,4756473:161,4756474:162,4756475:163,4756476:164,4756477:165,4756478:166,4756479:167,4756480:168,4756481:169,4756482:170,4756483:171,4756484:172,4756485:173,4756486:174,4756487:175,4756488:176,4756489:177,4756490:178,4756491:179,4756492:180,4756493:181,4756494:182,4756495:183,4756496:184,4756497:185,4756498:186,4756499:187,4756500:188,4756501:189,4756502:190,4756503:191,4756504:192,4756505:193,4756506:194,4756507:195,4756508:196,4756509:197,4756510:198,4756511:199,4756512:200"
子025-0001,子025-0001 聖濟總錄纂要,"4379682:1,4457320:2,4457323:3,4379683:4,4457325:5,4457327:6,4457328:7,4467701:8,4467703:9,4457331:10"
子025-0002,子025-0002 新刊仁齋直指附遺方論,"635938:1,635940:2,635936:3,635941:4,635943:5,635944:6,636420:7,636424:8,636426:9,636428:10,636431:11,636432:12,636671:13,4495855:14,4495856:15,4495858:16,4495859:17,4495860:18"
子025-0003,子025-0003 養生月覽,1079658:1
子025-0004,子025-0004 安老懷幼書,"4418935:1,4418936:2,4418937:3,4418938:4"
子025-0005,子025-0005 醫說,"4433534:1,4433536:2,4433537:3,4433538:4,4433539:5"
子025-0006,子025-0006 活法機要,1083912:1
子025-0007,子025-0007 醫壘元戎,"4433540:1,4433541:2,4414819:3,4414822:4,4414824:5,4415746:6"
子025-0008,子025-0008 伊尹湯液仲景廣爲大法,"4756513:1,4756514:2,4756515:3"
子025-0009,子025-0009 海藏㿀論萃英,1079663:1
子025-0010,子025-0010 素問病機氣宜保命集,"4434490:1,4434496:2"
子025-0011,子025-0011 儒門事親,"4434502:1,4434503:2,4435443:3,4435445:4,4435447:5,4419557:6,4415753:7,4415756:8"
子025-0012,子025-0012 衛生寶鑑,"4496470:1,4496473:2,4496474:3,4496475:4,4496477:5,4496478:6,4496479:7,4496480:8,4496481:9,4496482:10"
子025-0013,子025-0013 丹溪手鏡,"4756516:1,4756517:2,4756518:3,4756519:4,4756520:5,4756521:6"
子025-0014,子025-0014 重訂丹溪先生心法,"4415761:1,4416681:2,4416683:3,4416684:4,4435456:5,4432609:6"
子025-0015,子025-0015 丹溪心法附餘,"4416691:1,4416692:2,4416693:3,4416695:4,4417617:5,4417618:6,4417619:7,4417621:8,4432617:9,4432618:10,4432620:11,4417623:12,4417625:13,4417626:14,4417628:15,4433486:16,4433490:17,4433492:18"
子025-0016,子025-0016 丹溪先生醫書纂要,"4434438:1,4434439:2,4410209:3"
子026-0001,子026-0001 醫說續編,"4496483:1,4496484:2,4497086:3,4497087:4,4497088:5,4497089:6,4497090:7,4497091:8,4497092:9,4497093:10"
子026-0002,子026-0002 新刻醫匯,"4434444:1,4434446:2,4410214:3,4416722:4,4434447:5,4434448:6,4416728:7,4417649:8,4417652:9,4417654:10,4434451:11,4434452:12,4417656:13,4417658:14,4435393:15,4435396:16"
子026-0003,子026-0003 雪潭居醫約,"4435406:1,4411140:2,4411141:3,4429730:4,4417663:5,4429733:6,4417665:7"
子026-0004,子026-0004 醫無閭子醫貫,"4411146:1,4411149:2,4429743:3"
子026-0005,子026-0005 推求師意,1079712:1
子026-0006,子026-0006 名醫類案,"4430677:1,4411151:2,4411155:3,4412078:4,4412080:5,4430683:6,4430686:7,4412082:8,4412085:9,4418593:10,4431617:11,4431620:12"
子026-0007,子026-0007 明醫雜著,"4503474:1,4503475:2,4503476:3,4503477:4,4503479:5,636674:6"
子026-0008,子026-0008 薛立齋先生內科醫按摘要,1079717:1
子026-0009,子026-0009 醫學指南,"4432560:1,4418597:2,4418598:3,4422754:4,4423682:5,4423684:6,4423686:7,4418601:8"
子026-0010,子026-0010 編註醫學入門,"4418606:1,4419533:2,4419535:3,4423694:4,4423695:5,4420862:6,4420864:7,4420865:8,4419538:9"
子026-0011,子026-0011 新刻醫學入門衡要,"4756522:1,4756523:2,4756524:3,4756525:4,4756526:5,4756527:6"
子026-0012,子026-0012 京板校正大字醫學正傳,"4420869:1,4432565:2,4432566:3,4421830:4,4420879:5,4433500:6,4433502:7,4419545:8,4419548:9,4419549:10"
子026-0013,子026-0013 太醫院補遺真傳醫學源流肯䏿大成,"4420885:1,4405519:2,4405520:3,4420888:4,4405521:5,4405522:6,4405524:7,4420893:8,4421833:9,4430687:10"
子026-0014,子026-0014 重刻增補醫學源流,"4421838:1,4421840:2,4430699:3,4421846:4,4421849:5,4430702:6,4422775:7,4431633:8"
子027-0001,子027-0001 新刻增補醫術方旨,"4422783:1,4412089:2,4422786:3,4422788:4,4423711:5,4423714:6,4423716:7,4423718:8"
子027-0002,子027-0002 新刻聶久吾先生醫學彙函,"4424656:1,4424657:2,4424658:3,4424659:4,4424660:5,4424661:6,4424662:7,4424663:8,4424664:9,4424665:10,4424666:11,4424667:12,4424668:13,4424669:14"
子027-0003,子027-0003 醫學發明,1082721:1
子027-0004,子027-0004 新刻汪先生家藏醫學原理,"4424670:1,4420895:2,4420896:3,4420897:4,4420898:5,4420899:6"
子027-0005,子027-0005 新刊醫學集成,"4420900:1,4420901:2,4420902:3,4420903:4,4420904:5,4420905:6"
子027-0006,子027-0006 醫學蒐精,"4420906:1,4420907:2,4420908:3,4420909:4"
子027-0007,子027-0007 醫學彙纂濟世丹砂,"4420910:1,4420911:2"
子027-0008,子027-0008 蒼生司命,"4421850:1,4421851:2,4421852:3,4421853:4,4421854:5,4421855:6,4421856:7,4421857:8"
子027-0009,子027-0009 醫學統旨,"4421859:1,4421860:2,4421858:3,4421861:4,4421862:5,4421863:6,4421864:7,4421865:8"
子027-0010,子027-0010 士林餘業醫學全書,"4459192:1,4396344:2,4396346:3"
子027-0011,子027-0011 醫學綱目,"4421866:1,4422789:2,4422790:3,4422791:4,4422792:5,4422793:6,4422794:7,4422795:8,4422796:9,4422797:10,4422798:11,4422799:12,4422800:13,4422801:14,4422802:15,4422803:16,4422804:17,4422805:18,4426553:19,4426554:20"
子027-0012,子027-0012 醫門正宗,"4426555:1,4426556:2,4426557:3,4426558:4,4426559:5,4426560:6"
子027-0013,子027-0013 太醫院增補捷法醫林統要外科方論大全,"4497095:1,4497096:2,4503482:3,4503483:4"
子028-0001,子028-0001 證治準繩,"584460:1,584530:2,584532:3,585310:4,584531:5,584448:6,585311:7,584533:8,584534:9,584535:10,584450:11,585312:12,584536:13,584537:14,585314:15,584538:16,584539:17,584540:18,585313:19,584449:20,584541:21,585383:22,584542:23,584543:24,584451:25,585382:26,584612:27,584529:28,584613:29,584614:30,585384:31,584616:32,584446:33,584452:34,585386:35,584615:36,584617:37,584619:38,585385:39,584618:40,584620:41,585387:42,584453:43,584621:44,584624:45,584623:46,585388:47,584454:48,584622:49,585389:50,584626:51,584625:52,584461:53,584462:54,584463:55,584455:56,585390:57,584465:58,584464:59,585391:60,584467:61,584456:62,585392:63,584466:64,584469:65,584468:66,585394:67,584545:68,584544:69,584457:70,585393:71,584547:72,584546:73,584548:74,585396:75,584458:76,584550:77,585395:78,584549:79,584551:80,584459:81,584447:82"
子029-0001,子029-0001 經驗奇效單方,1079038:1
子029-0002,子029-0002 新鍥太醫院校正刪補醫方捷徑指南全書,1079039:1
子029-0003,子029-0003 續刻簡易驗方,"4756528:1,4756529:2,4756530:3,4756531:4"
子029-0004,子029-0004 醫方選要,"4503487:1,4503488:2,4497097:3,4497098:4,4497100:5,4497101:6,4497102:7,4497706:8,4497707:9,4503530:10"
子029-0005,子029-0005 刻醫方集宜,"4420920:1,4420921:2,4420922:3,4420923:4,4420924:5"
子029-0006,子029-0006 新編山居簡要醫方便宜,"4497708:1,4497710:2,4497712:3,4503533:4"
子029-0007,子029-0007 山谷便方,1082730:1
子029-0008,子029-0008 醫方集略,"3907493:1,3907494:2,3907495:3,3907496:4,3907497:5,3907498:6"
子029-0009,子029-0009 醫方考,"4420925:1,4420926:2,4420927:3,4420928:4,4421867:5,4421868:6"
子029-0010,子029-0010 醫四種,"4421872:1,4421873:2,4412090:3,4412092:4"
子029-0011,子029-0011 醫宗粹言,"4413021:1,4413022:2,4413023:3,4413024:4,4413026:5,4413028:6,4413030:7,4413955:8,4421875:9,4421877:10"
子029-0012,子029-0012 醫聖階梯,"4421879:1,4421880:2,4421881:3,4421882:4"
子029-0013,子029-0013 醫燈續焰,"4422806:1,4422807:2,4422808:3,4422810:4,4422811:5,4413956:6,4422813:7,4422815:8"
子029-0014,子029-0014 芷園醫種,"584716:1,584631:2,584627:3,584717:4,584719:5,584718:6,584630:7,584633:8,584634:9,584635:10,584628:11,584636:12,584714:13,584632:14,584713:15,584629:16,584715:17"
子029-0015,子029-0015 國醫宗旨,"4422822:1,4423741:2,4423742:3,4423743:4"
子029-0016,子029-0016 鼎鍥太醫院頒行內外諸科方論百代醫宗,"4423748:1,4423749:2,4423751:3,4423753:4,4423754:5"
子029-0017,子029-0017 簡明醫要,"4423755:1,4424684:2,4424685:3,4424687:4"
子029-0018,子029-0018 藎齋醫要,"4424688:1,4424689:2,4424690:3,4424691:4"
子029-0019,子029-0019 程齋醫抄撮要,"4424692:1,4424693:2"
子029-0020,子029-0020 識病捷法,"4756532:1,4756533:2,4756534:3,4756535:4,4756536:5,4756537:6,4756538:7,4756539:8,4756540:9,4756541:10"
子030-0001,子030-0001 新鍥雲林神彀,"4231944:1,4413521:2,4413522:3,4413523:4"
子030-0002,子030-0002 新刊醫林狀元壽世保元,"4424694:1,4424695:2,4424696:3,4424697:4,4424699:5,4425629:6,4425631:7,4425633:8,4425634:9,4425635:10"
子030-0003,子030-0003 新刊萬病回春,"4425642:1,4425644:2,4427511:3,4427513:4,4427515:5,4427518:6,4427520:7,4427522:8"
子030-0004,子030-0004 新刊古今醫鑑,"4420930:1,4420933:2,4420936:3,4420938:4,4420941:5,4420944:6,4421884:7,4421887:8"
子030-0005,子030-0005 刻海上祕授杏林尊生要覽,"4756542:1,4756543:2,4756544:3,4756545:4,4756546:5,4756547:6,4756548:7,4756549:8,4756550:9,4756551:10,4756552:11,4756553:12"
子030-0006,子030-0006 古今醫統大全,"4421895:1,4421896:2,4421898:3,4422826:4,4422829:5,4422831:6,4422832:7,4422834:8,4422837:9,4422839:10,4423757:11,4423759:12,4423760:13,4406444:14,4423762:15,4423763:16,4423765:17,4423767:18,4423770:19,4424708:20,4424710:21,4424711:22,4424713:23,4424716:24,4427529:25,4427531:26,4427533:27,4406451:28,4427539:29,4427541:30,4427542:31,4428474:32,4428476:33,4428479:34,4428482:35,4428484:36,4428485:37,4428487:38,4428489:39,4406452:40"
子030-0007,子030-0007 簡便諸方,"4420960:1,4420962:2,4421901:3"
子030-0008,子030-0008 新刊十八大家參併名醫方考醫家赤幟益辨全書,"4406454:1,4406455:2,4421912:3,4421913:4,4412105:5,4412108:6"
子031-0001,子031-0001 景嶽全書,"4413032:1,4413034:2,4422844:3,4422846:4,4422848:5,4413037:6,4413038:7,4422850:8,4422852:9,4422854:10,4413040:11,4422855:12,4419559:13,4423776:14,4423778:15,4423781:16,4423784:17,4423787:18,4419562:19,4419564:20,4423790:21,4424718:22,4424719:23,4424721:24,4424722:25,4424725:26,4424726:27,4405531:28,4424729:29,4424731:30,4405532:31,4405533:32,4425659:33,4425662:34,4425663:35,4405535:36,4425668:37,4425671:38,4425672:39,4426604:40,4413045:41,4426608:42,4426609:43,4426611:44,4426613:45,4413047:46,4413048:47,4426615:48"
子031-0002,子031-0002 太醫院手授經驗百效內科全書,"4420804:1,4420805:2,4420806:3,4420807:4"
子031-0003,子031-0003 新刻痰火點雪,"4756554:1,4756555:2,4756556:3,4756557:4"
子031-0004,子031-0004 新鐫萬壽丹書,"4420808:1,4414348:2,4414349:3,4414350:4,4414351:5,4414352:6"
子031-0005,子031-0005 新鍥太醫院鰲頭諸症辨疑,"4418619:1,4418620:2"
子031-0006,子031-0006 新刻萬氏家傳保命歌括,"4503536:1,4497714:2,4497715:3,4497717:4,4497718:5,4503537:6,4503538:7,4503540:8,4503541:9,4503543:10,4503544:11,4503585:12"
子031-0007,子031-0007 新刻保生心鑑,1084054:1
子031-0008,子031-0008 體仁彙編,"4412940:1,4415271:2,4412941:3,4425879:4,4420845:5"
子031-0009,子031-0009 暴證知要,1079196:1
子031-0010,子031-0010 治法彙,"4415273:1,4415274:2,4415275:3,4415276:4,4420848:5,4418623:6,4425881:7,4425882:8"
子031-0011,子031-0011 病機部,"4415278:1,4419551:2"
子031-0012,子031-0012 乾坤生意,"4425883:1,4425884:2,4425885:3"
子031-0013,子031-0013 活人心,1084061:1
子031-0014,子031-0014 明醫指掌圖,"4503588:1,4503590:2,4503591:3,4503593:4,4497720:5,4497721:6"
子031-0015,子031-0015 鼎刻痰火顓門,"4419552:1,4419553:2,4419554:3,4415280:4"
子031-0016,子031-0016 新刊明醫祕傳濟世奇方萬疴必愈,"4428490:1,4420949:2,4420952:3,4420955:4,4420961:5,4421906:6"
子031-0017,子031-0017 玉機微義,"4422840:1,4422843:2,4413036:3,4422847:4,4413039:5,4422853:6,4419558:7,4423775:8,4419561:9,4419563:10,4424720:11,4424723:12"
子031-0018,子031-0018 識病捷法,"4413043:1,4426612:2,4426614:3,4426617:4,4413973:5"
子032-0001,子032-0001 赤水玄珠,"4428506:1,4429438:2,4429440:3,4429443:4,4416029:5,4429446:6,4429449:7,4416037:8,4429451:9,4416959:10,4416963:11,4416964:12,4416966:13"
子032-0002,子032-0002 醫旨緖餘,1079257:1
子032-0003,子032-0003 先醒齋筆記,"4756558:1,4756559:2"
子032-0004,子032-0004 丹臺玉案,"4420967:1,4420970:2,4420975:3,4420977:4,4416973:5,4422859:6"
子032-0005,子032-0005 達觀堂新鐫甦生的鏡,"4503596:1,4503597:2,4503599:3,4503600:4,4503641:5,4503642:6"
子032-0006,子032-0006 醫說佛乘,1079259:1
子032-0007,子032-0007 御纂醫宗金鑑,"4418842:1,4418844:2,4418845:3,4418846:4,4419777:5,4418637:6,4419778:7,4419782:8,4419568:9,4419573:10,4419578:11,4419786:12,4419582:13,4405545:14,4405550:15,4405554:16,4405556:17,4405559:18,4405763:19,4405765:20,4406477:21,4406480:22,4406481:23,4405769:24,4406486:25,4406489:26,4406491:27,4413957:28,4413959:29,4413964:30,4413966:31,4413968:32,4414897:33,4415830:34,4423794:35,4416772:36,4416775:37,4416778:38,4416780:39,4424739:40,4417700:41,4417704:42,4417707:43,4417710:44,4417712:45,4417715:46,4424745:47,4424748:48,4418645:49,4418650:50,4425686:51,4425690:52,4428511:53,4405575:54,4428512:55,4406495:56,4406496:57,4428515:58,4406501:59,4406503:60,4428517:61,4406506:62,4416793:63,4416794:64"
子032-0008,子032-0008 醫級,"4418674:1,4429464:2,4429468:3,4419607:4,4419610:5,4419615:6,4405579:7,4429470:8,4405587:9,4405591:10,4405593:11,4406510:12"
子032-0009,子032-0009 醫碥,"4412054:1,4412055:2,4412056:3,4412057:4,4412058:5,4412059:6"
子032-0010,子032-0010 醫學心悟,"4412060:1,4412981:2,4412982:3,4412983:4"
子032-0011,子032-0011 醫學集要,"4756560:1,4756561:2,4756562:3,4756563:4"
子032-0012,子032-0012 醫門法律,"4412984:1,4412985:2,4412986:3,4412987:4,4412988:5,4412989:6,4412990:7,4412991:8,4412992:9,4412993:10"
子032-0013,子032-0013 醫方集解,"4412994:1,4412995:2,4412996:3,4412997:4"
子033-0001,子033-0001 醫宗說約,"4413921:1,4413922:2,4413923:3,4413924:4"
子033-0002,子033-0002 絳雪園古方選註,"4756564:1,4756565:2,4756566:3,4756567:4,4756568:5,4756569:6"
子033-0003,子033-0003 臨證指南醫案,"4406841:1,4406842:2,4406843:3,4406844:4,4406845:5,4406846:6,4406847:7,4406848:8,4406849:9,4406850:10"
子033-0004,子033-0004 沈朗仲先生病機彙論,"4406851:1,4406852:2,4406853:3,4406854:4,4406855:5,4406856:6,4406857:7,4407764:8,4407765:9,4407766:10,4407767:11,4407768:12,4407769:13,4407770:14,4407771:15,4407772:16"
子033-0005,子033-0005 名醫彙粹,"4498326:1,4498328:2,4498329:3,4498330:4,4498332:5,4498333:6,4498335:7,4498336:8"
子033-0006,子033-0006 雜病源流犀燭,"4407773:1,4407774:2,4407775:3,4407776:4,4407777:5,4407778:6,4407779:7,4407780:8,4408698:9,4408699:10,4408700:11,4408701:12,4408702:13,4408703:14,4408704:15,4408705:16,4408706:17,4408707:18,4408708:19,4408709:20,4408710:21,4408711:22,4408712:23,4408713:24,4408714:25,4409629:26,4409630:27,4409631:28,4409632:29,4409633:30,4409634:31,4409635:32"
子033-0007,子033-0007 嵩崖尊生書,"4756570:1,4756571:2,4756572:3,4756573:4,4756574:5,4756575:6,4756576:7,4756577:8"
子033-0008,子033-0008 吳醫彙講,"4409636:1,4409637:2,4409638:3,4409639:4"
子033-0009,子033-0009 石室祕籙,"4802425:1,4802426:2,4802427:3,4802428:4,4802429:5,4802430:6"
子033-0010,子033-0010 辨證錄,"4756578:1,4756579:2,4756580:3,4756581:4,4756582:5,4756583:6,4756584:7,4756585:8,4756586:9,4756587:10,4756588:11,4756589:12"
子033-0011,子033-0011 心醫集,"4409640:1,4409641:2,4409642:3,4409643:4,4409644:5,4409645:6,4410558:7"
子033-0012,子033-0012 新鐫張介石先生意著必讀資蒙醫徑,1079324:1
子033-0013,子033-0013 證治彙補,"4410559:1,4410560:2,4410561:3,4410562:4,4410563:5,4410564:6,4410565:7,4410566:8"
子033-0014,子033-0014 新刊良朋彙集,"4410567:1,4410568:2,4410569:3,4410570:4,4410571:5"
子033-0015,子033-0015 辨證奇聞,"4498339:1,4498340:2,4488574:3,4488575:4,4488576:5,4503644:6,4503645:7,4488577:8,4488578:9,4488579:10,4503648:11,4503649:12"
子033-0016,子033-0016 筆花醫鏡,"4410572:1,4410573:2"
子034-0001,子034-0001 新刊黃帝明堂灸經,1079328:1
子034-0002,子034-0002 新刊徐氏家傳鍼灸捷法大全,"4503651:1,4503652:2"
子034-0003,子034-0003 鼎雕太醫院校正徐氏針灸大全,"4410574:1,4411500:2"
子034-0004,子034-0004 新鋟鰲頭金絲萬應膏徐氏針灸全書,"4488583:1,4488584:2,4488585:3"
子034-0005,子034-0005 鍼灸節要,"4488586:1,4488587:2,4488588:3,4488589:4,4489215:5,4489216:6,4489217:7,4489218:8,4489219:9,4489220:10"
子034-0006,子034-0006 針灸大成,"4802441:1,4802442:2,4802443:3,4802444:4,4802445:5,4802446:6,4802447:7,4802448:8,4802449:9,4802450:10"
子034-0007,子034-0007 博物知本,"4411501:1,4411502:2,4411503:3,4411504:4,4411505:5"
子034-0008,子034-0008 醫書八種,"584896:1,584895:2,584851:3,584893:4,584897:5,584898:6,584850:7,584899:8,584894:9"
子034-0009,子034-0009 東垣十書,"584902:1,584905:2,584904:3,584900:4,584903:5,584906:6,584901:7,584951:8,584952:9,584953:10"
子034-0010,子034-0010 醫學七書,"581299:1,581300:2,581393:3,581392:4,581394:5,581395:6,581396:7,581298:8,581297:9,581398:10,581397:11,581399:12"
子034-0011,子034-0011 家居醫錄,"4489223:1,4489224:2,4503654:3"
子034-0012,子034-0012 家居醫錄,"4411506:1,4411507:2"
子034-0013,子034-0013 薛氏醫按,"581283:1,581383:2,581472:3,581391:4,581473:5,581474:6,581284:7,4663188:8,4663187:9,581475:10,581477:11,581285:12,581478:13,581387:14,581378:15,581479:16,581480:17,581482:18,581481:19,581286:20,581483:21,581386:22,581379:23,581484:24,581485:25,581598:26,581388:27,581380:28,4663189:29,4663190:30,4663191:31,4663192:32,581604:33,581603:34,581605:35,581381:36,581390:37,581606:38,581382:39,581389:40,581607:41,581384:42,581608:43,581609:44,581610:45"
子035-0001,子035-0001 醫書十六種,"584955:1,585019:2,585021:3,584954:4,585022:5,585068:6,585013:7,585069:8,584956:9,585070:10,585072:11,585012:12,585071:13,585074:14,585073:15,585075:16,584957:17,585076:18,585014:19,584958:20,585077:21,585078:22,585015:23,585079:24,584959:25,585081:26,585121:27,585016:28,584960:29,585120:30,585122:31,584961:32,585124:33,585010:34,585123:35,585125:36,585017:37,585009:38,585127:39,585126:40,585129:41,585020:42,584962:43,585128:44,585018:45,585011:46,585131:47,585130:48,585133:49,585132:50,585080:51"
子035-0002,子035-0002 醫學集覽,"581489:1,581490:2,581401:3,581491:4,581405:5,581400:6,581492:7,581493:8,581494:9,581486:10,581402:11,581496:12,581495:13,581404:14,581498:15,581497:16,581499:17,581487:18,581500:19,581488:20,581403:21,581611:22"
子035-0003,子035-0003 祕傳醫奧,"585179:1,585177:2,585180:3,585176:4,585178:5,585182:6,585181:7,585175:8,585183:9"
子035-0004,子035-0004 萬密齋書,"585246:1,585184:2,585249:3,585248:4,585186:5,585250:6,585251:7,585252:8,585244:9,585185:10,585253:11,585255:12,585245:13,585254:14,585247:15,585256:16"
子035-0005,子035-0005 萬密齋書,"585257:1,585326:2,585329:3,585328:4,585397:5,585398:6,585321:7,585315:8,585400:9,585327:10,585399:11,585316:12,585402:13,585401:14,585318:15,585403:16,585404:17,585405:18,585406:19,585324:20,585317:21,585407:22,585408:23,585319:24,585409:25,585323:26,585410:27,585320:28,585411:29,584470:30,585322:31,584471:32,584472:33,585325:34"
子035-0006,子035-0006 己任編,"4411508:1,4411509:2,4411510:3,4411511:4"
子035-0007,子035-0007 青嚢雜纂,"595804:1,595802:2,595807:3,595803:4,595806:5,595805:6,595656:7,595809:8,595808:9"
子035-0008,子035-0008 靈蘭集,"584473:1,584482:2,584481:3,584478:4,584552:5,584483:6,584553:7,584555:8,584475:9,584479:10,584554:11,584474:12,584556:13,584557:14,584558:15,584559:16,584476:17,584560:18,584480:19,584477:20"
子036-0001,子036-0001 古今醫統正脈全書,"593425:1,593518:2,593645:3,593646:4,593674:5,593676:6,593675:7,593049:8,593427:9,593677:10,593678:11,593679:12,593426:13,593476:14,593680:15,593428:16,593681:17,593682:18,593683:19,593684:20,593430:21,593477:22,593685:23,593686:24,593429:25,593687:26,593479:27,593713:28,593431:29,593714:30,593715:31,593716:32,593474:33,593478:34,593717:35,593718:36,593520:37,593521:38,593550:39,593432:40,593522:41,593480:42,593433:43,593551:44,593552:45,593461:46,593554:47,593555:48,593553:49,593481:50,593434:51,593556:52,593462:53,593557:54,593558:55,593559:56,593509:57,593561:58,593463:59,593560:60,593510:61,593562:62,593563:63,593464:64,593564:65,593591:66,593592:67,593511:68,593465:69,593594:70,593593:71,593467:72,593512:73,593595:74,593596:75,593597:76,593466:77,593513:78,593599:79,593598:80,593468:81,593600:82,593601:83,593602:84,593470:85,593519:86,593603:87,593604:88,593048:89,593605:90,593514:91,593469:92,593515:93,593633:94,593471:95,593634:96,593636:97,593635:98,593637:99,593472:100,593516:101,593639:102,593473:103,593638:104,593640:105,593517:106,593641:107,593642:108,593475:109,593644:110,593643:111"
子036-0002,子036-0002 延壽書,"584561:1,584638:2,584640:3,584641:4,584562:5,584642:6,584637:7,584643:8,584563:9,584644:10,584646:11,584564:12,584639:13,584645:14,584565:15,584647:16"
子036-0003,子036-0003 士材三書,"584648:1,584919:2,584920:3,584650:4,584649:5,832346:6"
子036-0004,子036-0004 醫書七種,"584980:1,584978:2,584921:3,584979:4,584931:5,584922:6,584982:7,584981:8,584983:9,584923:10,584985:11,584984:12,584925:13,584975:14,584986:15,584987:16,584989:17,584924:18,584988:19,585036:20,584927:21,584932:22,585038:23,585037:24,585039:25,585040:26,585041:27,584977:28,584926:29,585042:30,585043:31,584928:32,585044:33,584976:34,585046:35,584929:36,585045:37,585047:38,585095:39,584930:40"
子037-0001,子037-0001 薛立齋醫書十種,"1079417:1,1079463:2,1079418:3,1079464:4,1079465:5,1079416:6,1079466:7,1079520:8,1079522:9"
子037-0002,子037-0002 醫書六種,"593924:1,593921:2,593925:3,593918:4,593926:5,593927:6,593919:7,593922:8,593923:9,593920:10"
子037-0003,子037-0003 馮氏錦嚢祕錄,"4411512:1,4411513:2,4411514:3,4411515:4,4411516:5,4434573:6,4434574:7,4434575:8,4412318:9,4412319:10,4434576:11,4434577:12,4413244:13,4413246:14,4413252:15,4434583:16,4434585:17,4434586:18,4412439:19,4412441:20"
子037-0004,子037-0004 延禧堂醫書,"585098:1,585153:2,585152:3,585097:4,585154:5,585149:6,585214:7,585096:8,585150:9,585213:10,585099:11,585151:12,585215:13,585216:14,585217:15"
子037-0005,子037-0005 石氏藏書,"585287:1,585285:2,585288:3,585289:4,585357:5,585284:6,585286:7,585356:8"
子037-0006,子037-0006 證治大還,"585358:1,584512:2,584514:3,584515:4,584592:5,585359:6,584593:7,585443:8,585360:9,584594:10,584595:11,584596:12,584510:13,585439:14,584691:15,584690:16,585438:17,584693:18,584692:19,585440:20,584694:21,584511:22,584695:23,585441:24,584747:25,584746:26,585442:27,584513:28"
子037-0007,子037-0007 六醴齋醫書,"584839:1,584838:2,584802:3,584748:4,584841:5,584840:6,584749:7,584866:8,584801:9,584842:10,584797:11,584867:12,584868:13,584837:14,584798:15,584869:16,584870:17,584871:18,584799:19,584872:20,584800:21"
子037-0008,子037-0008 醫學讀書記,"4499271:1,4499273:2"
子037-0009,子037-0009 醫學補天石,"4497743:1,4497744:2,4497745:3,4497746:4,4497747:5,4497750:6"
子037-0010,子037-0010 證治鍼經,"4396348:1,4466295:2,4396352:3,4392865:4"
子037-0011,子037-0011 陳脩園公餘醫錄四種,"4412454:1,4413380:2,4413381:3,4413382:4,4420792:5,4413383:6,4413385:7,4421750:8,4413391:9,4421751:10,4413393:11,4413394:12"
子037-0012,子037-0012 葛仙翁肘後備急方,"4414323:1,4414324:2,4421753:3,4414325:4"
子037-0013,子037-0013 劉涓子鬼遺方,"4497754:1,4499328:2"
子038-0001,子038-0001 孫真人備急千金要方,"4421754:1,4413929:2,4413930:3,4413931:4,4413932:5,4421758:6,4413934:7,4421760:8,4413936:9,4413937:10,4421763:11,4414859:12,4422709:13,4414334:14,4414335:15,4415255:16"
子038-0002,子038-0002 千金翼方,"4499332:1,4497755:2,4498359:3,4498360:4,4498362:5,4498364:6,4499333:7,4499335:8,4499336:9,4498367:10,4499337:11,4499339:12,4499341:13,4499343:14,4499395:15,4499396:16,4499397:17,4499398:18,4499399:19,4499400:20,4499401:21,4499403:22,4499404:23,4498370:24"
子038-0003,子038-0003 千金寶要,"4422712:1,4422713:2"
子038-0004,子038-0004 千金簡易方,"4488610:1,4488611:2,4499408:3,4499409:4"
子039-0001,子039-0001 重訂唐王燾先生外臺祕要方,"4422718:1,4415258:2,4415259:3,4415260:4,4422721:5,4422722:6,4415262:7,4415267:8,4415268:9,4414860:10,4414862:11,4414865:12,4416192:13,4414868:14,4416193:15,4425579:16,4414184:17,4414186:18,4425580:19,4416194:20"
子039-0002,子039-0002 唐王燾先生外臺祕要方,"4414189:1,4415796:2,4415797:3,4415799:4,4418065:5,4416996:6,4416997:7,4416998:8,4416999:9,4417000:10,4417001:11,4426552:12,4418071:13,4417005:14,4417006:15,4427496:16,4417008:17,4427498:18,4427499:19,4427500:20,4427501:21,4418998:22,4427502:23,4427503:24"
子039-0003,子039-0003 外臺祕要方,"4488614:1,4488615:2,4488617:3,4488618:4,4488619:5,4499469:6,4499470:7,4499472:8,4488620:9,4499475:10,4499477:11,4499478:12,4499479:13,4499531:14,4499532:15,4499533:16,4499534:17,4499535:18,4499536:19,4499537:20,4499538:21,4499539:22,4499540:23,4499541:24,4499542:25,4499543:26,4499544:27,4499545:28,4499546:29,4499547:30,4499599:31,4499600:32,4499601:33,4499602:34,4499603:35,4499604:36,4499605:37,4499606:38,4499607:39,4499608:40,4499610:41,4499612:42"
子040-0001,子040-0001 重刻太平惠民和劑局方,"4458135:1,4458137:2,4458140:3,4458938:4,4458942:5,4458943:6,4414455:7,4414457:8"
子040-0002,子040-0002 太平惠民和劑局方指南總論,"4488621:1,4488623:2,4498430:3"
子040-0003,子040-0003 新刊續添是齋百一選方,"4489253:1,4489255:2,4489258:3,4498441:4,4498442:5,4498528:6,4498531:7,4501715:8,4501716:9,4498534:10"
子040-0004,子040-0004 新刊續添是齋百一選方,"4501719:1,4501720:2,4489262:3,4498538:4,4498541:5,4498543:6"
子040-0005,子040-0005 備全古今十便良方,"4489915:1,630802:2,4489917:3,4489919:4,630806:5,631035:6,631040:7,4489920:8,630808:9,4489922:10,4498631:11,4489923:12,4498633:13"
子040-0006,子040-0006 類證普濟本事方,"4419946:1,4419947:2,4419949:3,4419950:4"
子040-0007,子040-0007 葉氏錄驗方,"630812:1,630813:2,630814:3,630818:4,630820:5,631769:6,631770:7,631772:8,631773:9,631777:10,631778:11,631780:12,631781:13,631782:14,4501723:15,4501724:16,4501725:17"
子040-0008,子040-0008 衛生家寶方,"4501789:1,4501790:2,4490581:3,4490582:4,4490584:5,4490586:6,4490588:7,4490591:8,4490593:9,4501792:10,4490596:11,4491247:12"
子040-0009,子040-0009 續易簡方論,"4501799:1,4491249:2,4501801:3,4501803:4,4501805:5"
子040-0010,子040-0010 魏氏家藏方,"4756591:1,4756592:2,4756593:3"
子040-0011,子040-0011 增修嚴氏濟生論方,1079497:1
子040-0012,子040-0012 雞峯普濟方,"4419956:1,4419957:2,4419958:3,4419959:4,4419960:5,4427504:6,4427505:7,4405931:8"
子040-0013,子040-0013 瑞竹堂經驗方,"4491251:1,4491253:2,4491254:3"
子040-0014,子040-0014 永類鈐方,"3895338:1,3895339:2,3895340:3,3895341:4,3895342:5,3895343:6,3895344:7,3895345:8,3895346:9,3895347:10,3895348:11,3895349:12"
子040-0015,子040-0015 癸巳新刊御藥院方,"3674762:1,3907489:2,3907490:3,3907491:4,3907492:5"
子040-0016,子040-0016 癸巳新刊御藥院方,"4408719:1,4408720:2,4408721:3,4408722:4,4427506:5"
子041-0001,子041-0001 世醫得效方,"631785:1,628197:2,628199:3,628200:4,628206:5,4491255:6,4491256:7,4491257:8,4491258:9,628211:10,4501866:11,4501867:12,4501868:13,4501869:14,4501870:15,4501872:16,628441:17,4501874:18,4501876:19,4501877:20,4501878:21"
子041-0002,子041-0002 世醫得效方,"3895350:1,3742536:2,3742414:3,3742415:4,3742417:5,3742270:6,3742392:7,3742393:8,3742394:9,3742486:10,3742514:11,3744861:12,3871326:13,3872096:14,3872097:15,3872098:16,3872099:17,3872100:18,3872101:19,3872102:20,3872103:21,3872104:22"
子041-0003,子041-0003 衛生易簡方,"4501942:1,4501943:2,628443:3,4501945:4,4501947:5,628446:6,4501950:7,4501953:8"
子041-0004,子041-0004 嶺南衛生方,1078460:1
子041-0005,子041-0005 簡易普濟良方,"4416746:1,4408727:2,4408729:3,4408730:4,4408731:5,4409652:6"
子041-0006,子041-0006 太醫院經驗奇效良方大全,"4409655:1,4409657:2,4409659:3,4417927:4,4417928:5,4410588:6,4410589:7,4417932:8,4417933:9,4427507:10,4411518:11,4427509:12,4427510:13,4411521:14,4428458:15,4428459:16,4428460:17,4428461:18,4428462:19,4428463:20"
子041-0007,子041-0007 萬氏家抄濟世良方,"4417672:1,4417674:2,4429428:3,4429429:4,4412458:5,4429431:6,4429432:7"
子041-0008,子041-0008 經驗濟世良方,"4432315:1,4432316:2,4432317:3,4432318:4"
子041-0009,子041-0009 仁文書院集驗方,"4432319:1,4432320:2,4432322:3,4418607:4,4433269:5,4433270:6,4433271:7"
子041-0010,子041-0010 新集救急療貧易簡奇方,1079557:1
子041-0011,子041-0011 備急良方,1084024:1
子041-0012,子041-0012 新鍥千選回生達寶祕傳明論醫方,"4433272:1,4433273:2,4433279:3,4433274:4,4433275:5,4433276:6,4433277:7,4433278:8"
子041-0013,子041-0013 新鍥王氏家傳濟世碎金方,"4418085:1,4418086:2,4418087:3,4418088:4"
子042-0001,子042-0001 新刊袖珍方,"4756594:1,4756595:2,4756596:3,4756597:4,4756598:5,4756599:6,4756600:7,4756601:8"
子042-0002,子042-0002 試效神聖保命方,"4502014:1,4502016:2,4502019:3,4502020:4,4502022:5,4502024:6,628220:7,4502027:8,628221:9,4502029:10"
子042-0003,子042-0003 延壽神方,"4419019:1,4419020:2"
子042-0004,子042-0004 新刊續扶壽精方,"4419021:1,4419022:2,4419023:3"
子042-0005,子042-0005 攝生衆玅方,"4419024:1,4419025:2,4419026:3,4419027:4"
子042-0006,子042-0006 虺後方,1084021:1
子042-0007,子042-0007 慈惠方,1078234:1
子042-0008,子042-0008 醫方集略,"3871354:1,3871355:2,3871356:3,3871357:4,3871358:5,3871359:6,3871360:7"
子042-0009,子042-0009 新刊精選醫方摘要,"4419028:1,4419029:2,4419030:3,4419031:4,4419961:5,4419962:6"
子042-0010,子042-0010 新刊醫家必用,"3870550:1,3870551:2,3870552:3"
子042-0011,子042-0011 類集試驗良方,"4756602:1,4756603:2"
子042-0012,子042-0012 惠民正方,"4392870:1,4392872:2"
子042-0013,子042-0013 救急易方,1079673:1
子042-0014,子042-0014 增補醫貫奇方,1084028:1
子042-0015,子042-0015 新鐫窮鄉便方,1079724:1
子042-0016,子042-0016 校增救急易方,"628223:1,4491260:2,4491261:3,4491262:4"
子042-0017,子042-0017 師古齋彙聚簡便單方,"4419963:1,4419964:2,4419965:3,4419966:4,4419967:5,4419968:6"
子042-0018,子042-0018 醫便,"4419969:1,4419970:2"
子042-0019,子042-0019 本草單方,"4419976:1,4412942:2,4431651:3,4431653:4,4431654:5,4431656:6"
子042-0020,子042-0020 重證本草單方,"4412946:1,4413871:2,4413873:3,4413875:4,4413876:5"
子042-0021,子042-0021 本草類方,"4413879:1,4431661:2,4413881:3,4413884:4,4414808:5,4431664:6,4414810:7,4431665:8,4414812:9,4432593:10"
子042-0022,子042-0022 淮南昭陽李氏家藏奇驗祕方,"4756604:1,4756605:2,4756606:3,4756607:4,4756608:5"
子042-0023,子042-0023 祕方集驗,"4432608:1,4433535:2"
子043-0001,子043-0001 醫品補遺,1079727:1
子043-0002,子043-0002 王肖乾先生行笈驗方,"4756609:1,4756610:2,4756611:3,4756612:4"
子043-0003,子043-0003 萬全備急方,"4414813:1,4414814:2"
子043-0004,子043-0004 急救危症簡便驗方,"4491915:1,4491916:2,4502092:3,4502093:4,4502094:5,4502095:6,4502096:7,4502098:8,4502099:9,4502101:10,4502102:11,4502103:12"
子043-0005,子043-0005 成方切用,"4414815:1,4414817:2,4414818:3,4414820:4,4414823:5,4415745:6,4433542:7,4433543:8"
子043-0006,子043-0006 臨證經驗方,1079780:1
子043-0007,子043-0007 神農本草經疎,"4415748:1,4415749:2,4433549:3,4434487:4,4434488:5,4434489:6,4434491:7,4434492:8,4434493:9,4434494:10,4415751:11,4434495:12,4434497:13,4434498:14,4434500:15,4434501:16"
子043-0008,子043-0008 重修政和經史證類備用本草,"4756613:1,4756614:2,4756615:3,4756616:4,4756617:5,4756618:6,4756619:7,4756620:8,4756621:9,4756622:10,4756623:11,4756624:12,4756625:13,4756626:14,4756627:15,4756628:16,4756629:17,4756630:18,4756631:19,4756632:20,4756633:21,4756634:22,4756635:23,4756636:24,4756637:25"
子043-0009,子043-0009 新鐫本草綱目類纂必讀,"4435442:1,4435444:2,4435446:3,4419555:4,4435448:5,4415754:6,4415757:7,4435449:8,4435451:9,4415759:10,4435452:11,4416680:12,4416682:13,4435454:14,4435455:15,4435457:16,4432610:17,4432611:18,4432613:19,4432614:20,4416685:21,4416687:22,4416689:23,4416690:24"
子043-0010,子043-0010 圖像本草蒙筌,"4416694:1,4417616:2,4432616:3,4417620:4,4417622:5"
子043-0011,子043-0011 新鐫三集本草炮製藥性賦,"4433584:1,4434521:2,4434522:3,4434523:4,4434524:5,4434526:6"
子043-0012,子043-0012 平易方,"4434529:1,4434531:2,4434532:3,4406412:4"
子044-0001,子044-0001 本草發明,"4491920:1,4491921:2,4502166:3,4502167:4,4502168:5,4502169:6"
子044-0002,子044-0002 本草新編,"4434536:1,4406415:2,4406417:3,4406418:4,4435475:5,4435477:6"
子044-0003,子044-0003 分部本草妙用,"4756638:1,4756639:2,4756640:3,4756641:4,4756642:5,4756643:6,4756644:7"
子044-0004,子044-0004 本草彙箋,"4435478:1,4435480:2,4435482:3,4435483:4,4406422:5,4435487:6"
子044-0005,子044-0005 本草權度,"4756646:1,4756647:2,4756648:3"
子044-0006,子044-0006 新刊官板本草真詮,"4756649:1,4756650:2"
子044-0007,子044-0007 本草述,"4406423:1,4407339:2,4407340:3,4407342:4,4407343:5,4435490:6,4435491:7,4434540:8,4434542:9,4434544:10,229367:11,229368:12,4407344:13,4407345:14,4407346:15,229376:16,4407347:17,4407348:18,4407349:19,4407350:20,4434546:21,4434547:22,4407352:23,4434549:24"
子044-0008,子044-0008 本草洞詮,"4756651:1,4756652:2,4756653:3,4756654:4"
子044-0009,子044-0009 本草從新,"4408280:1,4408282:2,4408285:3,4408287:4,4408289:5,4408292:6"
子044-0010,子044-0010 本草備要,"4434552:1,4434553:2"
子044-0011,子044-0011 夕菴讀本草快編,"4409210:1,4435492:2,4435493:3,4435494:4"
子044-0012,子044-0012 珍珠囊指掌補遺藥性賦,"4409212:1,4435498:2"
子044-0013,子044-0013 圖經節要補增本草歌括,"4756655:1,4756656:2,4756657:3,4756658:4"
子044-0014,子044-0014 藥性奇方,"4756659:1,4756660:2,4756661:3,4756662:4"
子044-0015,子044-0015 太醫院補遺本草歌訣雷公炮製,"4435500:1,4409217:2,4409218:3,4409220:4"
子044-0016,子044-0016 鐫補雷公炮製藥性解,"4410135:1,4410137:2"
子044-0017,子044-0017 新鍥藥性會元,"4410141:1,4435502:2,4435505:3"
子044-0018,子044-0018 新刊藥性要略大全,"4410145:1,4435509:2,4435511:3,4435513:4"
子045-0001,子045-0001 仁壽堂藥鏡,"4414462:1,4458946:2"
子045-0002,子045-0002 食物本草,"4756663:1,4756664:2,4756665:3,4756666:4,4756667:5,4756668:6,4756669:7,4756670:8,4756671:9,4756672:10,4756673:11,4756674:12,4756675:13,4756676:14,4756677:15,4756678:16,4756679:17,4756680:18,4756681:19,4756682:20,4756683:21"
子045-0003,子045-0003 飲食書,"4435519:1,4407391:2"
子045-0004,子045-0004 新刻食鑑本草,1079046:1
子045-0005,子045-0005 山公醫旨食物類,"4407394:1,4407395:2,4407396:3,4435521:4"
子045-0006,子045-0006 食物本草會纂,"4435522:1,4435524:2,4407397:3,4407398:4,228714:5,4407400:6,4410147:7,4410149:8"
子045-0007,子045-0007 金匱玉函經,"4491922:1,4491923:2,4491924:3,4491925:4"
子045-0008,子045-0008 金匱要略直解,"4411073:1,4407403:2,4407405:3,4411074:4"
子045-0009,子045-0009 金匱心典,"4411077:1,4411078:2,4411079:3"
子045-0010,子045-0010 金匱要略方論本義,"4756684:1,4756685:2,4756686:3,4756687:4,4756688:5,4756689:6,4756690:7"
子045-0011,子045-0011 金匱翼,"4411080:1,4411081:2,4408327:3,4408328:4,4411083:5,4408329:6,4408330:7,4408331:8"
子045-0012,子045-0012 張仲景金匱要略論註,"4408332:1,4408334:2,4408335:3,4408337:4,4408338:5,4411084:6"
子045-0013,子045-0013 仲景全書,"4408339:1,4411085:2,4411087:3,4408342:4,4408343:5,4411088:6,4425887:7,4412011:8,4412012:9,4425889:10"
子045-0014,子045-0014 新鐫類證增註傷寒百問歌,"4491926:1,4491927:2,4491928:3,4491929:4"
子045-0015,子045-0015 傷寒總病論,1079098:1
子045-0016,子045-0016 劉河間傷寒三書,"4412013:1,4425894:2,4425895:3,4426826:4,4426828:5,4426829:6"
子045-0017,子045-0017 劉河間醫學六書,"593320:1,593341:2,593322:3,4663488:4,4663490:5,4663489:6,593344:7,593345:8,593323:9,593346:10,593340:11"
子045-0018,子045-0018 新鐫陶節菴家藏傷寒六書,"4496494:1,4496495:2,4496496:3,4496497:4,4496498:5,4496499:6"
子045-0019,子045-0019 陶節菴全生集,"4409263:1,4426832:2,4426833:3,4426834:4"
子045-0020,子045-0020 傷寒論條辨,"4426837:1,4409264:2"
子045-0021,子045-0021 傷寒論後條辨,"4426840:1,4427766:2,4409268:3,4409270:4,4409271:5,4409273:6,4427767:7,4427768:8"
子045-0022,子045-0022 傷寒治例,1079150:1
子045-0023,子045-0023 新鐫註解張仲景傷寒發微論,"4427769:1,4427770:2"
子045-0024,子045-0024 東垣先生傷寒正脈,"4427772:1,4412015:2,4412017:3,4412019:4,4412020:5,4412022:6,4412024:7,4412026:8,4412948:9,4412949:10"
子046-0001,子046-0001 金鏡內臺方議,"4415851:1,4415853:2"
子046-0002,子046-0002 傷寒蘊要全書,"4756691:1,4756692:2,4756693:3,4756694:4"
子046-0003,子046-0003 類編傷寒活人書括指掌圖論,"4415855:1,4415856:2"
子046-0004,子046-0004 傷寒論,"4415861:1,4405536:2,4405537:3,4405538:4,4415863:5,4416782:6"
子046-0005,子046-0005 新纂傷寒溯源,"4416785:1,4416787:2,4416788:3,4405540:4,4405542:5,4406459:6"
子046-0006,子046-0006 傷寒論直解,"4406465:1,4406466:2,4406467:3,4412284:4"
子046-0007,子046-0007 孝慈備覽,"4413216:1,4413217:2,4413218:3,4413219:4"
子046-0008,子046-0008 傷寒論本義,"4413224:1,4413226:2,4414151:3,4414152:4,4414153:5,4414154:6,4414156:7,4414157:8"
子046-0009,子046-0009 再重訂傷寒集註,"4496500:1,4496501:2,4497103:3,4497104:4,4497105:5,4497106:6"
子046-0010,子046-0010 傷寒述微,1079351:1
子046-0011,子046-0011 傷寒分經,"4406472:1,4414160:2,4406474:3,4414162:4,4417692:5,4417694:6,4414163:7,4428493:8"
子046-0012,子046-0012 傷寒意珠篇,"4428495:1,4415086:2"
子046-0013,子046-0013 傷寒論註來蘇集,"4428498:1,4428500:2,4428501:3,4415092:4,4415093:5,4415095:6"
子046-0014,子046-0014 瘟疫論類編,"4415099:1,4415100:2,4415102:3,4428502:4,4428504:5,4428505:6"
子046-0015,子046-0015 溫熱暑疫全書,"4497107:1,4497108:2,4497109:3,4497110:4"
子046-0016,子046-0016 問心堂溫病條辨,"4756695:1,4756696:2,4756697:3,4756698:4,4756699:5,4756700:6"
子046-0017,子046-0017 濟生產寶論方,1079207:1
子046-0018,子046-0018 胤產全書,"4429441:1,4429442:2,4416026:3,4429445:4"
子046-0019,子046-0019 產鑑,"4497111:1,4497112:2"
子046-0020,子046-0020 便產須知,"4497113:1,4497114:2"
子046-0021,子046-0021 新刻萬氏家傳廣嗣紀要,"4416034:1,4416036:2"
子046-0022,子046-0022 對症用藥賦,1084096:1
子046-0023,子046-0023 廣嗣五種備要,"4429453:1,4416961:2"
子046-0024,子046-0024 女科百病問答,"4497115:1,4497116:2,4497117:3,4497118:4"
子046-0025,子046-0025 大生要旨,"4417697:1,4417698:2"
子046-0026,子046-0026 女科經綸,"4756701:1,4756702:2,4756703:3,4756704:4"
子046-0027,子046-0027 女科切要,"4418625:1,4418627:2"
子047-0001,子047-0001 濟陰綱目,"4418630:1,4418632:2,4429454:3,4420964:4,4422862:5,4422863:6,4422865:7,4422866:8,4422868:9,4416975:10"
子047-0002,子047-0002 幼幼新書,"4418635:1,4418636:2,4418638:3,4418639:4,4418640:5,4419779:6,4419780:7,4419781:8,4419783:9,4419569:10,4419570:11,4419571:12,4419574:13,4419575:14,4419577:15,4419785:16,4419787:17,4419580:18,4419583:19,4405544:20,4405547:21,4405549:22,4405551:23,4405553:24"
子047-0003,子047-0003 類證註釋錢氏小兒方訣,1079335:1
子047-0004,子047-0004 小兒衛生總微論方,"4756705:1,4756706:2,4756707:3,4756708:4"
子047-0005,子047-0005 推拿廣意,"4419792:1,4405754:2"
子047-0006,子047-0006 新刻太醫院校授丹溪祕藏幼科捷徑全書,"4466301:1,4392878:2,4466304:3,4467111:4"
子047-0007,子047-0007 原幼心法,"4405558:1,4405760:2,4405761:3"
子047-0008,子047-0008 活幼心法,"4497722:1,4497723:2"
子047-0009,子047-0009 奇效醫述,"4406475:1,4406476:2"
子047-0010,子047-0010 活幼便覽,"4490572:1,4490573:2"
子047-0011,子047-0011 全幼心鑑,"4405766:1,4405767:2,4405768:3,4406482:4,4406484:5,4406485:6,4406488:7,4406490:8"
子047-0012,子047-0012 慈幼筏,"4413958:1,4413961:2,4413962:3,4413963:4"
子047-0013,子047-0013 嬰童百問,"4413969:1,4413970:2,4413971:3,4414894:4,4414895:5"
子047-0014,子047-0014 新鋟兒科選粹太乙仙傳活嬰祕旨推拿方脈,1079392:1
子048-0001,子048-0001 保嬰全書,"4414898:1,4414899:2,4414900:3,4414901:4,4414902:5,4414903:6,4414904:7,4414905:8,4414906:9,4414907:10,4414908:11,4414909:12,4422873:13,4423791:14,4423792:15,4423793:16,4423795:17,4423796:18,4423797:19,4423798:20"
子048-0002,子048-0002 兒科方要,1079394:1
子048-0003,子048-0003 鼎鍥幼幼集成,"4490575:1,4490576:2,4490574:3,4490577:4,4490578:5,4490579:6,4491229:7,4491230:8,4491231:9,4491232:10,4491233:11,4491234:12"
子048-0004,子048-0004 誠書,"4423799:1,4423800:2,4423801:3,4423802:4,4423803:5,4423804:6,4423805:7,4423806:8,4423807:9,4424736:10,4424734:11,4424735:12"
子048-0005,子048-0005 救偏瑣言,"4415832:1,4415833:2,4415834:3,4415835:4"
子048-0006,子048-0006 太醫院精選急救小兒良方直旨,1083946:1
子048-0007,子048-0007 聞人氏痘疹論,"4491235:1,4491236:2"
子048-0008,子048-0008 聞人氏伯圜先生痘疹論,1083954:1
子048-0009,子048-0009 袁氏痘疹全書,"4415837:1,4415838:2,4415840:3,4415841:4"
子048-0010,子048-0010 痘疹全書,"4415843:1,4415844:2"
子048-0011,子048-0011 痘疹心要,"4416765:1,4416767:2,4416770:3,4416771:4"
子048-0012,子048-0012 痘疹世醫心法,"4416773:1,4416774:2,4416776:3,4416777:4,4424738:5,4416779:6"
子048-0013,子048-0013 痘疹格致要論,"4424742:1,4417702:2,4424743:3"
子048-0014,子048-0014 痘經,"4417713:1,4417714:2,4417716:3"
子048-0015,子048-0015 新鐫鄭先生痘經會成保嬰慈錄,"4418643:1,4418646:2,4418648:3,4418649:4"
子048-0016,子048-0016 程氏家傳經驗痧痲痘疹祕玅集要,"4491238:1,4491239:2,4491237:3,4491240:4,4491241:5"
子048-0017,子048-0017 陳蔡二先生合併痘疹方,1079501:1
子048-0018,子048-0018 保嗣痘疹靈應仙書,1078138:1
子048-0019,子048-0019 增定痘疹寶鑑,1079503:1
子048-0020,子048-0020 支氏痘疹玄機,"4756709:1,4756710:2"
子048-0021,子048-0021 痘治理辨,"4419585:1,4419588:2"
子048-0022,子048-0022 祕傳經驗痘疹方,"4756711:1,4756712:2,4756713:3,4756714:4"
子048-0023,子048-0023 祕傳經驗痘疹良方,"4756715:1,4756716:2,4756717:3"
子048-0024,子048-0024 痘科鍵,"4419592:1,4419595:2"
子048-0025,子048-0025 痘科鍵,"636336:1,636338:2,4491243:3,636579:4"
子048-0026,子048-0026 痘科切要,1079561:1
子048-0027,子048-0027 痘疹一覽,1079563:1
子048-0028,子048-0028 小兒痘疹二症全書,"4405566:1,4425676:2"
子048-0029,子048-0029 新鐫痘疹心印,"636585:1,4487205:2,629422:3,4491898:4"
子048-0030,子048-0030 博愛心鑑痘疹,1079618:1
子049-0001,子049-0001 東甌張氏清源活水保孾痘證百問歌,"4425680:1,4425682:2,4405568:3"
子049-0002,子049-0002 東甌張氏清源活水保嬰痘證百問歌,1079620:1
子049-0003,子049-0003 博集稀痘方論,1083957:1
子049-0004,子049-0004 毓麟芝室痘科祕傳玉髓經金鏡錄全書,"4425691:1,4428509:2,4428510:3,4405572:4"
子049-0005,子049-0005 重刻補遺祕傳痘疹玉髓金鏡錄,"4406492:1,4406493:2"
子049-0006,子049-0006 痘科類編釋意,"631603:1,631606:2,4491901:3,4491903:4"
子049-0007,子049-0007 毓麟芝室痘科祕傳,"4428514:1,4406498:2,4406500:3,4406502:4"
子049-0008,子049-0008 痧痘集解,"585221:1,585222:2,585218:3,585290:4,585219:5,585220:6,585223:7"
子049-0009,子049-0009 痘學真傳,"4406505:1,4406507:2,4416790:3,4416792:4"
子049-0010,子049-0010 天花精言,"4416798:1,4417719:2"
子049-0011,子049-0011 引痘略,"631607:1,4491906:2"
子049-0012,子049-0012 種痘新書,"4417725:1,4417726:2,4417728:3,4417729:4,4417732:5,4418658:6"
子049-0013,子049-0013 瘡瘍經驗全書,"4418666:1,4418668:2,4418669:3,4428522:4,4428524:5,4429456:6"
子049-0014,子049-0014 瘡瘍經驗全書,"4429462:1,4418672:2,4419601:3,4419603:4,4429463:5,4429466:6"
子049-0015,子049-0015 瘍科選粹,"4419613:1,4419616:2,4405577:3,4405580:4,4405583:5,4429471:6,4430399:7,4405589:8"
子049-0016,子049-0016 瘍醫大全,"4406512:1,4430402:2,4430404:3,4430406:4,4430408:5,4406515:6,4406516:7,4406519:8,4406521:9,4406523:10,4430409:11,4430410:12,4430411:13,4430412:14,4423910:15,4420982:16,4423912:17,4423914:18,4423916:19,4423917:20,4423918:21,4423919:22,4423920:23,4423921:24,4423922:25,4420984:26,4420985:27,4423925:28,4424852:29,4420986:30,4420988:31,4420990:32,4420992:33,4420994:34,4420995:35,4421935:36,4421936:37,4421937:38,4421939:39,4421941:40,4421944:41,4421945:42,4421947:43,4421948:44,4421950:45,4422874:46,4422879:47,4422882:48,4422883:49,4422885:50,4422887:51,4422888:52,4422890:53,4423809:54,4423810:55,4423812:56,4423814:57,4423815:58,4423816:59,4423817:60,4423818:61,4423819:62,4423820:63,4423821:64"
子049-0017,子049-0017 外科精要,"3766019:1,3766020:2"
子049-0018,子049-0018 外科精要,"628482:1,4491911:2,4491912:3"
子049-0019,子049-0019 外科精義,1079783:1
子049-0020,子049-0020 外科纂要經驗良方,"4423936:1,4423941:2,4423942:3"
子049-0021,子049-0021 外科樞要,"4492565:1,628483:2,4492568:3,4492569:4"
子049-0022,子049-0022 申斗垣校正外科啓玄,"628719:1,628725:2,628731:3,628962:4,628965:5,628968:6"
子050-0001,子050-0001 新刊外科正宗,"4458948:1,4468509:2,4468510:3,4474309:4"
子050-0002,子050-0002 外科集驗方,"4424873:1,4424875:2"
子050-0003,子050-0003 參訂仙傳外科祕方,"4424879:1,4424880:2"
子050-0004,子050-0004 大河外科,1078184:1
子050-0005,子050-0005 新刊內外科正宗,"4424881:1,4424882:2,4424883:3,4424884:4,4424885:5,4425811:6,4430431:7,4425813:8,4425815:9,4425816:10,4425817:11,4425819:12,4431362:13,4431365:14,4431367:15,4431370:16"
子050-0006,子050-0006 新刊祕授外科百效全書,"4492571:1,4492573:2,4492575:3,4492577:4"
子050-0007,子050-0007 外科症治全生集,"4414816:1,4414821:2"
子050-0008,子050-0008 外科大成,"4433544:1,4433545:2,4433546:3,4433547:4,4433548:5,4415747:6,4415750:7,4433550:8"
子050-0009,子050-0009 喉科指掌,"4498800:1,4492579:2"
子050-0010,子050-0010 釋骨,1083717:1
子050-0011,子050-0011 新刻祕傳眼科七十二證全書,"4415752:1,4434499:2"
子050-0012,子050-0012 崑山顧公醫眼論并方,3611106:1
子050-0013,子050-0013 傅氏眼科審視瑶函,"4419556:1,4415755:2,4415758:3,4435450:4,4415760:5,4435453:6"
子050-0014,子050-0014 新刊明目良方,1083992:1
子050-0015,子050-0015 祕傳眼科龍木醫書總論,"4756718:1,4756719:2"
子050-0016,子050-0016 新編鴻飛集論眼科,1079003:1
子050-0017,子050-0017 元亨療馬集,"4432612:1,4432615:2,4416686:3,4416688:4"
子058-0002,子058-0002 玉髓真經,"4756763:1,4756764:2,4756765:3,4756766:4,4756767:5,4756768:6,4756769:7,4756770:8,4756771:9,4756772:10,4756773:11,4756774:12,4756775:13,4756776:14"
子058-0009,子058-0009 新鐫徐氏家藏羅經項門針,"4428712:1,4413900:2"
子196-0042,子196-0042 本草綱目,"3769622:1,4425716:1,3938996:2,4425717:2,3938997:3,3938998:4,3938999:5,3939000:6,3939001:7,3939002:8,3939003:9,3939004:10,3939005:11,3939006:12,3930146:13,3930147:14,3930148:15,3930149:16,3930150:17,3930151:18,3930152:19,3930153:20,3930154:21,3930155:22,3930156:23,3930157:24,3930158:25,3930159:26,3930160:27,4005793:28,4005794:29,4005795:30,4005796:31,4005797:32,4005798:33,4005799:34,4005800:35,4005801:36,4005802:37,4005803:38,4005804:39,4005805:40,4005806:41,4006622:42,4006623:43,4006624:44,3930161:45"
子258-0001,子258-0001 新刊子午流注鍼經,1083636:1
子258-0002,子258-0002 新刊官本類證醫林集要,"4423822:1,4423823:2,4423824:3,4424751:4,4424752:5,4424753:6,4424754:7,4424755:8,4424756:9,4424757:10,4424758:11,4424759:12,4424760:13,4424761:14,4424762:15,4424763:16,4424764:17,4424765:18,4424766:19,4425692:20"
子258-0003,子258-0003 醫鏡,"4427594:1,4427595:2,4428540:3,4428541:4"
子258-0004,子258-0004 新刻針醫參補馬經大全,"635564:1,635565:2,635566:3,635567:4"
子258-0005,子258-0005 新編輯成牛醫方,"633249:1,633252:2,633465:3,633466:4"
子259-0001,子259-0001 醫林撮要,"3532274:1,3532275:2,3532276:3,3532277:4,3532278:5,3532279:6,3532280:7,3532281:8,3532282:9,3532324:10,3532325:11,3532326:12,3532327:13"
子259-0002,子259-0002 東醫寶鑑,"4429472:1,4429473:2,4429474:3,4429475:4,4429476:5,4429477:6,4429479:7,4423927:8,4429480:9,4423930:10,4423931:11,4429482:12,4429483:13,4429485:14,4429486:15,4429488:16,4430416:17,4430417:18,4430419:19,4430420:20,4430421:21,4430422:22,4430423:23,4430424:24,4430425:25"
子259-0003,子259-0003 痘瘡集要,"633468:1,4489871:2"
子278-0004,子278-0004 雜病治例,1076429:1
子298-0175,子298-0175 分類經進近思錄集解,"3636282:1,3636283:2,3636339:3"
子298-0176,子298-0176 分類經進近思錄集解,"4203689:1,4203690:2,4203691:3,4204538:4"
子300-0068,子300-0068 周憲王救荒本草,"229160:1,229164:2,229170:3,547415:4,547416:5,2318277:6,2318278:7,2318279:8,2318280:9"
子300-0074,子300-0074 周憲王救荒本草,"4782802:1,4782803:2,4782804:3,4782805:4,4782806:5,4782807:6,4782808:7,4782809:8,4782810:9,4782811:10,4782812:11,4782813:12,4782814:13,4782815:14,4782816:15,4782817:16,4782818:17"
子300-0075,子300-0075 周憲王救荒本草,"4443898:1,4443900:2"
子300-0076,子300-0076 周憲王救荒本草,"4221521:1,4107819:2,4107821:3,4107823:4,4107824:5,4107825:6,4107826:7,4107828:8,4107829:9,4107831:10,4221525:11,4221526:12,4221527:13,4221529:14,4221530:15,4221532:16,4221534:17"
子300-0077,子300-0077 周憲王救荒本草,"2318283:1,2318284:2,2318285:3,2318286:4,2318287:5,2318288:6,2318289:7"
子300-0083,子300-0083 周憲王救荒本草,1079475:1
子300-0135,子300-0135 新刊素問入式運氣論奧,1079643:1
子300-0136,子300-0136 黃帝內經素問集註,"4111239:1,4111241:2,4111243:3,4111245:4,4111246:5,4111247:6,4111248:7,4112094:8,4112097:9,4112099:10"
子300-0137,子300-0137 黃帝內經素問,"4228794:1,4228796:2,4229688:3,4229690:4,4229692:5,4229694:6,4229696:7,4229698:8"
子300-0138,子300-0138 黃帝內經素問,"4229703:1,4229704:2,4215987:3,4215989:4,4215991:5,4215993:6,4112102:7,4112104:8,4112107:9"
子300-0139,子300-0139 補註釋文黃帝內經素問,"3743237:1,3743238:2,3743333:3,3743334:4,3743437:5,3743438:6,3743439:7"
子300-0140,子300-0140 重廣補注黃帝內經素問,"4112952:1,4112953:2,4215995:3,4215997:4,4215999:5,4216001:6,4216003:7,4216903:8"
子300-0141,子300-0141 重廣補注黃帝內經素問,"4225150:1,4225151:2,4225152:3,4225153:4,4115495:5,4115496:6,4115497:7,4115498:8,4225154:9"
子300-0142,子300-0142 黃帝內經素問,"4225155:1,4225156:2,4225157:3,4225158:4,4225159:5,4225160:6,4225161:7,4226042:8"
子300-0143,子300-0143 黃帝內經素問,"4770112:1,4770113:2,4770114:3,4770115:4,4770116:5,4770117:6,4770118:7,4770119:8"
子300-0144,子300-0144 黃帝內經素問,"4226043:1,4226044:2,4226045:3,4226046:4,4226047:5,4226048:6,4226049:7,4226050:8"
子300-0145,子300-0145 新刊註釋素問玄機原病式,1084250:1
子300-0146,子300-0146 重廣補注黃帝內經素問,"4226051:1,4226052:2,4226053:3,4226054:4,4226055:5"
子300-0147,子300-0147 重廣補注黃帝內經素問,"4914758:1,4914759:2,4914760:3,4914761:4,4914762:5,4914763:6,4914764:7,4914765:8,4914766:9,4914767:10"
子300-0148,子300-0148 素問鈔補正,1083546:1
子300-0149,子300-0149 靈樞經,"4226056:1,4226057:2,4226058:3,4226949:4,4226950:5"
子300-0150,子300-0150 新刊黃帝內經靈樞,"4226951:1,4226952:2,4226953:3,4226954:4"
子300-0151,子300-0151 黃帝內經素問,"4226955:1,4226956:2,4226957:3,4226958:4"
子300-0152,子300-0152 讀素問鈔,"4226959:1,4226960:2,4226961:3"
子300-0153,子300-0153 刻黃帝內經素問鈔,"3742667:1,3743153:2,3743735:3,3743736:4,3743674:5"
子300-0154,子300-0154 黃帝內經素問節文註釋,"4226964:1,4227857:2,4227863:3,4227864:4,4227865:5,4227866:6,4227867:7,4227869:8"
子300-0155,子300-0155 補註釋文黃帝內經素問,"4228764:1,4228766:2,4228767:3,4228768:4,4228769:5,4228770:6,4228771:7,4228772:8,4228773:9,4228775:10,4228776:11,4228778:12,4115500:13"
子300-0156,子300-0156 讀素問鈔,"4116347:1,4116348:2,4116349:3,4116350:4"
子300-0157,子300-0157 新刻素問心得,"4116353:1,4116356:2"
子300-0158,子300-0158 黃帝內經靈樞經,"3743920:1,3743921:2,3743922:3"
子300-0159,子300-0159 新刊黃帝內經靈樞,"4914768:1,4914769:2,4914770:3,4914771:4,4914772:5,4914773:6"
子300-0160,子300-0160 黃帝內經靈樞,"4116359:1,4116360:2"
子300-0161,子300-0161 新刊黃帝內經靈樞,"4116363:1,4117203:2,4117204:3,4117205:4"
子300-0162,子300-0162 京本校正解註釋文黃帝內經素問,"4117207:1,4117208:2,4117209:3,4117211:4,4117213:5"
子300-0163,子300-0163 刻黃帝內經素問鈔,"4117218:1,4104376:2,4229673:3,4229675:4,4229676:5,4229678:6"
子300-0164,子300-0164 刻黃帝內經素問鈔,"4229679:1,4229680:2,4229681:3,4104379:4,4229682:5"
子300-0165,子300-0165 黃帝素問靈樞集註,"4229685:1,4229687:2,4215971:3,4215973:4"
子300-0166,子300-0166 黃帝內經靈樞,"4215975:1,4215976:2,4215977:3,4215979:4,4215981:5,4215983:6"
子300-0167,子300-0167 黃帝內經素問,"4216885:1,4216887:2,4216889:3,4104383:4,4104385:5,4104387:6,4104389:7,4104390:8"
子300-0168,子300-0168 新刊黃帝內經靈樞,"4216892:1,4216893:2,4251846:3,4251848:4,4251849:5,4251850:6"
子300-0169,子300-0169 黃帝內經素問,"4251854:1,4251856:2,4251858:3,4252762:4,4252764:5,4252766:6,4252768:7,4252772:8,4104392:9"
子300-0171,子300-0171 黃帝內經素問註證發微,"4105245:1,4105246:2,4105247:3,4105248:4,4105250:5,4105252:6,4105254:7,4252775:8,4105255:9,4105257:10,4105259:11,4252777:12"
子300-0172,子300-0172 難經本義,"4253673:1,4253674:2"
子300-0173,子300-0173 重廣補注黃帝內經素問,1084246:1
子300-0174,子300-0174 黃帝內經靈樞註證發微,"4253676:1,4253678:2,4105261:3,4106107:4,4106108:5,4106109:6,4106110:7,4106111:8"
子300-0175,子300-0175 黃帝內經靈樞註證發微,"4209722:1,4209724:2,4209726:3,4210551:4,4210553:5,4210554:6"
子300-0176,子300-0176 黃帝內經靈樞略,1084251:1
子300-0177,子300-0177 圖註八十一難經定本,1083631:1
子300-0178,子300-0178 新刊太醫院校正圖註指南八十一難經,1079706:1
子300-0179,子300-0179 內經知要,"4210555:1,4210557:2"
子300-0181,子300-0181 素問靈樞類纂約註,"4216897:1,4216899:2,4216901:3"
子300-0182,子300-0182 素問靈樞類纂約註,"4217812:1,4217814:2,4217816:3,4217817:4"
子300-0183,子300-0183 內經知要,"4217818:1,4217819:2"
子300-0184,子300-0184 素問靈樞類纂約註,"4914774:1,4914775:2,4914776:3,4914777:4"
子300-0185,子300-0185 難經經釋,"4106116:1,4217822:2"
子300-0186,子300-0186 難經本義,1079758:1
子300-0187,子300-0187 圖註八十一難經,"4218733:1,4218735:2,4218737:3,4218738:4"
子300-0188,子300-0188 難經本義,1079757:1
子300-0189,子300-0189 難經本義,1079760:1
子300-0190,子300-0190 王翰林集註黃帝八十一難經,"4218740:1,4106118:2,4106120:3,4106122:4,4106962:5"
子300-0191,子300-0191 難經本義,"4106963:1,4106964:2,4218741:3,4218743:4,4218744:5"
子300-0192,子300-0192 黃帝八十一難經纂圖句解,"4218747:1,4218748:2,4219657:3,4219658:4,4219659:5,4219660:6,4220591:7"
子300-0193,子300-0193 黃帝內經素問註證發微,"4106969:1,4106971:2,4106973:3,4106975:4,4106976:5,4106977:6,4106978:7,4107818:8,4220594:9"
子300-0194,子300-0194 難經本義,"4220597:1,4220599:2"
子300-0196,子300-0196 素問六氣玄珠密語,"4220603:1,4220604:2,4220605:3,4221520:4,4221522:5,4107820:6,4107822:7"
子300-0197,子300-0197 鍥王氏祕傳圖註八十一難經評林捷徑統宗,1079763:1
子300-0198,子300-0198 醫說,"4107827:1,4221523:2,4107830:3,4221524:4"
子300-0199,子300-0199 醫說,"4221528:1,4221531:2,4221533:3,4221535:4,4221536:5,4222424:6,4222425:7"
子300-0200,子300-0200 醫說,"4107832:1,4107834:2,4108668:3,4108670:4,4108672:5,4108674:6,4108675:7,4108676:8"
子300-0201,子300-0201 醫說,"3900484:1,3900485:2,3900486:3,3900487:4,3900488:5"
子300-0202,子300-0202 溫氏隱居助道方服藥須知,1079766:1
子300-0203,子300-0203 新刊仁齋直指方論醫脈真經,1079765:1
子300-0208,子300-0208 三因極一病證方論,"4109525:1,4109527:2,4109529:3,4222428:4,4222430:5,4222432:6,4222434:7,4222436:8"
子300-0209,子300-0209 三因極一病證方論,"4444747:1,4444749:2,4444750:3,4444751:4,4444752:5"
子300-0210,子300-0210 三因極一病證方論,"4223337:1,4223339:2,4223341:3,4223343:4,4223344:5,4223346:6"
子300-0211,子300-0211 重校聖濟總錄,"4223349:1,4223350:2,4223351:3,4223352:4,4223353:5,4224248:6,4224249:7,4224250:8,4224251:9,4224252:10,4224253:11,4224254:12,4224255:13,4224256:14,4224257:15,4224258:16,4224259:17,4224260:18,4224261:19,4224262:20,4224263:21,4224264:22,4225162:23,4225163:24,4225164:25,4225165:26,4225166:27,4225167:28,4225168:29,4225169:30,4225170:31,4225171:32,4225172:33,4225173:34,4225174:35,4225175:36,4225176:37,4225177:38,4225178:39,4226059:40,4226060:41,4226061:42,4226062:43,4226063:44,4226064:45,4226065:46,4226066:47,4226067:48,4226068:49,4226069:50,4226070:51,4226071:52,4226072:53,4226073:54,4226074:55,4226075:56,4226966:57,4226967:58,4226968:59,4226969:60,4226970:61,4226971:62,4226972:63,4226973:64,4226974:65,4226975:66,4226976:67,4226977:68,4226978:69,4226979:70,4226980:71,4226981:72,4226982:73,4227874:74,4227875:75,4227876:76,4227877:77,4227878:78,4227879:79,4227880:80,4227881:81,4227882:82,4227883:83,4227884:84,4227885:85,4227886:86,4227887:87,4227888:88,4227889:89,4227890:90,4228781:91,4228782:92,4228783:93,4228784:94,4228785:95,4228786:96,4228787:97,4228788:98,4228789:99,4228790:100,4110381:101,4110382:102,4110383:103,4110384:104,4110385:105,4110386:106,4110387:107,4110388:108,4110389:109,4110390:110,4110391:111,4111233:112,4111234:113,4111235:114,4111236:115,4111237:116,4111238:117,4111240:118,4111242:119,4111244:120,4111249:121,4112095:122,4112096:123,4112098:124,4112100:125,4112101:126,4228791:127,4228792:128,4228793:129,4228795:130,4228797:131,4229689:132,4229691:133,4229693:134,4229695:135,4229697:136,4229699:137,4229700:138,4229701:139,4229702:140,4215988:141,4215990:142,4215992:143,4215994:144,4112103:145,4112105:146,4112106:147,4112108:148,4112109:149,4112110:150,4112949:151,4112950:152,4112951:153,4112954:154,4215996:155,4215998:156,4216000:157,4216002:158,4216902:159,4216904:160"
子300-0212,子300-0212 大德重校聖濟總錄,"4216917:1,4216918:2,4217826:3,4217827:4,4217828:5,4217829:6,4217830:7,4217831:8,4217832:9,4217833:10,4217834:11,4106979:12,4217835:13,4217836:14,4217837:15,4217838:16,4217839:17,4217840:18,4217841:19,4217842:20,4218749:21,4218750:22,4218751:23,4218752:24,4218753:25,4218754:26,4218755:27,4218756:28,4218757:29,4218758:30,4218759:31,4218760:32,4218761:33,4218762:34,4218763:35,4218764:36,4218765:37,4219674:38,4219675:39,4219676:40,4219677:41,4219678:42,4219679:43,4219680:44,4219681:45,4219682:46,4219683:47,4219684:48,4219685:49,4219686:50,4219687:51,4219688:52,4219689:53,4219690:54,4220606:55,4223361:56,4223362:57,4223364:58,4223365:59,4223366:60,4112956:61,4112957:62,4112958:63,4112959:64,4112960:65,4112961:66,4112962:67,4112963:68,4112964:69,4112965:70,4113802:71,4113803:72,4113804:73,4113805:74,4113806:75,4113807:76,4113808:77,4113809:78,4113810:79,4113811:80,4113812:81,4113813:82,4113814:83,4113815:84,4113816:85,4113817:86,4113818:87,4114651:88,4114652:89,4114653:90,4114654:91,4114655:92,4114656:93,4114657:94,4114658:95,4114659:96,4114660:97,4114661:98,4114662:99,4114663:100,4114664:101,4114665:102,4114666:103,4114667:104,4115504:105,4115505:106,4115506:107,4115507:108,4115508:109,4115509:110,4115510:111,4115511:112,4115512:113,4115513:114,4115514:115,4115515:116,4115516:117,4115517:118,4115518:119,4115519:120,4116364:121,4116365:122,4116366:123,4116367:124,4116368:125,4116369:126,4116370:127,4116371:128,4116372:129,4116373:130,4116374:131,4116375:132,4116376:133,4116377:134,4116378:135,4116379:136,4117219:137,4117220:138,4117221:139,4117222:140,4117223:141,4117224:142,4117225:143,4117226:144,4117227:145,4117228:146,4117229:147,4117230:148,4117231:149,4117232:150,4117233:151,4117234:152,4104393:153,4104394:154,4104395:155,4104396:156,4104397:157,4104398:158,4104399:159,4104400:160,4104401:161,4104402:162,4104403:163,4104404:164,4104405:165,4104406:166,4104407:167,4104408:168,4105262:169,4105263:170,4105264:171,4105265:172,4105266:173,4105267:174,4105268:175,4105269:176,4105270:177,4105271:178,4105272:179,4105273:180,4105274:181,4105275:182,4105276:183,4105277:184,4106123:185,4106124:186,4106125:187,4106126:188,4106127:189,4106128:190,4106129:191,4106130:192,4106131:193,4106132:194,4106133:195,4106134:196,4106135:197,4106136:198,4106137:199,4106138:200"
子300-0213,子300-0213 伊尹湯液仲景廣爲大法,"4106980:1,4106981:2,4106982:3"
子300-0214,子300-0214 醫壘元戎,"4106983:1,4106984:2,4106985:3,4106986:4,4106987:5,4106988:6,4106989:7,4106990:8,4106991:9,4106992:10,4106993:11,4106994:12"
子300-0215,子300-0215 醫壘元戎,"4106995:1,4107835:2,4107836:3,4107837:4,4107838:5,4107839:6"
子300-0216,子300-0216 醫壘元戎,"4216905:1,4216906:2,4216907:3,4216908:4,4216909:5,4216910:6,4216911:7,4216912:8,4216913:9,4216914:10,4216915:11,4216916:12"
子300-0217,子300-0217 醫壘元戎,"4220607:1,4220608:2,4220609:3,4220610:4,4220611:5,4220612:6,4220613:7,4220614:8,4220615:9,4220616:10,4220617:11,4220618:12"
子300-0219,子300-0219 聖濟總錄纂要,"4221542:1,4221543:2,4221544:3,4221545:4,4221546:5,4221547:6,4221548:7,4221549:8,4221550:9,4221551:10,4221552:11,4221553:12"
子300-0220,子300-0220 聖濟總錄纂要,"4222441:1,4222442:2,4222443:3,4222444:4"
子300-0221,子300-0221 太醫張子和先生儒門事親,1084302:1
子300-0222,子300-0222 儒門事親,"4222445:1,4222446:2,4222447:3,4222448:4,4222449:5"
子301-0001,子301-0001 丹溪先生醫書纂要,"4222455:1,4222456:2,4222457:3,4223354:4"
子301-0002,子301-0002 新鋟丹溪先生醫書纂要,"4223355:1,4223356:2"
子301-0003,子301-0003 新編南北經驗醫方大成,"4223357:1,4223358:2,4223359:3,4223360:4"
子301-0004,子301-0004 丹溪朱氏脈因證治,"4223363:1,4112955:2"
子301-0008,子301-0008 醫方大成論,1079027:1
子301-0009,子301-0009 醫方大成論,1083906:1
子301-0010,子301-0010 醫方大成論,1084297:1
子301-0011,子301-0011 醫方大成論,1079030:1
子301-0015,子301-0015 新刊醫方約說,"4108686:1,4108687:2,4108688:3,4108689:4"
子301-0016,子301-0016 醫說佛乘,1078454:1
子301-0017,子301-0017 濟生抜萃方,"4108690:1,4108691:2,4108692:3,4108693:4,4108694:5,4108695:6,4108696:7,4108697:8,4223367:9,4223368:10"
子301-0018,子301-0018 醫種子,"584606:1,584520:2,584609:3,584608:4,584610:5,584524:6,584526:7,584525:8,584528:9,584522:10,584523:11,584527:12,584521:13,584603:14,584605:15,584604:16,584607:17"
子301-0019,子301-0019 類經,"4223369:1,4223370:2,4224265:3,4224266:4,4224267:5,4224268:6,4224269:7,4224270:8,4224271:9,4224272:10,4224273:11,4224274:12,4224275:13,4224276:14,4224277:15,4224278:16,4224279:17,4224280:18,4224281:19,4225179:20"
子301-0020,子301-0020 醫學綱目,"4108698:1,4108699:2,4108700:3,4109536:4,4109538:5,4109540:6,4109542:7,4109543:8,4109545:9,4109546:10,4109547:11,4109548:12,4109549:13,4109551:14,4225180:15,4225182:16,4225184:17,4225186:18,4225187:19,4225188:20,4225189:21,4225190:22,4225191:23"
子301-0021,子301-0021 醫林繩墨大全,"4226079:1,4226080:2,4226081:3,4226082:4,4226083:5,4226084:6"
子301-0022,子301-0022 醫經會解,"4770120:1,4770121:2,4770122:3,4770123:4,4770124:5,4770125:6"
子301-0023,子301-0023 醫經會解,"4226085:1,4226086:2,4226087:3,4226088:4,4226089:5"
子301-0025,子301-0025 類經,"4110400:1,4110401:2,4110402:3,4110403:4,4110404:5,4110405:6,4110406:7,4110407:8,4111250:9,4111251:10,4111253:11,4111255:12,4111256:13,4111258:14,4111259:15,4111260:16,4226984:17,4226985:18,4111261:19,4111262:20"
子301-0026,子301-0026 類經,"4226995:1,4226998:2,4226999:3,4111264:4,4111265:5,4111266:6,4112111:7,4112112:8,4112113:9,4112115:10,4112117:11,4112119:12,4112120:13,4112121:14,4112122:15,4227891:16,4227893:17,4227894:18,4227896:19,4227898:20,4227900:21,4112124:22,4112126:23,4112127:24,4112966:25,4112967:26,4112968:27,4112969:28,4227906:29,4112971:30,4112972:31,4227907:32,4228799:33,4112973:34,4112975:35,4112976:36,4112977:37,4112978:38,4112979:39,4112980:40"
子301-0027,子301-0027 景嶽全書,"4113822:1,4228800:2,4113824:3,4114674:4,4114675:5,4114676:6,4114677:7,4114678:8,4114679:9,4114680:10,4114681:11,4114682:12,4114683:13,4114684:14,4115520:15,4115521:16,4115522:17,4115523:18,4115524:19,4115525:20,4115526:21,4115527:22,4115528:23,4115529:24"
子301-0028,子301-0028 類經,"4914778:1,4914779:2,4914780:3,4914781:4,4914782:5,4914783:6,4914784:7,4914785:8,4914786:9,4914787:10,4914788:11,4914789:12,4914790:13,4914791:14,4914792:15,4914793:16,4914794:17,4914795:18,4914796:19,4914797:20,4914798:21,4914799:22,4914800:23,4914801:24,4914802:25,4914803:26,4914804:27,4914805:28,4914806:29,4914807:30,4914808:31,4914809:32,4914810:33,4914811:34,4914812:35,4914813:36,4914814:37,4914815:38,4914816:39,4914817:40"
子301-0029,子301-0029 景嶽全書,"4115533:1,4115535:2,4116380:3,4116382:4,4116384:5,4116385:6,4116387:7,4116389:8,4116390:9,4228804:10,4228806:11,4228808:12,4116392:13,4116394:14,4116396:15,4117236:16,4117237:17,4228811:18,4228812:19,4228814:20,4229706:21,4229708:22,4229710:23,4229712:24"
子301-0030,子301-0030 醫學六要,"584712:1,584711:2,584756:3,584704:4,584755:5,584758:6,584757:7,584611:8,584759:9,584707:10,584699:11,584760:12,584762:13,584761:14,584698:15,584763:16,584764:17,584701:18,584765:19,584767:20,584766:21,584706:22,584700:23,584769:24,584768:25,584703:26,584804:27,584770:28,584806:29,584702:30,584708:31,584805:32,584808:33,584710:34,584807:35,584810:36,584705:37,584809:38,584709:39"
子301-0031,子301-0031 醫學六要,"593878:1,593856:2,593873:3,593879:4,593855:5,593880:6,593881:7,593883:8,593875:9,593857:10,593882:11,593884:12,593858:13,593885:14,593887:15,593886:16,593876:17,593872:18,593913:19,593914:20,593877:21,593915:22,593916:23,593874:24,593917:25"
子301-0032,子301-0032 鼎雕陳氏家傳如宜妙濟回生捷錄,"4229719:1,4229721:2"
子301-0033,子301-0033 太醫院增補捷法醫林統要外科方論大全,1079241:1
子301-0034,子301-0034 新刻張景嶽先生質疑錄,1079243:1
子301-0035,子301-0035 傷暑全書,"4216007:1,4216008:2"
子301-0036,子301-0036 藎齋醫要,"4272949:1,4272952:2"
子301-0037,子301-0037 懸袖便方,"4216009:1,4216010:2,4216011:3,4216012:4"
子301-0038,子301-0038 醫門祕旨,"4216013:1,4216014:2,4216015:3,4216016:4,4216017:5,4216018:6"
子301-0039,子301-0039 千金翼方,1078457:1
子301-0040,子301-0040 雪潭居醫約,"4216019:1,4216919:2,4216921:3,4216922:4,4216923:5,4216924:6,4216925:7,4216926:8,4216927:9,4216928:10"
子301-0041,子301-0041 編註醫學入門,"4770126:1,4770127:2,4770128:3,4770129:4,4770130:5,4770131:6,4770132:7,4770133:8,4770134:9"
子301-0042,子301-0042 醫宗必讀,"4216929:1,4216930:2,4216931:3,4216932:4,4216933:5,4216934:6,4216935:7,4217843:8,4217844:9,4217845:10"
子301-0043,子301-0043 祕傳證治類方,1077728:1
子301-0044,子301-0044 醫鏡,"4217846:1,4217847:2,4217848:3"
子301-0045,子301-0045 醫鏡,"4217849:1,4217850:2,4217851:3,4217852:4"
子301-0046,子301-0046 祕傳證治要訣,"4217857:1,4217859:2,4117238:3"
子301-0047,子301-0047 祕傳證治要訣,"4117243:1,4218768:2,4218770:3,4218772:4,4218774:5,4218776:6"
子301-0048,子301-0048 醫宗必讀,"4253680:1,4253681:2,4253682:3,4253683:4,4253684:5,4253685:6,4254554:7,4254555:8,4254556:9,4254557:10,4254558:11,4254559:12,4254560:13,4254561:14,4254562:15,4254563:16,4254564:17,4254565:18"
子301-0049,子301-0049 醫經小學,"4254566:1,4254567:2"
子301-0050,子301-0050 祕傳證治要訣,1077727:1
子301-0051,子301-0051 祕傳證治類方,"4914818:1,4914819:2,4914820:3"
子301-0052,子301-0052 醫略正誤,"4254568:1,4254569:2,4254570:3"
子301-0053,子301-0053 刪補頤生微論,"4255446:1,4255447:2,4255448:3,4255449:4,4255450:5,4255451:6,4255452:7"
子301-0055,子301-0055 瀛經堂詳校醫宗必讀,"4255453:1,4255454:2,4255455:3,4255456:4,4255457:5,4255458:6"
子301-0056,子301-0056 新刻醫經小學,"4255459:1,4255460:2,4255461:3"
子301-0057,子301-0057 醫略正誤,"4255462:1,4256343:2,4256344:3"
子301-0058,子301-0058 古今醫統正脈,"584881:1,584880:2,584844:3,584883:4,584882:5,584884:6,584885:7,584875:8,584887:9,584886:10,584938:11,584843:12,584874:13,584937:14,584846:15,584936:16,584940:17,584939:18,584942:19,584845:20,584941:21,584943:22,584847:23,584944:24,584946:25,584945:26,584877:27,584848:28,584947:29,584948:30,584849:31,584950:32,584949:33,584995:34,584876:35,584997:36,584996:37,584878:38,584999:39,584879:40,584873:41,584998:42"
子301-0059,子301-0059 古今醫統正脈全書,"585162:1,585163:2,585164:3,585000:4,585063:5,585165:6,585166:7,585168:8,585001:9,585062:10,585167:11,585002:12,585170:13,585169:14,585171:15,585172:16,585003:17,585065:18,585174:19,585173:20,585004:21,585230:22,585064:23,585229:24,585232:25,585005:26,585231:27,585234:28,585061:29,585066:30,585112:31,585111:32,585113:33,585006:34,585105:35,585114:36,585115:37,585116:38,585007:39,585117:40,585119:41,585008:42,585067:43,585118:44,585161:45,585160:46,585053:47,585233:48,585235:49,585106:50,585054:51,585236:52,585237:53,585055:54,585239:55,585107:56,585238:57,585241:58,585240:59,585242:60,585056:61,585243:62,585297:63,585296:64,585108:65,585298:66,585057:67,585299:68,585300:69,585058:70,585110:71,585302:72,585301:73,585304:74,585059:75,585109:76,585303:77,585060:78,585305:79,585306:80,585307:81,585308:82"
子301-0060,子301-0060 證治準繩,"594137:1,594259:2,594260:3,594262:4,594261:5,594129:6,594264:7,595810:8,594263:9,594266:10,594265:11,595812:12,594132:13,594268:14,594267:15,594270:16,595811:17,594131:18,594269:19,595814:20,594272:21,594271:22,594273:23,594377:24,595813:25,594274:26,594134:27,595815:28,594378:29,594379:30,594381:31,595964:32,594380:33,595979:34,594382:35,594133:36,594383:37,595816:38,594385:39,594384:40,595966:41,594135:42,594387:43,594386:44,594388:45,595965:46,594390:47,594389:48,594391:49,595968:50,594136:51,594464:52,594392:53,595967:54,594466:55,594465:56,594467:57,595969:58,594124:59,594469:60,594468:61,595970:62,594123:63,594471:64,594470:65,594472:66,594473:67,595971:68,594475:69,594125:70,595972:71,594474:72,594476:73,594478:74,595973:75,594127:76,594477:77,595974:78,594563:79,594565:80,594564:81,594566:82,595976:83,594567:84,594126:85,595975:86,594568:87,594569:88,594571:89,595977:90,594128:91,594572:92,594570:93,594573:94,595978:95,594574:96,594576:97,594575:98,594122:99,594130:100"
子301-0061,子301-0061 證治準繩,"593719:1,593765:2,593764:3,593766:4,593760:5,593761:6,593762:7,593747:8,593720:9,593763:10,593767:11,593721:12,593768:13,593748:14,593722:15,593785:16,593784:17,593786:18,593723:19,593787:20,593788:21,593724:22,593749:23,593789:24,593790:25,593791:26,593746:27,593753:28,593792:29,593793:30,593794:31,593725:32,593795:33,593796:34,593726:35,593797:36,593754:37,593798:38,593734:39,593799:40,593816:41,593735:42,593755:43,593815:44,4117246:45,593817:46,593736:47,593818:48,593820:49,593737:50,593819:51,593822:52,593821:53,593738:54,593756:55,593823:56,593825:57,593739:58,593824:59,593757:60,593740:61,593826:62,593827:63,593828:64,593741:65,593848:66,593847:67,593742:68,593758:69,593849:70,593851:71,593850:72,593743:73,593852:74,4117247:75,593744:76,593853:77,593759:78,593854:79,593745:80"
子301-0062,子301-0062 證治準繩,"584441:1,584444:2,584443:3,585309:4,587578:5,584433:6,585367:7,584445:8,587580:9,587579:10,587582:11,585366:12,587581:13,584432:14,585368:15,587583:16,587584:17,587586:18,585370:19,587585:20,587588:21,584435:22,587587:23,587589:24,587591:25,585369:26,587590:27,587593:28,585372:29,587592:30,584434:31,587650:32,585371:33,587649:34,587651:35,585374:36,587653:37,587652:38,587655:39,584437:40,585373:41,587654:42,587657:43,585376:44,587656:45,584436:46,587658:47,585375:48,587660:49,587659:50,584438:51,587662:52,587661:53,587664:54,585378:55,587663:56,584439:57,585377:58,587746:59,587745:60,587748:61,585380:62,587747:63,587750:64,585379:65,584440:66,587749:67,587752:68,587751:69,584430:70,587754:71,584442:72,585381:73,587753:74,587755:75,587757:76,584431:77,587756:78"
子301-0063,子301-0063 證治準繩,"587951:1,587953:2,587954:3,587758:4,587955:5,587956:6,587843:7,588052:8,588054:9,588053:10,587943:11,587842:12,588056:13,588055:14,587845:15,588058:16,587944:17,588057:18,587844:19,588060:20,588059:21,587847:22,587856:23,588061:24,588063:25,588062:26,587945:27,588064:28,588065:29,588067:30,587846:31,588066:32,587946:33,587849:34,588160:35,588162:36,588161:37,587848:38,588164:39,588163:40,587851:41,588166:42,587947:43,588165:44,587850:45,588167:46,588169:47,587853:48,587948:49,588168:50,588170:51,588172:52,587852:53,588171:54,587950:55,588174:56,587854:57,587952:58,588173:59,587855:60,587949:61,588269:62,588270:63,588272:64,587942:65"
子301-0064,子301-0064 證治準繩,"588394:1,588605:2,588603:3,588604:4,588489:5,588271:6,588606:7,588607:8,588273:9,588608:10,588610:11,588609:12,588274:13,588490:14,588611:15,588276:16,588612:17,588615:18,588614:19,588488:20,588275:21,588613:22,588616:23,588279:24,588723:25,588724:26,588725:27,588278:28,588492:29,588726:30,588727:31,588728:32,588729:33,588491:34,588277:35,588731:36,588730:37,588280:38,588734:39,588732:40,588733:41,588281:42,588493:43,588735:44,588282:45,588737:46,588736:47,588738:48,588495:49,588283:50,588853:51,588852:52,588380:53,588856:54,588854:55,588855:56,588379:57,588857:58,588494:59,588858:60,578506:61,577083:62,577082:63,588382:64,577084:65,588496:66,588381:67,577085:68,577087:69,577088:70,588384:71,588498:72,577086:73,588383:74,577090:75,577089:76,577093:77,577092:78,588385:79,577091:80,588497:81,588386:82,577094:83,577095:84,577180:85,588387:86,588499:87,577181:88,577096:89,577183:90,577182:91,588500:92,588389:93,577184:94,577185:95,588388:96,577186:97,577187:98,577188:99,588390:100,588501:101,577189:102,588392:103,577190:104,577192:105,577191:106,588502:107,588391:108,577193:109,577194:110,588393:111,577308:112,577306:113,577309:114,588487:115,577311:116,588602:117,588601:118,577307:119,577310:120"
子301-0065,子301-0065 新刊明醫雜著,1075746:1
子301-0066,子301-0066 新刊明醫雜著,1075747:1
子301-0067,子301-0067 明醫雜著,"4109537:1,4109539:2,4109541:3,4109544:4"
子301-0068,子301-0068 訂補明醫指掌,"4109550:1,4225181:2,4225183:3,4225185:4"
子301-0069,子301-0069 鼎刻京板太醫院校正增補青囊醫方捷徑,1075749:1
子301-0070,子301-0070 王醫官纂輯簡選袖珍方書,"4225192:1,4225193:2,4225194:3"
子301-0071,子301-0071 新刻太醫院訂正鰲頭醫方捷徑,"4225195:1,4226076:2,4226077:3"
子301-0072,子301-0072 醫方捷徑指南全書,1084022:1
子301-0073,子301-0073 新鋟太醫院祕傳玅訣百發百中百病回春要緊直方,1078284:1
子301-0074,子301-0074 醫先,1077724:1
子301-0075,子301-0075 醫論問答,1083908:1
子301-0076,子301-0076 醫便,"4226078:1,4110392:2,4226090:3,4226091:4,4226092:5,4226983:6,4109552:7"
子301-0077,子301-0077 醫便,"4110398:1,4110399:2,4110408:3,4111252:4,4111254:5,4111257:6"
子301-0078,子301-0078 普門醫品,"4226986:1,4226987:2,4226988:3,4226989:4,4226990:5,4226991:6,4226992:7,4226993:8"
子301-0079,子301-0079 新刊醫家必用類選,"4226994:1,4226996:2,4226997:3,4111263:4"
子301-0082,子301-0082 新刊精選醫方摘要,"4227901:1,4227902:2,4227903:3,4227904:4,4227905:5,4112970:6"
子301-0083,子301-0083 新刊醫家必用,1075822:1
子301-0085,子301-0085 必用醫學須知,"577429:1,577433:2,577432:3,577431:4,577430:5"
子301-0086,子301-0086 石山醫案,"4228798:1,4112974:2"
子301-0088,子301-0088 石山居士醫按,"4112981:1,4112982:2,4113819:3,4113820:4,4113821:5,4113823:6,4228801:7,4113825:8"
子301-0090,子301-0090 赤水玄珠,"4113832:1,4113833:2,4113834:3,4113835:4,4114668:5,4114669:6,4114670:7,4114671:8,4114672:9,4114673:10,4115530:11,4115531:12,4115532:13,4115534:14,4115536:15,4116381:16,4116383:17,4116386:18,4116388:19,4228802:20,4228803:21,4228805:22,4228807:23,4116391:24,4116393:25,4116395:26,4117235:27,4228809:28,4228810:29,4228813:30,4229705:31,4229707:32,4229709:33,4229711:34,4229713:35,4229714:36,4229715:37,4229716:38,4229717:39,4229718:40,4229720:41,4216004:42,4216005:43,4216006:44"
子301-0091,子301-0091 赤水玄珠,"4770135:1,4770136:2,4770137:3,4770138:4,4770139:5,4770140:6,4770141:7,4770142:8,4770143:9,4770144:10,4770145:11,4770146:12,4770147:13,4770148:14,4770149:15,4770150:16,4770151:17,4770152:18,4770153:19,4770154:20,4770155:21,4770156:22,4770157:23,4770158:24,4770159:25,4770160:26,4770161:27,4770162:28,4770163:29,4770164:30,4770165:31,4770166:32,4770167:33,4770168:34,4770169:35,4770170:36,4770171:37,4770172:38,4770173:39,4770174:40,4770175:41,4770176:42,4770177:43,4770178:44,4770179:45,4770180:46,4770181:47,4770182:48,4770183:49,4770184:50,4770185:51"
子301-0094,子301-0094 新刊簡明醫彀,"4770208:1,4770210:2,4770212:3,4770214:4"
子301-0095,子301-0095 醫讀,"4914823:1,4914824:2"
子301-0096,子301-0096 新刻增補古今醫鑑,"4446478:1,4273839:2,4273841:3,4446481:4,4273843:5,4273845:6,4273847:7,4446485:8"
子301-0097,子301-0097 新刊古今醫鑑,"4770221:1,4770223:2,4770226:3,4770228:4,4770230:5,4770232:6,4770234:7,4770237:8"
子301-0098,子301-0098 新刊簡明醫彀,"4914825:1,4914826:2,4914827:3,4914828:4,4914829:5,4914830:6,4914831:7,4914832:8"
子301-0102,子301-0102 太醫院補遺真傳醫學正傳,"4914845:1,4914846:2,4914847:3,4914848:4,4914849:5,4914850:6,4914851:7,4914852:8"
子301-0103,子301-0103 雲林醫聖普渡慈航,"4770245:1,4770248:2,4770250:3,4770253:4,4770255:5,4770258:6,4770260:7,4770263:8,4770265:9,4770268:10,4770270:11,4770273:12,4770274:13,4770276:14,4770278:15,4770279:16"
子301-0104,子301-0104 雲林醫聖普渡慈航,"4782923:1,4782924:2,4782925:3,4782926:4,4782927:5,4782928:6,4782929:7,4782930:8,4782931:9,4782932:10,4782933:11,4782934:12,4782935:13,4782936:14,4782937:15,4782938:16"
子301-0105,子301-0105 雲林醫聖普渡慈航,"4770285:1,4770288:2,4770290:3,4770291:4,4770293:5,4770295:6,4770297:7,4770298:8,4770301:9,4770304:10,4770305:11,4770308:12"
子301-0106,子301-0106 新刊古今醫鑑,"4914853:1,4914854:2,4914855:3,4914856:4,4914857:5,4914858:6,4914859:7,4914860:8"
子301-0107,子301-0107 王宇泰先生訂補古今醫鑑,"3636609:1,3636610:2,3669212:3,3669213:4,3669214:5,3669215:6,3669216:7,3669233:8,3669234:9,3669235:10,3669236:11,3669237:12,3669238:13,3669239:14,3669260:15,3669261:16"
子301-0108,子301-0108 新刊萬病回春,"3669262:1,3669263:2,3669264:3,3669265:4,3669266:5,3669267:6,3669268:7,3669269:8"
子301-0109,子301-0109 新刊萬病回春,"4914861:1,4914862:2,4914863:3,4914864:4"
子301-0110,子301-0110 新刊萬病回春,"4914865:1,4914866:2,4914867:3,4914868:4"
子301-0111,子301-0111 新刊萬病回春,"4914869:1,4914870:2,4914871:3,4914872:4"
子301-0112,子301-0112 新刊萬病回春,"4914873:1,4914874:2,4914875:3,4914876:4,4914877:5,4914878:6,4914879:7,4914880:8"
子301-0113,子301-0113 增定便攷萬病回春善本,"4914881:1,4914882:2,4914883:3,4914884:4,4914885:5,4914886:6,4914887:7,4914888:8,4914889:9"
子301-0114,子301-0114 新刊萬病回春,"4914890:1,4914891:2,4914892:3,4914893:4"
子301-0116,子301-0116 醫宗粹言,"4914906:1,4914907:2,4914908:3,4914909:4,4914910:5,4914911:6,4914912:7,4914913:8,4914914:9,4914915:10,4914916:11,4914917:12,4914918:13,4914919:14"
子301-0117,子301-0117 新刊醫林狀元濟世全書,"4914920:1,4914921:2,4914922:3,4914923:4,4914924:5,4914925:6,4914926:7,4914927:8"
子301-0118,子301-0118 新刊醫林狀元濟世全書,"4914928:1,4914929:2,4914930:3,4914931:4,4914932:5,4914933:6,4914934:7,4914935:8"
子301-0120,子301-0120 醫宗粹言,"4770318:1,4770320:2,4770323:3,4770325:4,4770327:5,4770328:6,4770330:7,4770332:8,4770335:9,4770337:10,4770342:11,4770338:12"
子301-0121,子301-0121 醫宗粹言,"4914939:1,4914940:2,4914941:3,4914942:4,4914943:5,4914944:6,4914945:7,4914946:8,4914947:9,4914948:10,4914949:11,4914950:12"
子301-0122,子301-0122 重刻痰火點雪,"4914951:1,4914952:2,4914953:3"
子301-0124,子301-0124 醫史,"4914962:1,4914963:2"
子301-0125,子301-0125 京板校正大字醫學正傳,"4428951:1,4447336:2,4447337:3,4447339:4,4447342:5,4447343:6,4428956:7,4428957:8"
子301-0127,子301-0127 京板校正大字醫學正傳,"4770343:1,4770344:2,4770347:3,4770349:4,4770352:5,4770355:6,4770357:7,4770359:8"
子301-0128,子301-0128 京板校正大字醫學正傳,"4914969:1,4914970:2,4914971:3,4914972:4,4914973:5,4914974:6,4914975:7"
子301-0129,子301-0129 新集醫家蘊奧,"4770367:1,4770370:2,4770372:3"
子301-0130,子301-0130 醫學便覽,"4914976:1,4914977:2"
子301-0131,子301-0131 醫學管見,1076015:1
子301-0132,子301-0132 醫學蒐精,"4914978:1,4914979:2,4914980:3,4914981:4"
子301-0133,子301-0133 妙一齋醫學正印,"4770376:1,4770377:2"
子301-0134,子301-0134 醫經大旨,"4770378:1,4770380:2,4770382:3,4770384:4"
子301-0135,子301-0135 醫方集略,"4914982:1,4914983:2,4914984:3,4914985:4,4914986:5"
子301-0136,子301-0136 醫方考,"4770385:1,4770386:2,4770387:3"
子301-0137,子301-0137 重梓常山舒元貴先生醫方啓蒙,"4770388:1,4770389:2,4770390:3,4770391:4,4770392:5,4770393:6,4770394:7,4770395:8,4770396:9,4770397:10"
子301-0138,子301-0138 活人心統,"4914987:1,4914988:2"
子301-0139,子301-0139 醫方考,"4914989:1,4914990:2,4914991:3,4914992:4,4914993:5,4914994:6"
子301-0140,子301-0140 新刊十八大家參併名醫方考醫家赤幟益辨全書,"4770398:1,4770399:2,4770400:3,4770401:4"
子301-0141,子301-0141 新刊醫學集成,"4914995:1,4914996:2,4914997:3,4914998:4,4914999:5,4915000:6"
子301-0143,子301-0143 吳梅坡醫經會元保命奇方,"4915001:1,4915002:2,4915003:3,4915004:4,4915005:5,4915006:6,4915007:7,4915008:8,4915009:9,4915010:10"
子301-0144,子301-0144 萬密齋醫學全書,"581730:1,581624:2,581729:3,581621:4,581612:5,581731:6,581732:7,581733:8,581613:9,595499:10,595501:11,581615:12,595500:13,595502:14,581620:15,595503:16,581614:17,595643:18,595644:19,581617:20,581622:21,595645:22,595647:23,595646:24,581616:25,595648:26,595649:27,595650:28,595651:29,595652:30,595653:31,595654:32,581619:33,595655:34,581623:35,581618:36"
子301-0145,子301-0145 明醫指掌,"4770402:1,4770403:2"
子301-0146,子301-0146 名醫類案,"4770404:1,4770405:2,4770406:3,4770407:4,4770457:5,4770459:6,4770462:7,4770464:8"
子301-0147,子301-0147 明醫指掌圖,"4770475:1,4770477:2,4770479:3,4770482:4"
子301-0148,子301-0148 薛氏醫按,"577872:1,577871:2,577782:3,577874:4,577873:5,577781:6,577864:7,577875:8,577877:9,577876:10,577783:11,577972:12,577878:13,577866:14,577973:15,577784:16,577975:17,577974:18,577977:19,577976:20,577785:21,577979:22,577978:23,577980:24,577786:25,577982:26,577981:27,577983:28,577787:29,577868:30,577985:31,577865:32,577984:33,577788:34,578074:35,577867:36,577790:37,578076:38,578075:39,578078:40,578077:41,578080:42,578079:43,577870:44,578082:45,577789:46,578081:47,577869:48"
子301-0149,子301-0149 簡明醫要,"4448184:1,4448187:2,4448189:3,4428962:4,4429929:5"
子301-0150,子301-0150 名醫類案,"4915011:1,4915012:2,4915013:3,4915014:4,4915015:5,4915016:6,4915017:7,4915018:8,4915019:9,4915020:10,4915021:11"
子302-0001,子302-0001 薛氏醫按,"578190:1,578279:2,578280:3,578282:4,578083:5,578281:6,578183:7,578177:8,578284:9,578283:10,578285:11,578185:12,578084:13,578287:14,578189:15,578178:16,578286:17,578184:18,578289:19,578288:20,578180:21,578186:22,578291:23,578290:24,578373:25,578374:26,578179:27,578187:28,578292:29,578375:30,578376:31,578182:32,578188:33,578377:34,578181:35,578379:36,578378:37,578380:38,578381:39"
子302-0002,子302-0002 薛氏醫按,"593310:1,593288:2,593306:3,593311:4,593312:5,593314:6,4802533:7,4802534:8,593289:9,593305:10,593290:11,593317:12,593316:13,593318:14,593319:15,593313:16,593315:17,593338:18,593339:19,593307:20,593308:21,593309:22,593291:23"
子302-0004,子302-0004 醫按,"4915024:1,4915025:2"
子302-0006,子302-0006 薛立齋醫書十種,"593349:1,593381:2,593382:3,593348:4,593347:5,593383:6"
子302-0007,子302-0007 彙輯薛氏內科醫案,"4915026:1,4915027:2,4915028:3,4915029:4,4915030:5"
子302-0008,子302-0008 醫學集要,"4915031:1,4915032:2,4915033:3,4915034:4,4915035:5"
子302-0009,子302-0009 新刊名方類證醫書大全,"4448196:1,4448197:2,4449050:3,4449051:4,4449053:5,4449055:6,4449057:7,4429941:8,4449061:9,4449063:10"
子302-0010,子302-0010 醫彀,"4770422:1,4770423:2,4770424:3,4770425:4,4770426:5,4770427:6,4770428:7,4770429:8,4770430:9,4770431:10,4770432:11,4770433:12,4770434:13,4770435:14,4770436:15,4770437:16"
子302-0011,子302-0011 醫四種,"4915036:1,4915037:2,4915038:3,4915039:4,4915040:5,4915041:6,4915042:7,4915043:8"
子302-0012,子302-0012 薛立齋醫書十種,"578448:1,578446:2,578449:3,578450:4,578452:5,578451:6,578445:7,578447:8,578453:9"
子302-0013,子302-0013 刻醫方集宜,"4772548:1,4772550:2,4772551:3,4772553:4,4772555:5"
子302-0014,子302-0014 新刻朱師常先生家祕醫學新知全書,"4772556:1,4772557:2,4772558:3,4772559:4,4772560:5"
子302-0015,子302-0015 新刊明醫祕傳濟世奇方萬客必愈,"4772561:1,4772563:2,4772564:3,4772566:4,4772568:5,4772570:6,4772571:7,4772574:8,4772577:9,4772579:10"
子302-0016,子302-0016 醫四種,"4772609:1,4772612:2,4772614:3,4772616:4"
子302-0017,子302-0017 新編山居簡要醫方便宜,"4915044:1,4915045:2,4915046:3,4915047:4"
子302-0018,子302-0018 新刊東溪節略醫林正宗,"4772622:1,4772624:2,4772627:3"
子302-0019,子302-0019 新刻醫學碎金,1076133:1
子302-0021,子302-0021 醫聖階梯,"4772633:1,4772634:2,4772636:3,4772638:4,4772639:5,4772643:6,4772645:7,4772646:8,4772647:9,4772649:10"
子302-0022,子302-0022 重刻軒岐救輿論,"4772653:1,4772654:2,4772655:3,4772656:4,4772657:5"
子302-0023,子302-0023 重刻軒岐救輿論,"4772658:1,4772660:2,4772663:3,4772664:4,4772666:5"
子302-0024,子302-0024 古今醫統大全,"4773217:1,4773219:2,4773220:3,4773222:4,4773224:5,4773225:6,4773226:7,4773227:8,4773228:9,4773229:10,4773230:11,4773231:12,4773232:13,4773233:14,4773234:15,4773235:16,4773236:17,4773237:18,4773238:19,4773239:20,4773240:21,4773241:22,4773242:23,4773243:24,4773245:25,4773247:26,4773249:27,4773250:28,4773252:29,4773254:30,4773255:31,4773257:32,4773259:33,4773261:34,4773262:35,4773264:36,4773266:37,4773268:38,4773270:39,4773272:40"
子302-0027,子302-0027 軒岐救輿論,"4915048:1,4915049:2,4915050:3,4915051:4,4915052:5,4915053:6"
子302-0028,子302-0028 軒岐救輿論,"4915054:1,4915055:2,4915056:3,4915057:4,4915058:5,4915059:6"
子302-0029,子302-0029 古今醫統大全,"4773287:1,4773289:2,4773290:3,4773292:4,4773295:5,4773296:6,4773298:7,4773300:8,4773301:9,4773303:10,4773304:11,4773306:12,4773308:13,4773310:14,4773311:15,4773313:16,4773314:17,4773316:18,4773318:19,4773320:20,4773322:21,4773323:22,4773325:23,4773327:24,4773328:25,4773330:26,4773332:27,4773333:28,4773335:29,4773337:30,4773338:31,4773339:32,4773341:33,4773342:34"
子302-0030,子302-0030 古今醫統大全,"4915060:1,4915061:2,4915062:3,4915063:4,4915064:5,4915065:6,4915066:7,4915067:8,4915068:9,4915069:10,4915070:11,4915071:12,4915072:13,4915073:14,4915074:15,4915075:16,4915076:17,4915077:18,4915078:19,4915079:20,4915080:21,4915081:22,4915082:23,4915083:24,4915084:25,4915085:26,4915086:27,4915087:28,4915088:29,4915089:30,4915090:31,4915091:32,4915092:33,4915093:34,4915094:35,4915095:36,4915096:37,4915097:38,4915098:39"
子302-0033,子302-0033 鼎鍥太醫院頒行內外諸科方論百代醫宗,"4773378:1,4773379:2,4773380:3,4773381:4,4773382:5,4773383:6,4773384:7,4773385:8,4773386:9,4773387:10"
子302-0034,子302-0034 新刻醫匯,"4915099:1,4915100:2,4915101:3,4915102:4,4915103:5,4915104:6,4915105:7,4915106:8,4915107:9,4915108:10,4915109:11,4915110:12,4915111:13,4915112:14,4915113:15,4915114:16"
子302-0035,子302-0035 古今醫學捷要六書,"4773388:1,4773389:2,4773390:3,4773391:4,4773392:5,4773393:6"
子302-0036,子302-0036 古今醫統大全,1076256:1
子302-0037,子302-0037 新刻聶久吾先生醫學彙函,"4773394:1,4773395:2,4773396:3,4773397:4,4773398:5,4773399:6,4773400:7,4773401:8,4773402:9,4773403:10,4773404:11,4773405:12,4773406:13,4773407:14"
子302-0038,子302-0038 鼎鍥太醫院頒行內外諸科方論百代醫宗,"4915115:1,4915116:2,4915117:3,4915118:4,4915119:5"
子302-0039,子302-0039 新編註解藥性賦,"4773408:1,4773409:2"
子302-0040,子302-0040 新鍥千選回生達寶祕傳明論醫方,"4773410:1,4773411:2,4773412:3,4773413:4,4773414:5,4773415:6,4773416:7,4773417:8"
子302-0041,子302-0041 士林餘業醫學全書,"4773418:1,4773419:2,4773420:3"
子302-0042,子302-0042 新刻聶久吾先生醫學彙函,"4774957:1,4774958:2,4774959:3,4774960:4,4774961:5,4774962:6,4774963:7,4774964:8,4774965:9,4774966:10,4774967:11,4774968:12,4774969:13,4774970:14"
子302-0043,子302-0043 新鍥千選回生達寶祕傳明論醫方,1078289:1
子302-0044,子302-0044 奇效醫述,1078023:1
子302-0045,子302-0045 病機賦,1084286:1
子302-0046,子302-0046 奇效醫述,1076260:1
子302-0047,子302-0047 奇效醫述,1084162:1
子302-0048,子302-0048 士林餘業醫學全書,"4774971:1,4774972:2,4774973:3"
子302-0049,子302-0049 奇效醫述,1076263:1
子302-0050,子302-0050 新鍥千選回生達寶祕傳明論醫方,"4774974:1,4774975:2,4774976:3,4774977:4,4774978:5"
子302-0051,子302-0051 醫學統旨,"4774979:1,4774980:2,4774981:3,4774982:4,4774983:5,4774984:6,4774985:7,4774986:8,4774987:9,4774988:10"
子302-0052,子302-0052 世醫通變要法,"4774989:1,4774990:2,4774991:3,4774992:4,4774993:5"
子302-0053,子302-0053 青嚢雜纂,"577860:1,577859:2,577858:3,577857:4,577861:5"
子302-0054,子302-0054 靈蘭集,"593388:1,593387:2,593389:3,593385:4,593390:5,593391:6,593392:7,593393:8,593384:9,593394:10,593422:11,593386:12,593423:13,593424:14"
子302-0055,子302-0055 醫燈續焰,"4915120:1,4915121:2,4915122:3,4915123:4,4915124:5,4915125:6,4915126:7,4915127:8,4915128:9,4915129:10"
子302-0057,子302-0057 新刻全補醫方便懦,"4774994:1,4774995:2"
子302-0058,子302-0058 醫燈續焰,"4915136:1,4915137:2,4915138:3,4915139:4,4915140:5,4915141:6,4915142:7,4915143:8,4915144:9,4915145:10"
子302-0060,子302-0060 羅氏會約醫鏡,"4915152:1,4915153:2,4915154:3,4915155:4,4915156:5,4915157:6,4915158:7,4915159:8,4915160:9,4915161:10,4915162:11,4915163:12,4915164:13,4915165:14,4915166:15,4915167:16,4915168:17,4915169:18,4915170:19,4915171:20"
子302-0061,子302-0061 醫學三字經,"4915172:1,4915173:2,4915174:3,4915175:4"
子302-0062,子302-0062 醫學三字經,"4915176:1,4915177:2,4915178:3,4915179:4"
子302-0063,子302-0063 吳醫彙講,"4915180:1,4915181:2,4915182:3,4915183:4"
子302-0064,子302-0064 吳醫彙講,"4915184:1,4915185:2,4915186:3,4915187:4"
子302-0065,子302-0065 醫級,"4915188:1,4915189:2,4915190:3,4915191:4,4915192:5,4915193:6,4915194:7,4915195:8,4915196:9,4915197:10,4915198:11,4915199:12"
子302-0066,子302-0066 證治大還,"577962:1,577963:2,577964:3,577862:4,577965:5,577966:6,577958:7,577961:8,577968:9,577969:10,577967:11,577957:12,577970:13,577960:14,577863:15,578064:16,577971:17,577959:18,578065:19,578066:20,578067:21"
子302-0067,子302-0067 醫法指南,"4915200:1,4915201:2,4915202:3,4915203:4,4915204:5,4915205:6,4915206:7,4915207:8,4915208:9,4915209:10"
子302-0068,子302-0068 新鐫張介石先生意著必讀資蒙醫徑,1076575:1
子302-0069,子302-0069 張氏醫通,"2318298:1,2318300:2"
子302-0070,子302-0070 證治彙補,"4915210:1,4915211:2,4915212:3,4915213:4,4915214:5,4915215:6,4915216:7,4915217:8"
子302-0071,子302-0071 張氏醫通,"4915218:1,4915219:2,4915220:3,4915221:4,4915222:5,4915223:6,4915224:7,4915225:8,4915226:9,4915227:10,4915228:11,4915229:12,4915230:13,4915231:14,4915232:15,4915233:16,4915234:17,4915235:18"
子302-0072,子302-0072 張氏醫通,"4915236:1,4915237:2,4915238:3,4915239:4,4915240:5,4915241:6,4915242:7,4915243:8,4915244:9,4915245:10,4915246:11,4915247:12,4915248:13,4915249:14,4915250:15,4915251:16"
子302-0073,子302-0073 證治大還,"578165:1,578166:2,578168:3,578169:4,578068:5,578170:6,578162:7,578072:8,578071:9,578172:10,578171:11,578173:12,578070:13,578163:14,578167:15,578164:16,578174:17,578176:18,578175:19,578069:20,578268:21,578269:22,578073:23,578270:24"
子302-0074,子302-0074 醫學指要,"4915252:1,4915253:2,4915254:3,4915255:4,4915256:5,4915257:6"
子302-0076,子302-0076 醫方集解,"4915258:1,4915259:2,4915260:3,4915261:4,4966370:5,4966371:6"
子302-0077,子302-0077 證治百問,"4915262:1,4915263:2,4915264:3,4915265:4"
子302-0079,子302-0079 御纂醫宗金鑑,"4915266:1,4915267:2,4915268:3,4915269:4,4915270:5,4915271:6,4915272:7,4915273:8,4915274:9,4915275:10,4915276:11,4915277:12,4915278:13,4915279:14,4915280:15,4915281:16,4915282:17,4915283:18,4915284:19,4915285:20,4915286:21,4915287:22,4915288:23,4915289:24,4915290:25,4915291:26,4915292:27,4915293:28,4915294:29,4915295:30,4915296:31,4915297:32,4915298:33,4915299:34,4915300:35,4915301:36,4915302:37,4915303:38,4915304:39,4915305:40,4915306:41,4915307:42,4915308:43,4915309:44,4915310:45,4915311:46,4915312:47,4915313:48,4915314:49,4915315:50,4915316:51,4915317:52,4915318:53,4915319:54,4915320:55,4915321:56,4915322:57,4915323:58,4915324:59,4915325:60,4915326:61,4915327:62,4915328:63,4915329:64"
子302-0080,子302-0080 醫綱提要,"4915330:1,4915331:2,4915332:3,4915333:4"
子302-0081,子302-0081 醫林指月,"578434:1,578372:2,578370:3,578435:4,578436:5,578366:6,578438:7,578437:8,578440:9,578369:10,578365:11,578439:12,578442:13,578368:14,578441:15,578444:16,578371:17,578443:18,578367:19"
子302-0083,子302-0083 醫學原始,"4915339:1,4915340:2,4915341:3,4915342:4,4915343:5,4915344:6,4915345:7,4915346:8"
子302-0084,子302-0084 御纂醫宗金鑑,"4915347:1,4915348:2,4915349:3,4915350:4,4915351:5,4915352:6,4915353:7,4915354:8,4915355:9,4915356:10,4915357:11,4915358:12,4915359:13,4915360:14,4915361:15,4915362:16,4915363:17,4915364:18,4915365:19,4915366:20,4915367:21,4915368:22,4915369:23,4915370:24,4915371:25,4915372:26,4915373:27,4915374:28,4915375:29,4915376:30,4915377:31,4915378:32,4915379:33,4915380:34,4915381:35,4915382:36,4915383:37,4915384:38,4915385:39,4915386:40,4915387:41,4915388:42,4915389:43,4915390:44,4915391:45,4915392:46,4915393:47,4915394:48,4915395:49,4915396:50,4915397:51,4915398:52,4915399:53,4915400:54,4915401:55,4915402:56,4915403:57,4915404:58,4915405:59,4915406:60,4915407:61,4915408:62,4915409:63,4915410:64"
子302-0085,子302-0085 御纂醫宗金鑑,"4915411:1,4915412:2,4915413:3,4915414:4,4915415:5,4915416:6,4915417:7,4915418:8,4915419:9,4915420:10,4915421:11,4915422:12,4915423:13,4915424:14,4915425:15,4915426:16,4915427:17,4915428:18,4915429:19,4915430:20,4915431:21,4915432:22,4915433:23,4915434:24,4915435:25,4915436:26,4915437:27,4915438:28,4915439:29,4915440:30,4915441:31,4915442:32,4915443:33,4915444:34,4915445:35,4915446:36,4915447:37,4915448:38,4915449:39,4915450:40,4915451:41,4915452:42,4915453:43,4915454:44,4915455:45,4915456:46,4915457:47,4915458:48"
子302-0086,子302-0086 醫宗備要,1077783:1
子302-0087,子302-0087 醫碥,"4915459:1,4915460:2,4915461:3,4915462:4,4915463:5,4915464:6"
子302-0088,子302-0088 新鐫何氏附方濟輿論必讀,"4915465:1,4915466:2,4915467:3,4915468:4,4915469:5,4915470:6,4915471:7,4915472:8,4915473:9,4915474:10,4915475:11,4915476:12,4915477:13,4915478:14,4915479:15,4915480:16,4915481:17"
子302-0090,子302-0090 名醫彙粹,"4915486:1,4915487:2,4915488:3,4915489:4,4915490:5,4915491:6,4915492:7,4915493:8,4915494:9,4915495:10,4915496:11,4915497:12,4915498:13,4915499:14,4915500:15,4915501:16"
子302-0091,子302-0091 醫學心悟,"4915502:1,4915503:2,4915504:3,4915505:4,4915506:5"
子302-0092,子302-0092 新刻醫衡,"4915507:1,4915508:2,4915509:3,4915510:4"
子302-0093,子302-0093 醫學啓蒙彙編,"4915511:1,4915512:2,4915513:3,4915514:4,4915515:5,4915516:6"
子302-0094,子302-0094 三家醫案合刻,"4915517:1,4915518:2"
子302-0096,子302-0096 齊氏家傳醫祕,"4915527:1,4915528:2,4915529:3,4915530:4"
子302-0097,子302-0097 齊氏醫案崇正辨訛,"4915531:1,4915532:2,4915533:3,4915534:4,4915535:5,4915536:6,4915537:7,4915538:8"
子302-0098,子302-0098 筆花醫鏡,"4915539:1,4915540:2,4915541:3,4915542:4"
子302-0099,子302-0099 醫學集要,"4915543:1,4915544:2,4915545:3,4915546:4"
子302-0100,子302-0100 醫學心悟,"4915547:1,4915548:2,4915549:3,4915550:4,4915551:5"
子302-0101,子302-0101 醫學四要,"594676:1,594670:2,594675:3,594678:4,594671:5,594677:6,594680:7,594679:8,594682:9,594672:10,594681:11,594674:12,594673:13,594789:14,594790:15,594791:16"
子302-0102,子302-0102 醫學三書論,1077126:1
子302-0103,子302-0103 醫律一筏,1077128:1
子302-0104,子302-0104 醫學讀書記,"4915552:1,4915553:2"
子302-0105,子302-0105 醫學心悟,"4915554:1,4915555:2,4915556:3,4915557:4"
子302-0106,子302-0106 醫學四要,"593944:1,593943:2,593945:3,593946:4"
子302-0108,子302-0108 六醴齋醫書,"577110:1,577196:2,577195:3,578508:4,577198:5,577100:6,577197:7,578507:8,577200:9,577199:10,577103:11,577101:12,577202:13,577201:14,577097:15,577203:16,577105:17,577104:18,577107:19,577099:20,577106:21,577102:22,577109:23,577098:24,577108:25,577111:26"
子302-0110,子302-0110 心醫集,"4915561:1,4915562:2,4915563:3,4915564:4,4915565:5,4915566:6"
子302-0111,子302-0111 臨證指南醫案,"4915567:1,4915568:2,4915569:3,4915570:4,4915571:5,4915572:6,4915573:7,4915574:8,4915575:9,4915576:10"
子302-0113,子302-0113 醫貫砭,"4915582:1,4915583:2"
子302-0114,子302-0114 心醫集,"4915584:1,4915585:2,4915586:3,4915587:4,4915588:5,4915589:6"
子302-0115,子302-0115 醫學要則,"4915590:1,4915591:2,4915592:3,4915593:4,4915594:5,4915595:6"
子302-0116,子302-0116 古今名醫彙粹,"4915596:1,4915597:2,4915598:3,4915599:4,4915600:5,4915601:6,4915602:7,4915603:8"
子302-0117,子302-0117 醫效祕傳,"4915604:1,4915605:2,4915606:3"
子302-0118,子302-0118 醫學要則,1077150:1
子302-0119,子302-0119 醫門法律,"4915607:1,4915608:2,4915609:3,4915610:4,4915611:5,4915612:6,4915613:7,4915614:8"
子302-0121,子302-0121 醫宗說約,"4915627:1,4915628:2,4915629:3,4915630:4"
子302-0122,子302-0122 醫學源流論,"4915631:1,4915632:2"
子302-0123,子302-0123 醫門法律,"4915633:1,4915634:2,4915635:3,4915636:4,4915637:5,4915638:6,4915639:7"
子302-0124,子302-0124 雜病源流犀燭,"4915640:1,4915641:2,4915642:3,4915643:4,4915644:5,4915645:6,4915646:7,4915647:8,4915648:9,4915649:10,4915650:11,4915651:12,4915652:13,4915653:14"
子302-0126,子302-0126 醫宗三法,"4915654:1,4915655:2,4915656:3,4915657:4,4915658:5"
子302-0127,子302-0127 醫略便視,1075569:1
子302-0128,子302-0128 旅醫寶鑑,"4915659:1,4915660:2,4915661:3,4915662:4"
子302-0129,子302-0129 醫林摘要活法,"4915663:1,4915664:2"
子302-0131,子302-0131 醫方類聚,"4915665:1,4915666:2,4915667:3,4915668:4,4915669:5,4915670:6,4915671:7,4915672:8,4915673:9,4915674:10,4915675:11,4915676:12,4915677:13,4915678:14,4915679:15,4915680:16,4915681:17,4915682:18,4915683:19,4915684:20,4915685:21,4915686:22,4915687:23,4915688:24,4915689:25,4915690:26,4915691:27,4915692:28,4915693:29,4915694:30,4915695:31,4915696:32,4915697:33,4915698:34,4915699:35,4915700:36,4915701:37,4915702:38,4915703:39,4915704:40,4915705:41,4915706:42,4915707:43,4915708:44"
子302-0132,子302-0132 醫方類聚,"4915709:1,4915710:2,4915711:3,4915712:4,4915713:5,4915714:6,4915715:7,4915716:8,4915717:9,4915718:10,4915719:11,4915720:12,4915721:13,4915722:14,4915723:15,4915724:16,4915725:17,4915726:18,4915727:19,4915728:20,4915729:21,4915730:22,4915731:23,4915732:24,4915733:25,4915734:26,4915735:27,4915736:28,4915737:29,4915738:30,4915739:31,4915740:32,4915741:33,4915742:34,4915743:35,4915744:36,4915745:37,4915746:38,4915747:39,4915748:40,4915749:41,4915750:42,4915751:43,4915752:44,4915753:45,4915754:46,4915755:47,4915756:48,4915757:49,4915758:50,4915759:51,4915760:52,4915761:53,4915762:54,4915763:55,4915764:56,4915765:57,4915766:58,4915767:59,4915768:60,4915769:61,4915770:62,4915771:63,4915772:64,4915773:65,4915774:66,4915775:67,4915776:68,4915777:69,4915778:70,4915779:71,4915780:72,4915781:73,4915782:74,4915783:75,4915784:76,4915785:77,4915786:78,4915787:79,4915788:80,4915789:81,4915790:82,4915791:83,4915792:84,4915793:85,4915794:86,4915795:87,4915796:88,4915797:89,4915798:90,4915799:91,4915800:92,4915801:93,4915802:94,4915803:95,4915804:96,4915805:97,4915806:98,4915807:99,4915808:100,4915809:101,4915810:102,4915811:103,4915812:104,4915813:105,4915814:106,4915815:107,4915816:108,4915817:109,4915818:110,4915819:111,4915820:112,4915821:113,4915822:114,4915823:115,4915824:116,4915825:117,4915826:118,4915827:119,4915828:120,4915829:121,4915830:122,4915831:123,4915832:124,4915833:125,4915834:126,4915835:127,4915836:128,4915837:129,4915838:130,4915839:131,4915840:132,4915841:133,4915842:134,4915843:135,4915844:136,4915845:137,4915846:138,4915847:139,4915848:140,4915849:141,4915850:142,4915851:143,4915852:144,4915853:145,4915854:146,4915855:147,4915856:148,4915857:149,4915858:150,4915859:151,4915860:152,4915861:153,4915862:154,4915863:155,4915864:156,4915865:157,4915866:158,4915867:159,4915868:160,4915869:161,4915870:162,4915871:163,4915872:164,4915873:165,4915874:166,4915875:167,4915876:168,4915877:169,4915878:170,4915879:171,4915880:172,4915881:173,4915882:174,4915883:175,4915884:176,4915885:177,4915886:178,4915887:179,4915888:180,4915889:181"
子302-0133,子302-0133 醫方類聚,"4915890:1,4915891:2,4915892:3,4915893:4,4915894:5,4915895:6,4915896:7,4915897:8,4915898:9,4915899:10,4915900:11,4915901:12,4915902:13,4915903:14,4915904:15,4915905:16,4915906:17,4915907:18,4915908:19,4915909:20,4915910:21,4915911:22,4915912:23,4915913:24,4915914:25,4915915:26,4915916:27,4915917:28,4915918:29,4915919:30,4915920:31,4915921:32,4915922:33,4915923:34,4915924:35,4915925:36,4915926:37,4915927:38,4915928:39,4915929:40,4915930:41,4915931:42,4915932:43,4915933:44,4915934:45,4915935:46,4915936:47,4915937:48,4915938:49,4915939:50,4915940:51,4915941:52,4915942:53,4915943:54,4915944:55,4915945:56,4915946:57,4915947:58,4915948:59,4915949:60,4915950:61,4915951:62,4915952:63,4915953:64,4915954:65,4915955:66,4915956:67,4915957:68,4915958:69,4915959:70,4915960:71,4915961:72,4915962:73,4915963:74,4915964:75,4915965:76,4915966:77,4915967:78,4915968:79,4915969:80,4915970:81,4915971:82,4915972:83,4915973:84,4915974:85,4915975:86,4915976:87,4915977:88,4915978:89,4915979:90,4915980:91,4915981:92,4915982:93,4915983:94,4915984:95,4915985:96,4915986:97,4915987:98,4915988:99,4915989:100,4915990:101,4915991:102,4915992:103,4915993:104,4915994:105,4915995:106,4915996:107,4915997:108,4915998:109,4915999:110,4916000:111,4916001:112,4916002:113,4916003:114,4916004:115,4916005:116,4916006:117,4916007:118,4916008:119,4916009:120,4916010:121,4916011:122,4916012:123,4916013:124,4916014:125,4916015:126,4916016:127,4916017:128,4916018:129,4916019:130,4916020:131,4916021:132,4916022:133,4916023:134,4916024:135,4916025:136,4916026:137,4916027:138,4916028:139,4916029:140,4916030:141,4916031:142,4916032:143,4916033:144,4916034:145,4916035:146,4916036:147,4916037:148,4916038:149,4916039:150,4916040:151,4916041:152,4916042:153,4916043:154,4916044:155,4916045:156,4916046:157,4916047:158,4916048:159,4916049:160,4916050:161,4916051:162,4916052:163,4916053:164,4916054:165,4916055:166,4916056:167,4916057:168,4916058:169,4916059:170,4916060:171,4916061:172,4916062:173,4916063:174,4916064:175,4916065:176,4916066:177,4916067:178,4916068:179,4916069:180,4916070:181,4916071:182,4916072:183,4916073:184,4916074:185,4916075:186,4916076:187,4916077:188,4916078:189,4916079:190,4916080:191,4916081:192,4916082:193,4916083:194,4916084:195,4916085:196,4916086:197,4916087:198,4916088:199,4916089:200,4916090:201,4916091:202,4916092:203,4916093:204,4916094:205,4916095:206,4916096:207,4916097:208,4916098:209,4916099:210,4916100:211,4916101:212,4916102:213,4916103:214,4916104:215,4916105:216,4916106:217,4916107:218,4916108:219,4916109:220,4916110:221,4916111:222,4916112:223,4916113:224,4916114:225,4916115:226,4916116:227,4916117:228,4916118:229,4916119:230,4916120:231,4916121:232,4916122:233,4916123:234,4916124:235,4916125:236,4916126:237,4916127:238,4916128:239,4916129:240,4916130:241,4916131:242,4916132:243,4916133:244,4916134:245,4916135:246,4916136:247,4916137:248,4916138:249,4916139:250,4916140:251,4916141:252,4916142:253,4916143:254,4916144:255,4916145:256,4916146:257,4916147:258,4916148:259,4916149:260,4916150:261,4916151:262,4916152:263,4916153:264"
子303-0001,子303-0001 醫方類聚,"4916154:1,4916155:2,4916156:3,4916157:4,4916158:5,4916159:6,4916160:7,4916161:8,4916162:9,4916163:10,4916164:11,4916165:12,4916166:13,4916167:14,4916168:15,4916169:16,4916170:17,4916171:18,4916172:19,4916173:20,4916174:21,4916175:22,4916176:23,4916177:24,4916178:25,4916179:26,4916180:27,4916181:28,4916182:29,4916183:30,4916184:31,4916185:32,4916186:33,4916187:34,4916188:35,4916189:36,4916190:37,4916191:38,4916192:39,4916193:40,4916194:41,4916195:42,4916196:43,4916197:44,4916198:45,4916199:46,4916200:47,4916201:48,4916202:49,4916203:50,4916204:51,4916205:52,4916206:53,4916207:54,4916208:55,4916209:56,4916210:57,4916211:58,4916212:59,4916213:60,4916214:61,4916215:62,4916216:63,4916217:64,4916218:65,4916219:66,4916220:67,4916221:68,4916222:69,4916223:70,4916224:71,4916225:72,4916226:73,4916227:74,4916228:75,4916229:76,4916230:77,4916231:78,4916232:79,4916233:80,4916234:81,4916235:82,4916236:83,4916237:84,4916238:85,4916239:86,4916240:87,4916241:88,4916242:89,4916243:90,4916244:91,4916245:92,4916246:93,4916247:94,4916248:95,4916249:96,4916250:97,4916251:98,4916252:99,4916253:100,4916254:101,4916255:102,4916256:103,4916257:104,4916258:105,4916259:106,4916260:107,4916261:108,4916262:109,4916263:110,4916264:111,4916265:112,4916266:113,4916267:114,4916268:115,4916269:116,4916270:117,4916271:118,4916272:119,4916273:120,4916274:121,4916275:122,4916276:123,4916277:124,4916278:125,4916279:126,4916280:127,4916281:128,4916282:129,4916283:130,4916284:131,4916285:132,4916286:133,4916287:134,4916288:135,4916289:136,4916290:137,4916291:138,4916292:139,4916293:140,4916294:141,4916295:142,4916296:143,4916297:144,4916298:145,4916299:146,4916300:147,4916301:148,4916302:149,4916303:150,4916304:151,4916305:152,4916306:153,4916307:154,4916308:155,4916309:156,4916310:157,4916311:158,4916312:159,4916313:160,4916314:161,4916315:162,4916316:163,4916317:164,4916318:165,4916319:166,4916320:167,4916321:168,4916322:169,4916323:170,4916324:171,4916325:172,4916326:173,4916327:174,4916328:175,4916329:176,4916330:177,4916331:178,4916332:179,4916333:180,4916334:181,4916335:182,4916336:183,4916337:184,4916338:185,4916339:186,4916340:187,4916341:188,4916342:189,4916343:190,4916344:191,4916345:192,4916346:193,4916347:194,4916348:195,4916349:196,4916350:197,4916351:198,4916352:199,4916353:200,4916354:201,4916355:202,4916356:203,4916357:204,4916358:205,4916359:206,4916360:207,4916361:208,4916362:209,4916363:210,4916364:211,4916365:212,4916366:213,4916367:214,4916368:215,4916369:216,4916370:217,4916371:218,4916372:219,4916373:220,4916374:221,4916375:222,4916376:223,4916377:224,4916378:225,4916379:226,4916380:227,4916381:228,4916382:229,4916383:230,4916384:231,4916385:232,4916386:233,4916387:234,4916388:235,4916389:236,4916390:237,4916391:238,4916392:239,4916393:240,4916394:241,4916395:242,4916396:243,4916397:244,4916398:245,4916399:246,4916400:247,4916401:248,4916402:249,4916403:250,4916404:251,4916405:252,4916406:253,4916407:254,4916408:255,4916409:256,4916410:257,4916411:258,4916412:259,4916413:260,4916414:261,4916415:262,4916416:263,4916417:264"
子303-0002,子303-0002 醫方類聚,"4916418:1,4916419:2,4916420:3,4916421:4,4916422:5,4916423:6,4916424:7,4916425:8,4916426:9,4916427:10,4916428:11,4916429:12,4916430:13,4916431:14,4916432:15,4916433:16,4916434:17,4916435:18,4916436:19,4916437:20,4916438:21,4916439:22,4916440:23,4916441:24,4916442:25,4916443:26,4916444:27,4916445:28,4916446:29,4916447:30,4916448:31,4916449:32,4916450:33,4916451:34,4916452:35,4916453:36,4916454:37,4916455:38,4916456:39,4916457:40,4916458:41,4916459:42,4916460:43,4916461:44,4916462:45,4916463:46,4916464:47,4916465:48,4916466:49,4916467:50,4916468:51,4916469:52,4916470:53,4916471:54,4916472:55,4916473:56,4916474:57,4916475:58,4916476:59,4916477:60,4916478:61,4916479:62,4916480:63,4916481:64,4916482:65,4916483:66,4916484:67,4916485:68,4916486:69,4916487:70,4916488:71,4916489:72,4916490:73,4916491:74,4916492:75,4916493:76,4916494:77,4916495:78,4916496:79"
子303-0003,子303-0003 訂正東醫寶鑑,"4916497:1,4916498:2,4916499:3,4916500:4,4916501:5,4916502:6,4916503:7,4916504:8,4916505:9,4916506:10,4916507:11,4916508:12,4916509:13,4916510:14,4916511:15,4916512:16,4916513:17,4916514:18,4916515:19,4916516:20,4916517:21,4916518:22,4916519:23,4916520:24,4916521:25"
子303-0004,子303-0004 訂正東醫寶鑑,"4916522:1,4916523:2,4916524:3,4916525:4,4916526:5,4916527:6,4916528:7,4916529:8,4916530:9,4916531:10,4916532:11,4916533:12,4916534:13,4916535:14,4916536:15,4916537:16,4916538:17,4916539:18,4916540:19,4916541:20,4916542:21,4916543:22,4916544:23,4916545:24,4916546:25"
子303-0005,子303-0005 醫師祕笈,"4430914:1,4430915:2"
子303-0006,子303-0006 醫師祕笈,"4916547:1,4916548:2"
子303-0007,子303-0007 新增素問運氣圖括定局立成,1075676:1
子303-0008,子303-0008 素問病機氣宜保命集,"4770526:1,4770527:2,4770528:3"
子303-0010,子303-0010 新增素問運氣圖括定局立成,3611493:1
子303-0011,子303-0011 新刻華佗內照圖,"4916549:1,4916550:2"
子303-0012,子303-0012 新刻華佗內照圖,"4916551:1,4916552:2"
子303-0013,子303-0013 朝鮮醫問答,1075679:1
子303-0014,子303-0014 傷寒總病論,"4916553:1,4916554:2,4916555:3,4916556:4,4916557:5,4916558:6"
子303-0016,子303-0016 新纂傷寒溯源,"4916559:1,4916560:2,4916561:3,4916562:4,4916563:5,4916564:6"
子303-0017,子303-0017 重刊巢氏諸病源候總論,"4430919:1,4430920:2,4430921:3,4430922:4,4431884:5,4431885:6,4431886:7,4431888:8,4436999:9,4437000:10"
子303-0018,子303-0018 重刊巢氏諸病源候總論,"4770540:1,4770543:2,4770545:3,4770548:4,4770550:5,4770554:6,4770556:7,4770558:8,4770561:9,4770563:10,4770565:11,4770568:12,4770570:13,4770573:14"
子303-0020,子303-0020 素問玄機原病式,1075757:1
子303-0021,子303-0021 重刊巢氏諸病源候總論,"4916565:1,4916566:2,4916567:3,4916568:4"
子303-0022,子303-0022 新刊東垣十書醫經溯洄集,3611465:1
子303-0023,子303-0023 巢氏諸病源候論,"4916569:1,4916570:2,4916571:3,4916572:4,4916573:5,4916574:6,4916575:7,4916576:8,4916577:9,4916578:10,4916579:11"
子303-0025,子303-0025 增補醫方一盤珠全集,"4916580:1,4916581:2,4916582:3,4916583:4,4916584:5,4916585:6"
子303-0026,子303-0026 韓氏醫通,1084062:1
子303-0027,子303-0027 醫貫,"4770583:1,4770584:2"
子303-0028,子303-0028 儒醫精要,1082728:1
子303-0029,子303-0029 儒醫精要,1075759:1
子303-0030,子303-0030 新校正華先生中藏經,1083811:1
子303-0031,子303-0031 新校正華先生中藏經,1084288:1
子303-0032,子303-0032 新校正華先生中藏經,1075761:1
子303-0033,子303-0033 沈朗仲先生病機彙論,"4916586:1,4916587:2,4916588:3,4916589:4,4916590:5,4916591:6,4916592:7,4916593:8,4916594:9,4916595:10,4916596:11,4916597:12,4916598:13,4916599:14"
子303-0034,子303-0034 刻醫無閭子醫貫,"4916600:1,4916601:2,4916602:3,4916603:4,4916604:5,4916605:6,4916606:7,4916607:8"
子303-0037,子303-0037 韓氏醫通,"4916612:1,4916613:2"
子303-0038,子303-0038 儒醫精要,"4916614:1,4916615:2,4916616:3"
子303-0039,子303-0039 新刻汪先生家藏醫學原理,"4770585:1,4770586:2,4770587:3,4770588:4,4770589:5,4770590:6,4770591:7,4770592:8"
子303-0043,子303-0043 醫經原旨,"4916621:1,4916622:2,4916623:3,4916624:4,4916625:5,4916626:6"
子303-0044,子303-0044 新刊通真子補註王叔和脈訣,"4770593:1,4770594:2"
子303-0045,子303-0045 新刻明醫參補三合王叔和脈訣合編,"4770595:1,4770596:2"
子303-0046,子303-0046 新刊勿聽子俗解脈訣大全,1075835:1
子303-0048,子303-0048 圖註王叔和脈訣,"4770597:1,4770598:2,4770599:3"
子303-0049,子303-0049 王氏脈經,"4770600:1,4770601:2,4770602:3"
子303-0050,子303-0050 脈經,"4770610:1,4770611:2,4770612:3,4770613:4,4770614:5,4770616:6"
子303-0051,子303-0051 鋟圖註王叔和脈訣大全,1078758:1
子303-0052,子303-0052 王氏脈經,"4916627:1,4916628:2,4916629:3,4916630:4"
子303-0053,子303-0053 王氏脈經,"4770624:1,4770627:2,4770628:3,4770631:4,4770634:5,4770637:6,4770639:7,4770642:8,4770644:9,4770647:10"
子303-0054,子303-0054 脈經,"4916631:1,4916632:2,4916633:3,4916634:4,4916635:5"
子303-0055,子303-0055 新刻增補王叔和脈訣圖註定本,1083719:1
子303-0056,子303-0056 新刊勿聽子俗解脈訣,"4916636:1,4916637:2"
子303-0057,子303-0057 圖註脈訣辨真,"4770655:1,4770658:2"
子303-0058,子303-0058 圖註脈訣辨真,"4770665:1,4770667:2"
子303-0059,子303-0059 新刊註王叔和脈訣,1083718:1
子303-0060,子303-0060 王氏脈經,"4770671:1,4770673:2,4770677:3,4770679:4,4770681:5,4770683:6,4770685:7,4770688:8"
子303-0061,子303-0061 沈朗仲先生病機彙論,"4916638:1,4916639:2,4916640:3,4916641:4,4916642:5,4916643:6,4916644:7,4916645:8,4916646:9,4916647:10,4916648:11,4916649:12,4916650:13,4916651:14"
子303-0063,子303-0063 鍥太上天寶太素張神仙脈訣玄微綱領宗統,"4770695:1,4770697:2"
子303-0064,子303-0064 玄門脈訣內照圖,1084274:1
子303-0065,子303-0065 奇經八脈攷,1075911:1
子303-0066,子303-0066 脈便,1075912:1
子303-0067,子303-0067 太初脈辨,"4770705:1,4770708:2"
子303-0068,子303-0068 王氏脈經,1075914:1
子303-0069,子303-0069 診脈要捷,1075913:1
子303-0071,子303-0071 脈訣刊誤集解,3611457:1
子303-0072,子303-0072 決脈精要,1084280:1
子303-0074,子303-0074 紫虛崔真人脈訣祕旨,1075918:1
子303-0075,子303-0075 脈訣刊誤集解,"4431894:1,4437003:2"
子303-0076,子303-0076 新刻脈訣刊誤,"4916652:1,4916653:2"
子303-0077,子303-0077 鍥王氏祕傳叔和圖註釋義脈訣評林捷徑統宗,"4770716:1,4770719:2"
子303-0079,子303-0079 脈訣理玄祕要,3610681:1
子303-0080,子303-0080 樂英堂新纂醫家脈法正宗,"4916654:1,4916655:2"
子303-0081,子303-0081 脈鏡,1076022:1
子303-0083,子303-0083 脈訣刊誤集解,"4916656:1,4916657:2"
子303-0084,子303-0084 脈語,1076023:1
子303-0085,子303-0085 脈語,3610682:1
子303-0086,子303-0086 脈證傳授心法,1083722:1
子303-0087,子303-0087 王氏脈經,"4770728:1,4770730:2,4770733:3,4770735:4,4770736:5,4770737:6,4770738:7,4770739:8"
子303-0088,子303-0088 華氏中藏經,1084287:1
子303-0089,子303-0089 華氏中藏經,1076024:1
子303-0090,子303-0090 脈理正義,"4916658:1,4916659:2,4916660:3,4916661:4,4916662:5,4916663:6"
子303-0092,子303-0092 續易簡方脈論,1076028:1
子303-0094,子303-0094 王氏脈經,"4770747:1,4770749:2,4770751:3,4770752:4,4770755:5,4770757:6"
子303-0096,子303-0096 金匱玉函經,"4916675:1,4916676:2,4916677:3,4916678:4"
子303-0097,子303-0097 金匱玉函經,"4916679:1,4916680:2,4916681:3,4916682:4,4916683:5,4916684:6,4916685:7,4916686:8"
子303-0098,子303-0098 金匱玉函經,"4916687:1,4916688:2,4916689:3,4916690:4,4916691:5,4916692:6,4916693:7,4916694:8"
子303-0099,子303-0099 金匱玉函二註,"4916695:1,4916696:2,4916697:3,4916698:4,4916699:5,4916700:6,4916701:7,4916702:8"
子303-0100,子303-0100 金匱玉函二註,"4916703:1,4916704:2,4916705:3,4916706:4,4916707:5,4916708:6,4916709:7,4916710:8"
子303-0101,子303-0101 石頑老人診宗三昧,"4916711:1,4916712:2"
子303-0103,子303-0103 醫徑句測,"4916716:1,4916717:2"
子303-0104,子303-0104 脈理求真,1076287:1
子303-0105,子303-0105 脈訣彙辨,"4916718:1,4916719:2,4916720:3,4916721:4,4916722:5,4916723:6"
子303-0106,子303-0106 石頑老人診宗三昧,1076285:1
子303-0107,子303-0107 石頑老人診宗三昧,1076288:1
子303-0108,子303-0108 寸耕堂醫案,1077787:1
子303-0111,子303-0111 金匱要略直解,"4916742:1,4916743:2,4916744:3,4916745:4,4916746:5,4916747:6"
子303-0112,子303-0112 張仲景金匱要略論註,"4916748:1,4916749:2,4916750:3,4916751:4,4916752:5"
子303-0113,子303-0113 張仲景金匱要略,"4916753:1,4916754:2,4916755:3,4916756:4,4916757:5,4916758:6,4916759:7,4916760:8,4916761:9"
子303-0114,子303-0114 張仲景金匱要略,"4916762:1,4916763:2,4916764:3,4916765:4,4916766:5,4916767:6,4916768:7,4916769:8,4916770:9,4916771:10"
子303-0115,子303-0115 金匱要略正義,1077985:1
子303-0116,子303-0116 金匱心典,"4916772:1,4916773:2,4916774:3"
子303-0117,子303-0117 金匱翼,"4916775:1,4916776:2,4916777:3,4916778:4"
子303-0118,子303-0118 新編金匱要略方論,"4916779:1,4916780:2"
子303-0119,子303-0119 金匱要略正義,"4916781:1,4916782:2,4916783:3"
子303-0122,子303-0122 張仲景中寒論辨證廣註,1076400:1
子303-0123,子303-0123 金匱要略方論本義,"4916784:1,4916785:2,4916786:3,4916787:4,4916788:5"
子303-0124,子303-0124 註解傷寒論,"4916789:1,4916790:2,4916791:3"
子303-0125,子303-0125 傷寒論三註,"4437007:1,4437008:2,4437860:3,4437861:4,4437862:5,4437863:6,4437864:7,4437865:8"
子303-0126,子303-0126 傷寒論,"4916792:1,4916793:2"
子303-0127,子303-0127 註解傷寒論,"4770773:1,4770774:2,4770775:3"
子303-0128,子303-0128 傷寒論三註,"4916794:1,4916795:2,4916796:3,4916797:4,4916798:5,4916799:6,4916800:7,4916801:8"
子303-0129,子303-0129 傷寒論,"4916802:1,4916803:2,4916804:3,4916805:4,4916806:5,4916807:6"
子303-0130,子303-0130 傷寒論,1076405:1
子303-0131,子303-0131 傷寒論,1076408:1
子303-0132,子303-0132 傷寒論,1084119:1
子303-0133,子303-0133 傷寒論,1076407:1
子303-0134,子303-0134 傷寒論,1076410:1
子303-0135,子303-0135 傷寒論,1084120:1
子303-0136,子303-0136 傷寒論,1077908:1
子303-0137,子303-0137 傷寒論,1076409:1
子303-0138,子303-0138 仲景傷寒補亡論,"4916808:1,4916809:2,4916810:3,4916811:4,4916812:5,4916813:6"
子303-0140,子303-0140 再重訂傷寒集註,"4916821:1,4916822:2,4916823:3,4916824:4"
子303-0141,子303-0141 集註傷寒論,"4916825:1,4916826:2"
子303-0143,子303-0143 新刊傷寒類書活人總括,1084121:1
子303-0144,子303-0144 傷寒明理方論,1076141:1
子303-0145,子303-0145 傷寒明理論,1076031:1
子303-0146,子303-0146 傷寒選錄,"4770776:1,4770777:2,4770778:3,4770779:4,4770780:5,4770781:6,4770782:7,4770783:8,4770784:9"
子303-0147,子303-0147 傷寒論條辨,"4916834:1,4916835:2,4916836:3,4916837:4"
子303-0148,子303-0148 傷寒論,1076143:1
子303-0149,子303-0149 校刻傷寒圖歌活人指掌,"4770790:1,4770791:2"
子303-0150,子303-0150 陶節菴傷寒全生集,"4916838:1,4916839:2,4916840:3,4916841:4"
子303-0151,子303-0151 傷寒論條辨,"4916842:1,4916843:2,4916844:3,4916845:4"
子303-0152,子303-0152 新編傷寒類證便覽,"4770800:1,4770802:2,4770804:3,4770806:4"
子303-0153,子303-0153 新鐫類證增註傷寒百問歌,"4770816:1,4770818:2"
子303-0154,子303-0154 新鐫註解張仲景傷寒發微論,"4770825:1,4770827:2"
子303-0156,子303-0156 陶節菴傷寒全生集,"4770829:1,4770830:2,4770831:3,4770832:4"
子303-0157,子303-0157 新鐫陶節菴家藏傷寒六書,"4770836:1,4770838:2,4770839:3,4770840:4"
子303-0158,子303-0158 新刻陳養晦先生傷寒五法,"4916846:1,4916847:2,4916848:3,4916849:4,4916850:5"
子303-0159,子303-0159 傷寒百問,"4916851:1,4916852:2"
子303-0160,子303-0160 李士材先生傷寒括要,"4916853:1,4916854:2,4916855:3,4916856:4"
子303-0161,子303-0161 新刊傷寒類書活人總括,1076149:1
子303-0162,子303-0162 傷寒發微論,1084122:1
子303-0163,子303-0163 東垣先生醫學綱目,"4770841:1,4770842:2,4770843:3,4770844:4,4770845:5,4770846:6,4770847:7,4770848:8,4770849:9,4770850:10,4770851:11"
子303-0164,子303-0164 傷寒五法,"4916857:1,4916858:2,4916859:3"
子303-0165,子303-0165 敖氏傷寒金鏡錄,1076151:1
子303-0166,子303-0166 傷寒治例,1078764:1
子303-0168,子303-0168 傷寒纉論,"4916864:1,4916865:2,4916866:3,4916867:4"
子303-0169,子303-0169 傷寒論直解,"4916868:1,4916869:2,4916870:3,4916871:4,4916872:5,4916873:6"
子303-0170,子303-0170 傷寒纉論,"4916874:1,4916875:2,4916876:3,4916877:4"
子303-0171,子303-0171 傷寒辨證,"4916878:1,4916879:2,4916880:3,4916881:4"
子303-0172,子303-0172 傷寒論宗印,"4916882:1,4916883:2,4916884:3,4916885:4"
子303-0173,子303-0173 傷寒論宗印,"4916886:1,4916887:2,4916888:3,4916889:4,4916890:5,4916891:6,4916892:7,4916893:8"
子303-0174,子303-0174 類編傷寒活人書括指掌圖論,"4770921:1,4770923:2"
子303-0175,子303-0175 傷寒舌鑑,1076268:1
子303-0176,子303-0176 傷寒兼證析義,1076269:1
子303-0177,子303-0177 王氏家寶傷寒證治明條,"4770927:1,4770931:2,4770932:3,4770933:4"
子303-0178,子303-0178 傷寒舌鑑,1084135:1
子303-0179,子303-0179 醫學補天石,"4916894:1,4916895:2,4916896:3,4916897:4"
子303-0180,子303-0180 王氏家寶傷寒證治明條,"4916898:1,4916899:2,4916900:3,4916901:4"
子303-0181,子303-0181 新刊傷寒撮要,"4916902:1,4916903:2"
子303-0182,子303-0182 傷寒蘊要全書,"4916904:1,4916905:2"
子303-0183,子303-0183 傷寒兼證析義,1084145:1
子303-0184,子303-0184 傷寒舌鑑,1076271:1
子303-0185,子303-0185 傷寒緖論,"4916906:1,4916907:2,4916908:3,4916909:4"
子303-0186,子303-0186 傷寒緖論,"4916910:1,4916911:2,4916912:3,4916913:4"
子303-0187,子303-0187 傷寒闡要編,"4770939:1,4770941:2"
子303-0188,子303-0188 傷寒兼證析義,1077979:1
子303-0189,子303-0189 傷寒緖論,"4916914:1,4916915:2,4916916:3,4916917:4"
子303-0190,子303-0190 傷寒兼證析義,1076276:1
子303-0191,子303-0191 傷寒舌鑑,1084136:1
子303-0192,子303-0192 傷寒緖論,"4916918:1,4916919:2"
子303-0193,子303-0193 重編傷寒必用運氣全書,"4770944:1,4770946:2"
子303-0194,子303-0194 傷寒纉論,"4916920:1,4916921:2,4916922:3,4916923:4"
子303-0195,子303-0195 傷寒論後條辨,"4916924:1,4916925:2,4916926:3,4916927:4,4916928:5,4916929:6,4916930:7"
子303-0196,子303-0196 傷寒纉論,"4916931:1,4916932:2"
子303-0197,子303-0197 傷寒論翼,"4916933:1,4916934:2"
子303-0198,子303-0198 傷寒論本義,"4916935:1,4916936:2,4916937:3,4916938:4,4916939:5,4916940:6,4916941:7,4916942:8"
子303-0199,子303-0199 傷寒論本義,"4916943:1,4916944:2,4916945:3,4916946:4,4916947:5,4916948:6,4916949:7,4916950:8"
子303-0200,子303-0200 傷寒論綱目,"4916951:1,4916952:2,4916953:3,4916954:4,4916955:5,4916956:6,4916957:7,4916958:8,4916959:9,4916960:10"
子303-0201,子303-0201 傷寒論註來蘇集,"4916961:1,4916962:2,4916963:3,4916964:4,4916965:5,4916966:6"
子303-0202,子303-0202 傷寒論註來蘇集,"4916967:1,4916968:2,4916969:3,4916970:4,4916971:5,4916972:6,4916973:7,4916974:8"
子303-0204,子303-0204 張仲景傷寒論辨證廣註,"4916979:1,4916980:2,4916981:3,4916982:4,4916983:5,4916984:6"
子303-0205,子303-0205 傷寒述微,1076392:1
子303-0206,子303-0206 傷寒論後條辨,"4916985:1,4916986:2,4916987:3,4916988:4,4916989:5,4916990:6"
子303-0207,子303-0207 傷寒三書合璧,"593376:1,593378:2,593379:3,593380:4,593421:5,593377:6"
子303-0208,子303-0208 傷寒輯要,"4916991:1,4916992:2,4916993:3,4916994:4,4916995:5,4916996:6,4916997:7,4916998:8,4916999:9,4917000:10,4917001:11,4917002:12,4917003:13,4917004:14,4917005:15"
子303-0209,子303-0209 新刻幼科百效全書,"4437866:1,4437867:2,4437868:3"
子303-0210,子303-0210 傷寒論類方,"4917006:1,4917007:2"
子303-0212,子303-0212 傷寒正宗,"4917008:1,4917009:2,4917010:3,4917011:4,4917012:5"
子303-0213,子303-0213 傷寒論本義,"4917013:1,4917014:2,4917015:3,4917016:4,4917017:5,4917018:6"
子303-0214,子303-0214 傷寒分經,"4917019:1,4917020:2,4917021:3,4917022:4,4917023:5,4917024:6,4917025:7,4917026:8"
子303-0215,子303-0215 尚論張仲景傷寒論重編三百九十七法,"4917027:1,4917028:2,4917029:3,4917030:4,4917031:5,4917032:6"
子303-0216,子303-0216 喩嘉言先生傷寒尚論篇全書,"578294:1,578296:2,578293:3,578299:4,578298:5,578382:6,578297:7,578295:8,578300:9,578383:10"
子303-0217,子303-0217 傷寒分經,"4917033:1,4917034:2,4917035:3,4917036:4,4917037:5,4917038:6,4917039:7,4917040:8"
子303-0219,子303-0219 上清紫庭追癆仙方,1084156:1
子303-0220,子303-0220 馮氏錦嚢癆瘵祕錄,"4917041:1,4917042:2,4917043:3"
子303-0221,子303-0221 傷寒大白,"4917044:1,4917045:2,4917046:3,4917047:4"
子303-0223,子303-0223 胤產全書,1076893:1
子303-0224,子303-0224 新鍥王府內科醫國大方中和活旨,"4770949:1,4770950:2,4770951:3,4770952:4"
子303-0225,子303-0225 太醫院手授經驗百效內科全書,"4770959:1,4770961:2,4770963:3"
子303-0226,子303-0226 新刻廣嗣須知,1076897:1
子303-0227,子303-0227 胎產救急方,1076898:1
子303-0228,子303-0228 產育寶慶方,"4917088:1,4917089:2"
子303-0229,子303-0229 臟腑證治圖說人鏡經,"4917090:1,4917091:2"
子303-0230,子303-0230 臟腑證治圖說人鏡經,"4772398:1,4772399:2,4772400:3,4772401:4,4772402:5,4772403:6,4772404:7,4772405:8"
子303-0231,子303-0231 程齋醫抄撮要,"4772662:1,4772665:2"
子303-0232,子303-0232 新刻萬氏家傳廣嗣紀要,"4772676:1,4772678:2,4772679:3,4772680:4"
子303-0233,子303-0233 胎產救急方,1076901:1
子303-0234,子303-0234 濟生產寶論方,"4917092:1,4917093:2"
子303-0235,子303-0235 胤產全書,"4774108:1,4774109:2,4774110:3,4774111:4"
子303-0236,子303-0236 雜病治例,1084154:1
子303-0237,子303-0237 便產須知,"4917094:1,4917095:2"
子303-0238,子303-0238 胎產救急方,1084161:1
子303-0239,子303-0239 保產萬全書,1077018:1
子303-0240,子303-0240 新編婦人良方補遺大全,"4917096:1,4917097:2,4917098:3,4917099:4,4917100:5,4917101:6,4917102:7,4917103:8,4917104:9,4917105:10"
子303-0241,子303-0241 保產機要,1077020:1
子303-0242,子303-0242 內府祕傳經驗女科,"4774112:1,4774113:2,4774114:3"
子303-0243,子303-0243 廣嗣五種備要,"4917106:1,4917107:2"
子303-0245,子303-0245 產育寶慶集,1077022:1
子303-0246,子303-0246 產鑑,"4917112:1,4917113:2"
子303-0247,子303-0247 朱丹溪先生產寶,1077021:1
子303-0248,子303-0248 新編婦人大全良方,"4917114:1,4917115:2,4917116:3,4917117:4,4917118:5,4917119:6,4917120:7,4917121:8,4917122:9"
子303-0249,子303-0249 婦人良方,"4774115:1,4774116:2,4774117:3,4774118:4,4774119:5,4774120:6,4774121:7"
子303-0250,子303-0250 婦人良方,"4917123:1,4917124:2,4917125:3,4917126:4,4917127:5,4917128:6,4917129:7,4917130:8"
子303-0251,子303-0251 濟陰綱目,"4917131:1,4917132:2,4917133:3,4917134:4,4917135:5,4917136:6,4917137:7,4917138:8,4917139:9,4917140:10"
子303-0252,子303-0252 濟陰綱目,"4774122:1,4774123:2,4774124:3,4774125:4,4774126:5,4774127:6,4774128:7,4774129:8,4774130:9,4774131:10"
子303-0253,子303-0253 濟陰綱目,"4917141:1,4917142:2,4917143:3,4917144:4,4917145:5,4917146:6"
子303-0254,子303-0254 濟陰綱目,"4917147:1,4917148:2,4917149:3,4917150:4,4917151:5,4917152:6,4917153:7,4917154:8,4917155:9,4917156:10,4917157:11,4917158:12,4917159:13,4917160:14,4917161:15,4917162:16,4917163:17,4917164:18,4917165:19"
子303-0255,子303-0255 女科經綸,"4917166:1,4917167:2,4917168:3,4917169:4,4917170:5,4917171:6"
子303-0256,子303-0256 保產心法,1077028:1
子303-0258,子303-0258 女科切要,"4917174:1,4917175:2"
子303-0259,子303-0259 女科切要,"4917176:1,4917177:2"
子303-0260,子303-0260 產寶百問,1077152:1
子303-0262,子303-0262 幼幼新書,"4774132:1,4774133:2,4774134:3,4774135:4,4774136:5,4774137:6,4774138:7,4774139:8,4774140:9,4774141:10,4774142:11,4774143:12,4774144:13,4774145:14,4774146:15,4774147:16,4774148:17,4774149:18,4774150:19,4774151:20,4774152:21,4774153:22,4774154:23,4774155:24"
子303-0263,子303-0263 幼幼新書,"4917178:1,4917179:2,4917180:3,4917181:4,4917182:5,4917183:6,4917184:7,4917185:8,4917186:9,4917187:10,4917188:11,4917189:12,4917190:13,4917191:14,4917192:15,4917193:16,4917194:17,4917195:18,4917196:19,4917197:20,4917198:21,4917199:22,4917200:23,4917201:24,4917202:25,4917203:26,4917204:27,4917205:28,4917206:29,4917207:30,4917208:31,4917209:32,4917210:33,4917211:34,4917212:35,4917213:36,4917214:37,4917215:38,4917216:39,4917217:40,4917218:41"
子303-0264,子303-0264 幼幼新書,"4917219:1,4917220:2,4917221:3,4917222:4,4917223:5,4917224:6,4917225:7,4917226:8,4917227:9,4917228:10,4917229:11,4917230:12,4917231:13,4917232:14,4917233:15,4917234:16,4917235:17,4917236:18,4917237:19,4917238:20,4917239:21,4917240:22,4917241:23,4917242:24"
子303-0265,子303-0265 新刊仁齋直指小兒附遺方論,1078983:1
子303-0266,子303-0266 陳氏小兒病原方論,"4774156:1,4774157:2"
子303-0267,子303-0267 全嬰方論,"4917243:1,4917244:2,4917245:3,4917246:4,4917247:5,4917248:6,4917249:7,4917250:8"
子303-0268,子303-0268 錢氏小兒藥證直訣,"4917251:1,4917252:2"
子303-0269,子303-0269 編輯諸家嬰兒病證幼幼方論,"4917253:1,4917254:2"
子303-0270,子303-0270 錢氏小兒藥證直訣,"4917255:1,4917256:2,4917257:3,4917258:4"
子303-0271,子303-0271 錢氏小兒直訣,1078988:1
子303-0272,子303-0272 錢氏小兒直訣,"4917259:1,4917260:2,4917261:3"
子303-0273,子303-0273 錢氏小兒藥證直訣,"4917262:1,4917263:2"
子303-0274,子303-0274 錢氏小兒藥證直訣,"4917264:1,4917265:2"
子303-0275,子303-0275 錢氏小兒藥證直訣,"4917266:1,4917267:2,4917268:3"
子303-0276,子303-0276 新刊演山省翁活幼口議,"4917269:1,4917270:2"
子303-0277,子303-0277 新刊演山省翁活幼口議,1084172:1
子303-0278,子303-0278 幼科輯粹大成,"4774158:1,4774159:2"
子303-0279,子303-0279 新刊演山省翁活幼口議,"4917271:1,4917272:2"
子303-0280,子303-0280 保嬰錄,"4917273:1,4917274:2"
子303-0281,子303-0281 新刻幼科百效全書,"4774160:1,4774161:2,4774162:3"
子303-0282,子303-0282 痘疹幼幼心書,"4917275:1,4917276:2,4917277:3,4917278:4"
子303-0283,子303-0283 嬰童類萃,1078832:1
子303-0287,子303-0287 新刊萬氏家傳幼科發揮,"4917285:1,4917286:2,4917287:3,4917288:4"
子303-0289,子303-0289 新刊太乙祕傳急救小兒推拿法,1078085:1
子303-0290,子303-0290 兒科方要,1078837:1
子303-0291,子303-0291 新刻小兒雜&#x24e8c;祕傳便蒙捷法,1078839:1
子303-0292,子303-0292 新鋟兒科選粹太乙仙傳活嬰祕旨推拿方脈,1078838:1
子303-0293,子303-0293 新刻太醫院校授丹溪祕藏幼科捷徑全書,"4774163:1,4774164:2"
子303-0294,子303-0294 兒科方要,1078079:1
子303-0295,子303-0295 李氏嬰兒得效方,"4917293:1,4917294:2"
子303-0296,子303-0296 萬氏家傳育嬰,"4917295:1,4917296:2,4917297:3,4917298:4"
子303-0297,子303-0297 活幼便覽,"4917299:1,4917300:2"
子303-0298,子303-0298 活幼便覽,"4917301:1,4917302:2"
子303-0299,子303-0299 活幼心書,"4917303:1,4917304:2,4917305:3"
子303-0300,子303-0300 幼科小兒方,"4917306:1,4917307:2,4917308:3,4917309:4,4917310:5"
子303-0301,子303-0301 慈幼新書,"4917311:1,4917312:2,4917313:3,4917314:4"
子303-0302,子303-0302 嬰童百問,"4774165:1,4774166:2,4774167:3,4774168:4,4774169:5,4774170:6"
子303-0303,子303-0303 新刊萬氏家傳幼科發揮,"4917315:1,4917316:2,4917317:3,4917318:4"
子303-0304,子303-0304 錢氏小兒直訣,"4917319:1,4917320:2,4917321:3"
子303-0305,子303-0305 新編金匱要略方論,1078845:1
子303-0306,子303-0306 保嬰錄,1079455:1
子304-0001,子304-0001 保嬰全書,"4773879:1,4773880:2,4773881:3,4773882:4,4773883:5,4773884:6,4773885:7,4773886:8,4773887:9,4773888:10,4773889:11,4773890:12,4773891:13,4773892:14,4773893:15,4773894:16,4773895:17,4773896:18,4773897:19,4773898:20"
子304-0002,子304-0002 保嬰撮要,"4917322:1,4917323:2,4917324:3,4917325:4,4917326:5,4917327:6,4917328:7,4917329:8,4917330:9,4917331:10,4917332:11,4917333:12,4917334:13,4917335:14,4917336:15,4917337:16,4917338:17,4917339:18,4917340:19,4917341:20"
子304-0003,子304-0003 大醫院真傳全幼心鑑,"4917342:1,4917343:2,4917344:3,4917345:4,4917346:5,4917347:6,4917348:7,4917349:8,4917350:9,4917351:10,4917352:11,4917353:12,4917354:13,4917355:14,4917356:15,4917357:16"
子304-0004,子304-0004 新刻幼幼集,"593045:1,593047:2,593044:3,593046:4"
子304-0005,子304-0005 慈幼祕訣,1078768:1
子304-0007,子304-0007 太醫院精選急救小兒良方直旨,1079458:1
子304-0009,子304-0009 幼科指歸,1079510:1
子304-0010,子304-0010 幼科釋謎,"4917358:1,4917359:2,4917360:3"
子304-0011,子304-0011 推拿廣意,"4917361:1,4917362:2"
子304-0012,子304-0012 保嬰粹要,1079512:1
子304-0013,子304-0013 保嬰金鏡錄,1083949:1
子304-0015,子304-0015 痘疹活幼心法,1078137:1
子304-0016,子304-0016 鼎鍥幼幼集成,"4917363:1,4917364:2,4917365:3,4917366:4,4917367:5,4917368:6"
子304-0017,子304-0017 太醫院精選急救小兒良方直旨,1078080:1
子304-0018,子304-0018 推拿廣意,"4917369:1,4917370:2"
子304-0019,子304-0019 類證註釋錢氏小兒方訣,"4773899:1,4773900:2"
子304-0020,子304-0020 祕傳男女小兒科推拏祕訣,1079515:1
子304-0021,子304-0021 保生碎事,1083978:1
子304-0023,子304-0023 新刊演山省翁活幼口議,"4917371:1,4917372:2,4917373:3,4917374:4"
子304-0024,子304-0024 幼科折衷,"4917375:1,4917376:2,4917377:3,4917378:4"
子304-0025,子304-0025 鼎鍥幼幼集成,"4437869:1,4437870:2,4437872:3,4438747:4,4438749:5,4439603:6,4431896:7,4431897:8,4431899:9,4432863:10,4432865:11,4432867:12"
子304-0027,子304-0027 推拿廣意,"4917385:1,4917386:2"
子304-0028,子304-0028 慈幼筏,"4917387:1,4917388:2,4917389:3,4917390:4"
子304-0029,子304-0029 袖珍小兒方,"4773901:1,4773902:2,4773903:3,4773904:4,4773905:5,4773906:6,4773907:7"
子304-0030,子304-0030 嬰童百問,"4917391:1,4917392:2,4917393:3,4917394:4"
子304-0031,子304-0031 新刊痘疹證治要訣,1078133:1
子304-0032,子304-0032 新刊痘疹證治要訣,"4773908:1,4773909:2,4773910:3,4773911:4"
子304-0034,子304-0034 陳蔡二先生合併痘疹方,1079627:1
子304-0035,子304-0035 董氏小兒斑疹備急方論,1079629:1
子304-0036,子304-0036 育嬰至寶,1079628:1
子304-0037,子304-0037 類證陳氏小兒痘疹方論,1078088:1
子304-0038,子304-0038 育嬰至寶,1078084:1
子304-0039,子304-0039 類證陳氏小兒痘疹方論,"4773912:1,4773913:2"
子304-0040,子304-0040 陳氏小兒痘疹方論,1079631:1
子304-0041,子304-0041 類證註釋錢氏小兒方訣,"4917395:1,4917396:2,4917397:3,4917398:4,4917399:5"
子304-0042,子304-0042 祕傳疹子心法,1079683:1
子304-0043,子304-0043 蔡氏小兒痘疹袖金方論,1083971:1
子304-0044,子304-0044 汪氏痘疹大成,1079685:1
子304-0045,子304-0045 新刊太醫院校正小兒痘疹醫鏡,1078135:1
子304-0046,子304-0046 博集稀痘方論,1079684:1
子304-0047,子304-0047 痘疹正宗,"4917400:1,4917401:2,4917402:3"
子304-0048,子304-0048 增補痳疹心法,1079740:1
子304-0049,子304-0049 祕傳經驗痘疹方,1079687:1
子304-0050,子304-0050 奚囊便方,"4917403:1,4917404:2,4917405:3,4917406:4"
子304-0051,子304-0051 痘疹發微,1078140:1
子304-0052,子304-0052 東甌張氏清源活水保嬰痘證百問歌,"4917407:1,4917408:2,4917409:3"
子304-0053,子304-0053 袁氏痘疹叢書,"4773914:1,4773915:2"
子304-0054,子304-0054 新鐫痘疹心印,"4773916:1,4773917:2"
子304-0055,子304-0055 博集稀痘方論,1078090:1
子304-0056,子304-0056 痘痧心法,"4773918:1,4773919:2"
子304-0057,子304-0057 新鍥御院祕傳補遺痘疹辨疑全幼錄,"4917410:1,4917411:2"
子304-0058,子304-0058 痘疹祕要,"4773920:1,4773921:2"
子304-0059,子304-0059 痘疹全書,"4917412:1,4917413:2"
子304-0060,子304-0060 新刊祕傳痘疹金鏡錄,"4917414:1,4917415:2,4917416:3"
子304-0061,子304-0061 新鍥御院祕傳補遺痘疹辨疑全幼錄,1083965:1
子304-0062,子304-0062 聞人氏伯圜先生痘疹論,"4773922:1,4773923:2"
子304-0063,子304-0063 陳蔡二先生合併痘疹方,1079792:1
子304-0064,子304-0064 痘疹全書,"4773924:1,4773925:2"
子304-0065,子304-0065 痘治理辨,"4773926:1,4773927:2,4773928:3"
子304-0066,子304-0066 痘疹全書,"4917417:1,4917418:2"
子304-0067,子304-0067 新刊祕傳痘疹金鏡錄,"4917419:1,4917420:2,4917421:3"
子304-0068,子304-0068 陳氏小兒痘疹方論,1083956:1
子304-0069,子304-0069 痘痧心法,"4917422:1,4917423:2"
子304-0070,子304-0070 支氏痘疹玄機,"4917424:1,4917425:2,4917426:3"
子304-0071,子304-0071 痘疹方,1079833:1
子304-0073,子304-0073 痘疹方,1083963:1
子304-0074,子304-0074 痘科切要,1079836:1
子304-0075,子304-0075 治痘精詳大全,"4432871:1,4263275:2,4264224:3,4264226:4,4439606:5,4439610:6,4439613:7,4264227:8,4439615:9,4264229:10,4264230:11,4264232:12,4264234:13,4264236:14"
子304-0076,子304-0076 毓麟芝室痘科祕傳玉髓經金鏡錄全書,"4917427:1,4917428:2,4917429:3"
子304-0077,子304-0077 仁端錄痘疹玄珠,"4917430:1,4917431:2,4917432:3,4917433:4"
子304-0078,子304-0078 痘疹心要,"4917434:1,4917435:2,4917436:3,4917437:4,4917438:5,4917439:6,4917440:7,4917441:8"
子304-0079,子304-0079 痘疹心書,1083969:1
子304-0080,子304-0080 痘疹世醫心法,"4773931:1,4773932:2,4773933:3,4773934:4"
子304-0081,子304-0081 治痘大成集,"4917442:1,4917443:2,4917444:3,4917445:4"
子304-0083,子304-0083 家藏祕驗痘疹保嬰彙粹鑑衡集,"4917446:1,4917447:2"
子304-0085,子304-0085 痘疹經驗要方,"4917450:1,4917451:2,4917452:3,4917453:4"
子304-0086,子304-0086 痘疹慈幼津筏,"4917454:1,4917455:2"
子304-0087,子304-0087 博愛心鑑痘疹,1083964:1
子304-0088,子304-0088 增定痘疹寶鑑,1076333:1
子304-0089,子304-0089 支氏痘疹玄機方,1076334:1
子304-0090,子304-0090 痘經,"4773935:1,4773936:2,4773937:3,4773938:4,4773939:5,4773940:6"
子304-0091,子304-0091 新鐫鄭先生痘經會成保嬰慈錄,"4917456:1,4917457:2,4917458:3,4917459:4,4917460:5,4917461:6,4917462:7,4917463:8"
子304-0092,子304-0092 新鐫鄭先生痘經會成保嬰慈錄,"4917464:1,4917465:2,4917466:3,4917467:4"
子304-0093,子304-0093 痘疹玉髓,1076335:1
子304-0094,子304-0094 痘疹格致要論,1078134:1
子304-0097,子304-0097 疹痘四合全書,"4917492:1,4917493:2,4917494:3"
子304-0098,子304-0098 痘疹要略,"4917495:1,4917496:2,4917497:3"
子304-0099,子304-0099 保嗣痘疹靈應仙書,1083966:1
子304-0100,子304-0100 疹科纂要,1078146:1
子304-0101,子304-0101 疹科纂要,1076342:1
子304-0102,子304-0102 痘疹直指方,1076341:1
子304-0103,子304-0103 痘疹心書,1076433:1
子304-0104,子304-0104 痘疹金鏡,1076343:1
子304-0105,子304-0105 痘科鍵,"4917498:1,4917499:2,4917500:3,4917501:4"
子304-0106,子304-0106 痘科類編釋意,"4917502:1,4917503:2,4917504:3,4917505:4"
子304-0107,子304-0107 引痘略,"4917506:1,4917507:2"
子304-0108,子304-0108 引痘略,"4917508:1,4917509:2"
子304-0109,子304-0109 痧痘集解,"593105:1,593133:2,593134:3,593136:4,593104:5,593106:6,593135:7"
子304-0110,子304-0110 種痘新書,"4917510:1,4917511:2,4917512:3,4917513:4,4917514:5"
子304-0111,子304-0111 疹科約囊,"4917515:1,4917516:2,4917517:3"
子304-0112,子304-0112 痘疹經驗要方,"4917518:1,4917519:2"
子304-0113,子304-0113 新鍥鰲頭活幼諸症小兒痘疹全書,"4773941:1,4773942:2"
子304-0114,子304-0114 痘辨,"4917520:1,4917521:2"
子304-0115,子304-0115 痘疹會通,"4917522:1,4917523:2,4917524:3,4917525:4"
子304-0116,子304-0116 痘症精言,"4917526:1,4917527:2"
子304-0117,子304-0117 痘科鍵,"4917528:1,4917529:2"
子304-0118,子304-0118 痘證寶筏,"4917530:1,4917531:2,4917532:3,4917533:4,4917534:5,4917535:6"
子304-0119,子304-0119 痘證寶筏,"4917536:1,4917537:2,4917538:3,4917539:4,4917540:5,4917541:6"
子304-0120,子304-0120 治痧要略,1077988:1
子304-0121,子304-0121 痘科類編釋意,"4917542:1,4917543:2,4917544:3,4917545:4"
子304-0122,子304-0122 治痘十全,"4917546:1,4917547:2,4917548:3,4917549:4"
子304-0123,子304-0123 痘科鍵,1078078:1
子304-0124,子304-0124 痘科鍵,1077201:1
子304-0125,子304-0125 新刻祕授外科百效全書,"4440468:1,4440470:2,4265178:3"
子304-0126,子304-0126 外科精要,"4917550:1,4917551:2,4917552:3"
子304-0127,子304-0127 外科精要,"4773943:1,4773944:2"
子304-0128,子304-0128 外科精要,"4917553:1,4917554:2,4917555:3"
子304-0129,子304-0129 外科理例,"4917556:1,4917557:2,4917558:3,4917559:4,4917560:5"
子304-0130,子304-0130 外科纂要經驗良方,"4917561:1,4917562:2,4917563:3"
子304-0131,子304-0131 重校宋竇太師瘡瘍經驗全書,"4773945:1,4773946:2,4773947:3,4773948:4,4773949:5,4773950:6"
子304-0132,子304-0132 瘍科選粹,"4773951:1,4773952:2,4773953:3,4773954:4,4773955:5,4773956:6,4773957:7,4773958:8"
子304-0133,子304-0133 太醫院纂救急新刊諸症,1083981:1
子304-0134,子304-0134 新刊太醫院校正外科集要,1077209:1
子304-0135,子304-0135 新刊祕授外科百效全書,"4917564:1,4917565:2,4917566:3,4917567:4"
子304-0136,子304-0136 外科精要,1078548:1
子304-0137,子304-0137 瘡瘍經驗全書,"4917568:1,4917569:2,4917570:3,4917571:4,4917572:5,4917573:6,4917574:7,4917575:8,4917576:9,4917577:10"
子304-0138,子304-0138 新刊外科正宗,"3669270:1,3669271:2,3672362:3,3672363:4"
子304-0139,子304-0139 太醫院纂救急新刊諸症,1078181:1
子304-0140,子304-0140 大河外科,"4773959:1,4773960:2"
子304-0141,子304-0141 瘍科準繩,1077210:1
子304-0142,子304-0142 痘學真傳,"4917578:1,4917579:2,4917580:3,4917581:4"
子304-0144,子304-0144 外科樞要,"4917584:1,4917585:2,4917586:3,4917587:4"
子304-0145,子304-0145 外科精要,"4917588:1,4917589:2,4917590:3"
子304-0146,子304-0146 新刊祕授外科百效全書,"4917591:1,4917592:2"
子304-0147,子304-0147 癰疸辨疑論,1075630:1
子304-0148,子304-0148 毓麟芝室痘科祕傳玉髓經金鏡錄全書,"4917593:1,4917594:2,4917595:3,4917596:4"
子304-0149,子304-0149 申斗垣校正外科啓玄,"4773961:1,4773962:2,4773963:3,4773964:4"
子304-0150,子304-0150 痧脹玉衡書,"4917597:1,4917598:2,4917599:3,4917600:4"
子304-0151,子304-0151 參訂仙傳外科祕方,"4917601:1,4917602:2"
子304-0152,子304-0152 外科集驗方,"4773965:1,4773966:2,4773967:3"
子304-0153,子304-0153 外科集驗方,"4773968:1,4773969:2"
子304-0154,子304-0154 申斗垣校正外科啓玄,"4917603:1,4917604:2,4917605:3,4917606:4"
子304-0156,子304-0156 痧脹玉衡書,"4917613:1,4917614:2,4917615:3"
子304-0157,子304-0157 明醫諸風癘瘍全書指掌,"4917616:1,4917617:2,4917618:3,4917619:4,4917620:5,4917621:6"
子304-0158,子304-0158 陳文華外科祕方,1083988:1
子304-0160,子304-0160 癘瘍機要,"4917628:1,4917629:2,4917630:3"
子304-0161,子304-0161 瘍醫大全,"4917631:1,4917632:2,4917633:3,4917634:4,4917635:5,4917636:6,4917637:7,4917638:8,4917639:9,4917640:10,4917641:11,4917642:12,4917643:13,4917644:14,4917645:15,4917646:16,4917647:17,4917648:18,4917649:19,4917650:20,4917651:21,4917652:22,4917653:23,4917654:24,4917655:25,4917656:26,4917657:27,4917658:28,4917659:29,4917660:30,4917661:31,4917662:32,4917663:33,4917664:34,4917665:35,4917666:36,4917667:37,4917668:38,4917669:39,4917670:40"
子304-0162,子304-0162 新編鴻飛集論眼科,1078190:1
子304-0163,子304-0163 新刊太醫院祕傳明目直指,1075641:1
子304-0164,子304-0164 新刊明目良方,1075640:1
子304-0165,子304-0165 喉科指掌,"4917671:1,4917672:2"
子304-0166,子304-0166 新編鴻飛集論眼科,1083991:1
子304-0168,子304-0168 新刊明目良方,1075715:1
子304-0169,子304-0169 傅氏眼科審視瑶函,"4917673:1,4917674:2,4917675:3,4917676:4,4917677:5,4917678:6"
子304-0170,子304-0170 傅氏眼科審視瑶函,"4917679:1,4917680:2,4917681:3,4917682:4,4917683:5,4917684:6"
子304-0171,子304-0171 新刊明目良方,"4773970:1,4773971:2"
子304-0172,子304-0172 祕傳眼科全書,"4917685:1,4917686:2,4917687:3"
子304-0173,子304-0173 明目神驗方,1075719:1
子304-0176,子304-0176 祕傳眼科龍木醫書總論,"4773972:1,4773973:2,4773974:3,4773975:4"
子304-0177,子304-0177 眼科全書,"4917688:1,4917689:2,4917690:3"
子304-0178,子304-0178 新刻祕傳眼科七十二證全書,"4773976:1,4773977:2"
子304-0179,子304-0179 新刻祕傳眼科七十二證全書,1075721:1
子304-0180,子304-0180 祕傳眼科龍木總論,"4917691:1,4917692:2,4917693:3,4917694:4,4917695:5"
子304-0181,子304-0181 外科大成,"4917696:1,4917697:2,4917698:3,4917699:4,4917700:5,4917701:6,4917702:7,4917703:8"
子304-0183,子304-0183 養生月覽,1075725:1
子304-0184,子304-0184 養生類纂,"4917704:1,4917705:2"
子304-0185,子304-0185 養生類纂,"4917706:1,4917707:2,4917708:3"
子304-0186,子304-0186 外科大成,"4917709:1,4917710:2,4917711:3,4917712:4,4917713:5,4917714:6,4917715:7,4917716:8"
子304-0187,子304-0187 瘟疫彙編,"4917717:1,4917718:2,4917719:3,4917720:4,4917721:5,4917722:6"
子304-0188,子304-0188 傷寒瘟疫條辨,"4917723:1,4917724:2,4917725:3,4917726:4,4917727:5,4917728:6"
子304-0189,子304-0189 溫疫論,"4773978:1,4773979:2"
子304-0190,子304-0190 溫熱暑疫全書,"4917729:1,4917730:2,4917731:3,4917732:4"
子304-0193,子304-0193 溫疫論,"4773980:1,4773981:2"
子304-0195,子304-0195 瘟疫論類編,"4917739:1,4917740:2"
子304-0196,子304-0196 松峯說疫,"4917741:1,4917742:2,4917743:3,4917744:4,4917745:5,4917746:6"
子304-0199,子304-0199 泰定養生主論,1075796:1
子304-0200,子304-0200 泰定養生主論,"4917747:1,4917748:2,4917749:3"
子304-0201,子304-0201 嶺南衛生方,1084109:1
子304-0202,子304-0202 嶺南衛生方,1075795:1
子304-0205,子304-0205 嶺南衛生方,"4917754:1,4917755:2,4917756:3"
子304-0207,子304-0207 溫疫論,"4773994:1,4773995:2"
子304-0214,子304-0214 萬氏家傳保命歌括,"4774001:1,4774002:2,4774003:3,4774004:4,4774005:5,4774006:6,4774007:7,4774008:8"
子304-0216,子304-0216 延壽神方,"4917768:1,4917769:2,4917770:3,4917771:4"
子304-0218,子304-0218 新刻萬氏家傳保命歌括,"4774009:1,4774010:2,4774011:3,4774012:4,4774013:5,4774014:6,4774015:7,4774016:8,4774017:9,4774018:10"
子304-0219,子304-0219 保生餘錄,"4774019:1,4774020:2"
子304-0220,子304-0220 新刊醫林狀元壽世保元,"4917776:1,4917777:2,4917778:3,4917779:4,4917780:5"
子304-0221,子304-0221 新刊醫林狀元壽世保元,"4917781:1,4917782:2,4917783:3,4917784:4,4917785:5,4917786:6,4917787:7,4917788:8,4917789:9,4917790:10"
子304-0222,子304-0222 新刊醫林狀元壽世保元,"4917791:1,4917792:2,4917793:3,4917794:4,4917795:5,4917796:6,4917797:7,4917798:8,4917799:9,4917800:10"
子304-0223,子304-0223 新刊醫林狀元壽世保元,"4917801:1,4917802:2,4917803:3,4917804:4,4917805:5,4917806:6,4917807:7,4917808:8,4917809:9,4917810:10"
子304-0224,子304-0224 養生類要,"4917811:1,4917812:2,4917813:3,4917814:4"
子304-0225,子304-0225 新編壽世傳真,"4917815:1,4917816:2,4917817:3"
子304-0231,子304-0231 新刻參補針醫馬經大全,"4774021:1,4774022:2,4774023:3,4774024:4"
子304-0232,子304-0232 新刊黃帝明堂灸經,1076094:1
子304-0233,子304-0233 新刻針醫參補馬經大全,"4917829:1,4917830:2,4917831:3,4917832:4"
子304-0234,子304-0234 新刻針醫參補馬經大全,"4917833:1,4917834:2,4917835:3,4917836:4"
子304-0235,子304-0235 新刻針醫參補馬經大全,"3672364:1,3672365:2,3671879:3,3671880:4"
子304-0236,子304-0236 新刊黃帝明堂灸經,1076095:1
子304-0237,子304-0237 新刊黃帝明堂灸經,1083635:1
子304-0238,子304-0238 新刊黃帝明堂灸經,1076096:1
子304-0239,子304-0239 新刊銅人鍼灸經,1082329:1
子304-0240,子304-0240 銅人腧穴鍼灸圖經,"4774025:1,4774026:2"
子304-0241,子304-0241 新刊補註銅人腧穴鍼灸圖經,"4917837:1,4917838:2"
子304-0243,子304-0243 鼎雕銅人腧穴鍼灸圖經,"4917839:1,4917840:2,4917841:3,4917842:4"
子304-0244,子304-0244 新刊莊季裕編灸膏肓腧穴法,1083634:1
子304-0245,子304-0245 鍼灸甲乙經,"4917843:1,4917844:2,4917845:3"
子304-0246,子304-0246 鍼灸甲乙經,"4917846:1,4917847:2,4917848:3,4917849:4,4917850:5"
子304-0247,子304-0247 鍼灸資生經,"4917851:1,4917852:2,4917853:3,4917854:4,4917855:5,4917856:6,4917857:7"
子304-0248,子304-0248 鍼灸資生經,"4917858:1,4917859:2,4917860:3,4917861:4,4917862:5,4917863:6,4917864:7"
子304-0249,子304-0249 鍼灸聚英,"3743923:1,3743459:2"
子304-0251,子304-0251 鍼灸資生經,"4917865:1,4917866:2,4917867:3"
子304-0252,子304-0252 鼎雕銅人腧穴鍼灸圖經,1084269:1
子304-0254,子304-0254 新刊子午流注鍼經,1076214:1
子304-0255,子304-0255 新刊竇漢卿編輯鍼慶指南,1078755:1
子304-0256,子304-0256 新刊子午流注鍼經,1083637:1
子304-0257,子304-0257 新刊補註銅人腧穴鍼灸圖經,"4917868:1,4917869:2"
子304-0258,子304-0258 鍼灸資生經,"4917870:1,4917871:2,4917872:3,4917873:4,4917874:5,4917875:6"
子304-0261,子304-0261 痰火顓門,"4774027:1,4774028:2,4774029:3,4774030:4"
子304-0262,子304-0262 元亨療馬集,"4774031:1,4774032:2,4774033:3,4774034:4"
子304-0265,子304-0265 新刊子午流注鍼經,1076218:1
子304-0266,子304-0266 新編輯成牛醫方,"4917876:1,4917877:2,4917878:3,4917879:4"
子304-0267,子304-0267 神農本草經疎,1078403:1
子304-0268,子304-0268 神農本草經疎,"4774035:1,4774036:2,4774037:3,4774038:4,4774039:5,4774040:6,4774041:7,4774042:8,4774043:9,4774044:10,4774045:11,4774046:12,4774047:13,4774048:14"
子304-0272,子304-0272 新刊徐氏家傳鍼灸捷法大全,"4774049:1,4774050:2"
子304-0273,子304-0273 鍼灸聚英發揮,"4917890:1,4917891:2,4917892:3,4917893:4"
子304-0274,子304-0274 針方六集,"4917894:1,4917895:2,4917896:3,4917897:4,4917898:5,4917899:6"
子304-0275,子304-0275 鍼灸集書,"4917900:1,4917901:2"
子304-0276,子304-0276 針灸大成,"4917902:1,4917903:2,4917904:3,4917905:4,4917906:5,4917907:6,4917908:7,4917909:8,4917910:9,4917911:10"
子304-0277,子304-0277 針灸大成,"4917912:1,4917913:2,4917914:3,4917915:4,4917916:5,4917917:6,4917918:7,4917919:8,4917920:9,4917921:10"
子304-0278,子304-0278 新鋟鰲頭金絲萬應膏徐氏針灸全書,"4774051:1,4774052:2"
子304-0279,子304-0279 神農皇帝真傳鍼灸圖,1076226:1
子304-0280,子304-0280 新鋟太醫院參訂徐氏鍼灸大全,"4774053:1,4774054:2,4774055:3"
子304-0281,子304-0281 新刊吳氏家傳神醫祕訣遵經奧旨針灸大成,"4774056:1,4774057:2,4774058:3"
子304-0282,子304-0282 鼎雕太醫院校正徐氏針灸大全,"4917922:1,4917923:2"
子304-0283,子304-0283 鍼灸節要,"4917924:1,4917925:2"
子304-0284,子304-0284 鍼灸節要,3611456:1
子304-0285,子304-0285 紹興校定證類備急本草畫圖,"4917926:1,4917927:2,4917928:3,4917929:4"
子304-0286,子304-0286 經史證類大觀本草,"4917930:1,4917931:2,4917932:3,4917933:4,4917934:5"
子304-0287,子304-0287 重刊經史證類大全本草,"4774061:1,4774062:2,4774063:3,4774064:4,4774065:5,4774066:6,4774067:7,4774068:8,4774069:9,4774070:10"
子304-0288,子304-0288 經史證類大觀本草,"4917935:1,4917936:2,4917937:3,4917938:4,4917939:5,4917940:6,4917941:7,4917942:8,4917943:9,4917944:10,4917945:11,4917946:12,4917947:13,4917948:14,4917949:15,4917950:16,4917951:17,4917952:18,4917953:19,4917954:20,4917955:21,4917956:22,4917957:23,4917958:24,4917959:25"
子304-0289,子304-0289 經史證類大觀本草,"3895692:1,3895693:2,3895694:3,3895695:4,3895696:5,3895697:6,3895698:7,3895699:8,3895700:9,3895701:10"
子304-0290,子304-0290 食物本草,1084098:1
子304-0291,子304-0291 食物本草,"4917960:1,4917961:2,4917962:3"
子304-0292,子304-0292 食物本草,"4774071:1,4774072:2,4774073:3,4774074:4,4774075:5,4774076:6,4774077:7,4774078:8,4774079:9,4774080:10,4774082:11,4774083:12,4774084:13,4774085:14,4774086:15,4774087:16,4774088:17,4774089:18,4774090:19,4774091:20,4774092:21,4774093:22"
子304-0293,子304-0293 新刻食物本草,"4774094:1,4774095:2"
子304-0294,子304-0294 食物本草會纂,"4917963:1,4917964:2,4917965:3,4917966:4,4917967:5,4917968:6"
子304-0295,子304-0295 本草蒙筌,"4774096:1,4774097:2,4774098:3,4774099:4"
子304-0296,子304-0296 本草發揮,"4774100:1,4774101:2"
子304-0297,子304-0297 新刊風科本草,1076353:1
子304-0298,子304-0298 本草綱目,"4775022:1,4775025:2,4775026:3,4775028:4,4775030:5,4775032:6,4775034:7,4775036:8,4775038:9,4775040:10,4775041:11,4775043:12,4775045:13,4775047:14,4775049:15,4775051:16,4775053:17,4775055:18,4775057:19,4775058:20,4775059:21,4775060:22,4775061:23,4775062:24,4775063:25,4775064:26,4775065:27,4775066:28,4775067:29,4775068:30,4775069:31,4775071:32,4775072:33,4775073:34,4775074:35,4775075:36,4775076:37,4775077:38,4775078:39,4775079:40,4775080:41,4775081:42,4775082:43,4775083:44,4775084:45,4775085:46,4775086:47,4775087:48"
子304-0299,子304-0299 本草綱目,"4775088:1,4775089:2,4775090:3,4775091:4,4775092:5,4775093:6,4775094:7,4775095:8,4775096:9,4775097:10,4775098:11,4775099:12,4775100:13,4775101:14,4775102:15,4775103:16,4775104:17,4775105:18,4775106:19,4775107:20,4775108:21,4775109:22,4775110:23,4775111:24,4775112:25,4775113:26,4775114:27,4775115:28,4775116:29,4775117:30,4775118:31,4775119:32,4775120:33,4775121:34,4775122:35,4775123:36"
子304-0300,子304-0300 本草綱目,"3743816:1,3743817:2,3743818:3,3743819:4,3743820:5,3743821:6,3743822:7,3743823:8,3743824:9,3743825:10,3743826:11,3743827:12,3743755:13,3743756:14,3743757:15,3743758:16,3743759:17,3743760:18,3743761:19,3742739:20,3743762:21,3743763:22,3743764:23,3743828:24,3743829:25,3743830:26,3743831:27,3743832:28,3743833:29,3743834:30,3743835:31,3743765:32,3743766:33,3743767:34,3743768:35,3743836:36,3742740:37"
子304-0301,子304-0301 本草綱目,"4775124:1,4775125:2,4775126:3,4775127:4,4775128:5,4775129:6,4775130:7,4775131:8,4775132:9,4775133:10,4775134:11,4775135:12,4775136:13,4775137:14,4775138:15,4775139:16,4775140:17,4775141:18,4775142:19,4775143:20,4775144:21,4775145:22,4775146:23,4775147:24,4775148:25,4775149:26,4775150:27,4775151:28,4775152:29,4775153:30,4775154:31,4775155:32"
子304-0302,子304-0302 本草綱目,"4917969:1,4917970:2,4917971:3,4917972:4,4917973:5,4917974:6,4917975:7,4917976:8,4917977:9,4917978:10,4917979:11,4917980:12,4917981:13,4917982:14,4917983:15,4917984:16,4917985:17,4917986:18,4917987:19,4917988:20,4917989:21"
子304-0303,子304-0303 本草綱目,"4917990:1,4917991:2,4917992:3,4917993:4,4917994:5,4917995:6,4917996:7,4917997:8,4917998:9,4917999:10,4918000:11,4918001:12,4918002:13,4918003:14,4918004:15,4918005:16,4918006:17,4918007:18,4918008:19,4918009:20,4918010:21,4918011:22,4918012:23,4918013:24,4918014:25,4918015:26,4918016:27,4918017:28,4918018:29,4918019:30,4918020:31,4918021:32,4918022:33,4918023:34,4918024:35,4918025:36,4918026:37,4918027:38"
子304-0304,子304-0304 本草綱目,"4918028:1,4918029:2,4918030:3,4918031:4,4918032:5,4918033:6,4918034:7,4918035:8"
子304-0305,子304-0305 本草綱目,"4918036:1,4918037:2,4918038:3,4918039:4,4918040:5,4918041:6,4918042:7,4918043:8,4918044:9,4918045:10,4918046:11,4918047:12,4918048:13,4918049:14,4918050:15,4918051:16,4918052:17,4918053:18,4918054:19,4918055:20,4918056:21,4918057:22,4918058:23,4918059:24,4918060:25,4918061:26,4918062:27,4918063:28,4918064:29,4918065:30,4918066:31,4918067:32,4918068:33,4918069:34,4918070:35,4918071:36,4918072:37,4918073:38,4918074:39,4918075:40"
子304-0306,子304-0306 本草綱目,"4918076:1,4918077:2,4918078:3,4918079:4,4918080:5,4918081:6,4918082:7,4918083:8,4918084:9,4918085:10,4918086:11,4918087:12,4918088:13,4918089:14,4918090:15,4918091:16,4918092:17,4918093:18,4918094:19,4918095:20,4918096:21,4918097:22,4918098:23,4918099:24,4918100:25"
子304-0307,子304-0307 本草綱目,"4918101:1,4918102:2,4918103:3,4918104:4,4918105:5,4918106:6,4918107:7,4918108:8,4918109:9,4918110:10,4918111:11,4918112:12,4918113:13,4918114:14,4918115:15,4918116:16,4918117:17,4918118:18,4918119:19,4918120:20,4918121:21,4918122:22,4918123:23,4918124:24,4918125:25,4918126:26,4918127:27,4918128:28,4918129:29,4918130:30,4918131:31,4918132:32,4918133:33,4918134:34,4918135:35,4918136:36,4918137:37,4918138:38,4918139:39,4918140:40,4918141:41"
子304-0308,子304-0308 本草綱目,"4918142:1,4918143:2,4918144:3,4918145:4,4918146:5,4918147:6,4918148:7,4918149:8,4918150:9,4918151:10,4918152:11,4918153:12,4918154:13,4918155:14,4918156:15,4918157:16,4918158:17,4918159:18,4918160:19,4918161:20,4918162:21,4918163:22,4918164:23,4918165:24,4918166:25,4918167:26,4918168:27,4918169:28,4918170:29,4918171:30,4918172:31,4918173:32,4918174:33,4918175:34,4918176:35,4918177:36,4918178:37,4918179:38"
子304-0309,子304-0309 本草綱目拾遺,"4918180:1,4918181:2,4918182:3,4918183:4,4918184:5,4918185:6,4918186:7,4918187:8"
子304-0310,子304-0310 本草綱目拾遺,"4918188:1,4918189:2,4918190:3,4918191:4,4918192:5,4918193:6,4918194:7,4918195:8"
子304-0311,子304-0311 本草綱目萬方類編,"4918196:1,4918197:2,4918198:3,4918199:4,4918200:5,4918201:6,4918202:7,4918203:8,4918204:9,4918205:10,4918206:11,4918207:12,4918208:13,4918209:14,4918210:15,4918211:16,4918212:17,4918213:18,4918214:19,4918215:20,4918216:21,4918217:22,4918218:23,4918219:24,4918220:25,4918221:26,4918222:27,4918223:28,4918224:29,4918225:30,4918226:31,4918227:32,4918228:33,4918229:34,4918230:35,4918231:36"
子304-0312,子304-0312 本草彙言,"4918232:1,4918233:2,4918234:3,4918235:4,4918236:5,4918237:6,4918238:7,4918239:8,4918240:9,4918241:10,4918242:11,4918243:12,4918244:13,4918245:14,4918246:15,4918247:16"
子304-0313,子304-0313 本草集要,"4918248:1,4918249:2,4918250:3,4918251:4,4918252:5,4918253:6,4918254:7,4918255:8"
子304-0314,子304-0314 重證本草單方,"4775156:1,4775157:2,4775158:3,4775159:4,4775160:5"
子304-0315,子304-0315 本草單方,"4775161:1,4775162:2,4775163:3,4775164:4,4775165:5,4775166:6,4775167:7,4775168:8"
子304-0316,子304-0316 本草單方,"4775169:1,4775170:2,4775171:3,4775172:4,4775173:5,4775174:6"
子304-0317,子304-0317 本草權度,"4775175:1,4775176:2,4775177:3"
子304-0318,子304-0318 增訂本草備要,"4918256:1,4918257:2"
子304-0319,子304-0319 本草備要,1076457:1
子304-0321,子304-0321 本草類方,"4918258:1,4918259:2,4918260:3,4918261:4,4918262:5,4918263:6,4918264:7,4918265:8,4918266:9,4918267:10"
子304-0322,子304-0322 本草類方,"4918268:1,4918269:2,4918270:3,4918271:4,4918272:5,4918273:6,4918274:7,4918275:8,4918276:9,4918277:10"
子304-0323,子304-0323 本草原始附雷公炮製,"4775178:1,4775179:2,4775180:3"
子304-0324,子304-0324 新鐫鄭先生痘經會成保嬰慈錄,"4918278:1,4918279:2,4918280:3,4918281:4"
子304-0325,子304-0325 紹興校定經史證類備急本草,"5418817:1,5418818:2,5418819:3,5418820:4,5418821:5,5418822:6,5418823:7"
子305-0003,子305-0003 本草類方,"4265182:1,4265183:2,4440471:3,4440472:4,4440474:5,4440475:6,4265185:7,4265187:8,4265189:9,4265191:10"
子305-0004,子305-0004 夕菴讀本草快編,1078407:1
子305-0005,子305-0005 本草求真,"4259746:1,4440477:2,4259750:3,4259751:4,4259752:5,4259754:6,4440480:7,4441318:8,4259755:9,4259758:10,4259760:11"
子305-0007,子305-0007 孫真人備急千金要方,"4770996:1,4770997:2,4770998:3,4770999:4,4771000:5,4771001:6,4771002:7,4771003:8,4771004:9,4771005:10,4771006:11,4771007:12,4771008:13,4771009:14,4771010:15,4771011:16,4771012:17,4771013:18,4771014:19,4771015:20,4771016:21"
子305-0009,子305-0009 本草從新,"4918406:1,4918407:2,4918408:3,4918409:4,4918410:5,4918411:6"
子305-0011,子305-0011 紹興校定經史證類備急本草畫,"4918415:1,4918416:2,4918417:3,4918418:4,4918419:5,4918420:6,4918421:7,4918422:8,4918423:9,4918424:10"
子305-0018,子305-0018 孫真人千金方衍義,"4918441:1,4918442:2,4918443:3,4918444:4,4918445:5,4918446:6,4918447:7,4918448:8,4918449:9,4918450:10,4918451:11,4918452:12,4918453:13,4918454:14,4918455:15,4918456:16,4918457:17,4918458:18,4918459:19,4918460:20,4918461:21,4918462:22,4918463:23,4918464:24,4918465:25,4918466:26,4918467:27,4918468:28,4918469:29,4918470:30,4918471:31,4918472:32,4918473:33,4918474:34,4918475:35,4918476:36,4918477:37,4918478:38,4918479:39,4918480:40,4918481:41,4918482:42,4918483:43,4918484:44,4918485:45,4918486:46,4918487:47,4918488:48,4918489:49,4918490:50,4918491:51,4918492:52,4918493:53,4918494:54,4918495:55,4918496:56,4918497:57,4918498:58,4918499:59,4918500:60,4918501:61,4918502:62,4918503:63,4918504:64"
子305-0019,子305-0019 重刊孫真人備急千金要方,"4771101:1,4771102:2,4771103:3,4771104:4,4771105:5,4771106:6,4771107:7,4771108:8,4771109:9,4771110:10"
子305-0020,子305-0020 重刊孫真人備急千金要方,"4771153:1,4771155:2,4771157:3,4771158:4,4771159:5,4771160:6,4771161:7,4771162:8,4771163:9,4771165:10,4771168:11,4771169:12,4771171:13,4771173:14,4771175:15,4771176:16,4771178:17,4771180:18,4771181:19,4771182:20,4771183:21,4771184:22,4771185:23,4771186:24,4771188:25,4771190:26,4771192:27,4771194:28,4771196:29,4771197:30"
子305-0021,子305-0021 千金翼方,"4918505:1,4918506:2,4918507:3,4918508:4,4918509:5,4918510:6,4918511:7,4918512:8,4918513:9,4918514:10,4918515:11,4918516:12"
子305-0022,子305-0022 千金翼方,"4918517:1,4918518:2,4918519:3,4918520:4,4918521:5,4918522:6,4918523:7,4918524:8,4918525:9,4918526:10,4918527:11,4918528:12,4918529:13,4918530:14,4918531:15,4918532:16"
子305-0023,子305-0023 千金翼方,"4918533:1,4918534:2,4918535:3,4918536:4,4918537:5,4918538:6,4918539:7,4918540:8,4918541:9,4918542:10,4918543:11,4918544:12,4918545:13,4918546:14,4918547:15,4918548:16"
子305-0025,子305-0025 續易簡方論後集,"4918549:1,4918550:2"
子305-0026,子305-0026 易簡方論,"4918551:1,4918552:2,4918553:3,4918554:4,4918555:5,4918556:6,4918557:7,4918558:8,4918559:9,4918560:10,4918561:11,4918562:12"
子305-0027,子305-0027 續易簡方論,"4918563:1,4918564:2,4918565:3,4918566:4,4918567:5"
子305-0028,子305-0028 續易簡方論,"4918568:1,4918569:2,4918570:3,4918571:4,4918572:5"
子305-0031,子305-0031 續易簡方論,"4771984:1,4771985:2,4771986:3"
子305-0032,子305-0032 易簡方論,"4918573:1,4918574:2"
子305-0035,子305-0035 活人事證方,"4918585:1,4918586:2,4918587:3,4918588:4,4918589:5,4918590:6,4918591:7,4918592:8,4918593:9,4918594:10,4918595:11,4918596:12,4918597:13"
子305-0036,子305-0036 增廣太平惠民和劑局方,"4918598:1,4918599:2,4918600:3,4918601:4,4918602:5,4918603:6,4918604:7,4918605:8,4918606:9,4918607:10,4918608:11,4918609:12"
子305-0037,子305-0037 重刻太平惠民和劑局方,"4772052:1,4772053:2,4772054:3,4772055:4"
子305-0038,子305-0038 太平惠民和劑局方,"4918610:1,4918611:2,4918612:3,4918613:4,4918614:5"
子305-0039,子305-0039 惠民和劑局方,"4918615:1,4918616:2,4918617:3,4918618:4,4918619:5"
子305-0040,子305-0040 重刻太平惠民和劑局方,"4918620:1,4918621:2,4918622:3"
子305-0041,子305-0041 千金翼方,"4918623:1,4918624:2,4918625:3,4918626:4,4918627:5,4918628:6,4918629:7,4918630:8,4918631:9,4918632:10,4918633:11,4918634:12,4918635:13,4918636:14,4918637:15,4918638:16"
子305-0045,子305-0045 黎居士簡易方論,1083901:1
子305-0046,子305-0046 黎居士簡易方論,"4918642:1,4918643:2,4918644:3,4918645:4,4918646:5,4918647:6,4918648:7"
子305-0052,子305-0052 蘇沈內翰良方,"4918716:1,4918717:2,4918718:3"
子305-0053,子305-0053 千金寶要,"4918719:1,4918720:2"
子305-0055,子305-0055 新刊仁齋直指方論,"4918721:1,4918722:2,4918723:3,4918724:4,4918725:5,4918726:6,4918727:7,4918728:8"
子305-0056,子305-0056 備全古今十便良方,"4918729:1,4918730:2,4918731:3,4918732:4,4918733:5,4918734:6,4918735:7,4918736:8"
子305-0057,子305-0057 新刊仁齋直指附遺方論,"4772072:1,4772073:2,4772074:3,4772075:4,4772076:5,4772077:6,4772078:7"
子305-0058,子305-0058 新刊仁齋直指附遺方論,"4772079:1,4772080:2,4772081:3,4772082:4,4772083:5,4772084:6,4772085:7,4772086:8,4772087:9,4772088:10,4772089:11"
子305-0060,子305-0060 新刊太醫院校正京本珍珠囊藥性賦,1076741:1
子305-0061,子305-0061 鼎刻京板太醫院校正分類青囊藥性賦,1078448:1
子305-0062,子305-0062 新刻東垣李先生精著珍珠囊藥性賦,1084095:1
子305-0063,子305-0063 珍珠囊指掌補遺藥性賦,1076742:1
子305-0064,子305-0064 嚴氏濟生方,"4918737:1,4918738:2,4918739:3,4918740:4,4918741:5"
子305-0068,子305-0068 瑞竹堂經驗方,"4918742:1,4918743:2,4918744:3"
子305-0070,子305-0070 葉氏錄驗方,"4918748:1,4918749:2,4918750:3"
子305-0071,子305-0071 瑞竹堂經驗方,"3671891:1,3671926:2,3671927:3"
子305-0072,子305-0072 瑞竹堂經驗方,"4772090:1,4772091:2,4772092:3,4772093:4"
子305-0073,子305-0073 瑞竹堂經驗方,1078233:1
子305-0074,子305-0074 普濟本事方,"4918751:1,4918752:2,4918753:3,4918754:4,4918755:5"
子305-0075,子305-0075 葉氏錄驗方,"4260747:1,4260749:2"
子305-0077,子305-0077 瑞竹堂經驗方,"4918761:1,4918762:2,4918763:3"
子305-0078,子305-0078 瑞竹堂經驗方,1076840:1
子305-0079,子305-0079 芝田餘居士證論選奇方後集,"4918764:1,4918765:2"
子305-0080,子305-0080 黃帝素問宣明論方,"4771988:1,4771989:2,4771990:3,4771991:4,4771992:5"
子305-0081,子305-0081 普濟本事方,"4918766:1,4918767:2,4918768:3,4918769:4,4918770:5,4918771:6"
子305-0082,子305-0082 奇效良方,"4771993:1,4771994:2,4771995:3,4771996:4,4771997:5,4771998:6,4771999:7,4772000:8,4772001:9,4772002:10,4772003:11,4772004:12,4772005:13,4772006:14,4772007:15,4772008:16,4772009:17,4772010:18,4772011:19,4772012:20,4772013:21,4772014:22,4772015:23,4772016:24,4772017:25"
子305-0083,子305-0083 簡易普濟良方,"4772018:1,4772019:2,4772020:3,4772021:4"
子305-0084,子305-0084 太醫院經驗奇效良方大全,"4772022:1,4772023:2,4772024:3,4772025:4,4772026:5,4772027:6,4772028:7,4772029:8,4772030:9,4772031:10,4772032:11,4772033:12,4772034:13,4772035:14,4772036:15,4772037:16,4772038:17,4772039:18"
子305-0085,子305-0085 類集試驗良方,1084018:1
子305-0086,子305-0086 類集試驗良方,1076845:1
子305-0087,子305-0087 十藥神書,1076847:1
子305-0088,子305-0088 十藥神書,1076956:1
子305-0089,子305-0089 類集試驗良方,1084020:1
子305-0091,子305-0091 增補藥性雷公炮製,"4772040:1,4772041:2,4772042:3,4772043:4"
子305-0093,子305-0093 新刻藥鑑,1076957:1
子305-0094,子305-0094 增補藥性雷公炮製,"4772044:1,4772045:2,4772046:3,4772047:4"
子305-0095,子305-0095 試效神聖保命方,"4918777:1,4918778:2,4918779:3,4918780:4,4918781:5"
子305-0096,子305-0096 濟世經驗全方,"4918782:1,4918783:2,4918784:3,4918785:4,4918786:5,4918787:6"
子305-0097,子305-0097 新刻恠證奇方,1076961:1
子305-0098,子305-0098 新刻恠證奇方,1076962:1
子305-0099,子305-0099 經驗濟世良方,"4772048:1,4772049:2,4772050:3,4772051:4"
子305-0100,子305-0100 袖珍方,"4772094:1,4772095:2,4772096:3,4772097:4"
子305-0101,子305-0101 袖珍方,"4772098:1,4772099:2,4772100:3,4772101:4,4772102:5,4772103:6,4772104:7,4772105:8"
子305-0102,子305-0102 續刻簡易驗方,"4918788:1,4918789:2,4918790:3,4918791:4"
子305-0103,子305-0103 新刊明醫選要濟世奇方,"4772106:1,4772107:2,4772108:3,4772109:4,4772110:5,4772111:6,4772112:7,4772113:8"
子305-0104,子305-0104 千金寶要,"4918792:1,4918793:2"
子305-0106,子305-0106 增補藥性雷公炮製,1076967:1
子305-0107,子305-0107 經驗濟世良方,"4918794:1,4918795:2,4918796:3,4918797:4,4918798:5,4918799:6,4918800:7,4918801:8,4918802:9,4918803:10,4918804:11"
子305-0108,子305-0108 濟世經驗全方,1077080:1
子305-0109,子305-0109 經驗濟世良方,"4772121:1,4772122:2,4772123:3,4772124:4,4772125:5,4772126:6"
子305-0110,子305-0110 急救良方,"4772127:1,4772128:2,4772129:3,4772130:4"
子305-0119,子305-0119 濟世經驗全方,"4772134:1,4772135:2,4772136:3,4772137:4,4772138:5"
子305-0121,子305-0121 經驗奇效單方,"4918812:1,4918813:2"
子305-0122,子305-0122 萬氏家抄濟世良方,"4772139:1,4772140:2,4772141:3,4772142:4,4772143:5,4772144:6,4772145:7,4772146:8,4772147:9,4772148:10,4772149:11,4772150:12"
子305-0123,子305-0123 新鍥王氏家傳濟世碎金方,"4918814:1,4918815:2,4918816:3,4918817:4"
子305-0124,子305-0124 重刻萬氏家傳濟世良方,"4772151:1,4772152:2"
子305-0125,子305-0125 槐陰精選單方,"4918818:1,4918819:2"
子305-0127,子305-0127 重刻增補簡便驗方,"4918828:1,4918829:2,4918830:3,4918831:4,4918832:5,4918833:6,4918834:7,4918835:8"
子305-0128,子305-0128 師古齋彙聚簡便單方,"4918836:1,4918837:2,4918838:3,4918839:4,4918840:5,4918841:6"
子305-0129,子305-0129 王肖乾先生行笈驗方,"4918842:1,4918843:2,4918844:3,4918845:4"
子305-0130,子305-0130 醫學集要經驗良方,"4772153:1,4772154:2,4772155:3,4772156:4"
子305-0132,子305-0132 醫學入門良方考,"4772157:1,4772158:2,4772159:3,4772160:4,4772161:5,4772162:6"
子305-0135,子305-0135 新集救急療貧易簡奇方,1080052:1
子305-0136,子305-0136 吳氏家抄濟世良方,"4918849:1,4918850:2,4918851:3"
子305-0138,子305-0138 新編商便應急奇方,"4772163:1,4772164:2"
子305-0147,子305-0147 吳氏家抄濟世良方,"4772171:1,4772172:2,4772173:3"
子305-0149,子305-0149 新刊校正李東垣官板藥性大全,1078413:1
子305-0151,子305-0151 宦邱便方,"4772174:1,4772175:2"
子305-0152,子305-0152 備急良方,1078285:1
子305-0153,子305-0153 仁文書院集驗方,"4918865:1,4918866:2,4918867:3,4918868:4,4918869:5,4918870:6,4918871:7"
子305-0154,子305-0154 集驗良方,"4772176:1,4772177:2,4772178:3"
子305-0158,子305-0158 師古齋彙聚簡便單方,"4918878:1,4918879:2,4918880:3,4918881:4,4918882:5,4918883:6"
子305-0160,子305-0160 新刻經驗良方壽世仙丹,"4772181:1,4772182:2,4772183:3,4772184:4,4772185:5,4772186:6"
子305-0161,子305-0161 菉竹堂集驗方,"4772187:1,4772188:2,4772189:3,4772190:4,4772191:5,4772192:6"
子305-0163,子305-0163 景嶽新方砭,"4918888:1,4918889:2,4918890:3,4918891:4"
子305-0166,子305-0166 易簡良方,1075520:1
子305-0167,子305-0167 普濟應驗良方,1075519:1
子305-0168,子305-0168 回生集,"4918896:1,4918897:2,4918898:3,4918899:4"
子305-0169,子305-0169 惠直堂經驗方,"4918900:1,4918901:2,4918902:3,4918903:4"
子305-0170,子305-0170 溥仁堂校正神驗單方全集,1084045:1
子305-0175,子305-0175 要藥分劑,"4918962:1,4918963:2,4918964:3"
子305-0177,子305-0177 新鐫窮鄉便方,"4918969:1,4918970:2"
子305-0179,子305-0179 新編救急奇方,"4918979:1,4918980:2"
子305-0181,子305-0181 景嶽新方詩括注解,"4918983:1,4918984:2,4918985:3,4918986:4"
子305-0183,子305-0183 種福堂公選良方,"4918989:1,4918990:2"
子305-0187,子305-0187 救急奇方,1084037:1
子305-0189,子305-0189 臨證經驗方,1075530:1
子305-0190,子305-0190 奇方類編,"4919001:1,4919002:2,4919003:3,4919004:4"
子305-0191,子305-0191 經驗單方,"4919005:1,4919006:2"
子305-0195,子305-0195 急救危症簡便驗方,"4919015:1,4919016:2,4919017:3,4919018:4,4919019:5,4919020:6,4919021:7,4919022:8,4919023:9,4919024:10,4919025:11,4919026:12"
子305-0196,子305-0196 武彝山應衜人祕傳諸病藥方,1075646:1
子305-0200,子305-0200 醫方治驗,1075648:1
子305-0205,子305-0205 經驗單方彙編,"4919032:1,4919033:2,4919034:3,4919035:4"
子306-0309,子306-0309 飲膳正要,"4920018:1,4920019:2,4920020:3"
子309-0178,子309-0178 醉翁滑稽樽俎笑苑千金,1076171:1
